Date,Adj Close,Close,High,Low,Open,Volume,Company
2015-01-01,,189.99981689453125,190.8771706719807,189.0903658533578,189.65744608147511,2963643.0,RELIANCE.NS
2015-01-02,,189.49693298339844,191.74381271840838,189.22945580333513,190.04260071522322,7331366.0,RELIANCE.NS
2015-01-05,,187.42124938964844,190.64177456827719,187.04676706013433,189.3792394487279,10103941.0,RELIANCE.NS
2015-01-06,,178.9152374267578,186.81139240746566,178.03788369901343,186.16943288485805,18627980.0,RELIANCE.NS
2015-01-07,,182.80982971191406,183.77277619196656,179.1078453068099,179.12924348261123,20720312.0,RELIANCE.NS
2015-01-08,,180.18849182128906,184.65014028561507,179.78191217385094,184.05096276070768,19872227.0,RELIANCE.NS
2015-01-09,,184.09375,184.457533275433,180.81974337459295,181.54729564096232,13392787.0,RELIANCE.NS
2015-01-12,,181.95388793945312,184.2435643466936,180.09220364975974,184.13657345955565,10100113.0,RELIANCE.NS
2015-01-13,,180.4238739013672,182.94893023933918,179.85680791974818,182.53165149846924,9948711.0,RELIANCE.NS
2015-01-14,,178.6691436767578,181.24769492622863,177.86668362633776,180.3917394437132,11380041.0,RELIANCE.NS
2015-01-15,,184.93899536132812,186.4048131781008,179.74979516459382,179.74979516459382,16927085.0,RELIANCE.NS
2015-01-16,,186.10525512695312,187.23938705211427,182.32836269317522,184.02956058091692,19136963.0,RELIANCE.NS
2015-01-19,,188.2344207763672,189.59323348253545,183.76207355968455,186.21223606415992,13339962.0,RELIANCE.NS
2015-01-20,,193.24172973632812,193.77669838636558,188.06321434843136,188.63029454489703,13361320.0,RELIANCE.NS
2015-01-21,,194.03346252441406,195.0285061417366,190.88784537432815,193.6589944954715,17084297.0,RELIANCE.NS
2015-01-22,,189.1117706298828,194.12978549981565,188.20231962566118,193.69110862891478,23721627.0,RELIANCE.NS
2015-01-23,,189.7858123779297,192.11827040016072,187.66733608819882,190.44917003317502,18080494.0,RELIANCE.NS
2015-01-27,,190.2458953857422,191.88289856167683,188.41629435796523,191.06973937499922,17939876.0,RELIANCE.NS
2015-01-28,,194.0548858642578,194.68616062104832,189.6146358133495,189.6146358133495,19298126.0,RELIANCE.NS
2015-01-29,,198.8803253173828,199.97166089874776,194.0655927119526,194.10838906537893,36117653.0,RELIANCE.NS
2015-01-30,,195.85238647460938,199.2761945456081,194.51495765255618,199.00870306739893,21746801.0,RELIANCE.NS
2015-02-02,,194.31166076660156,196.8474157999274,193.80878939472262,196.0235575345849,19302710.0,RELIANCE.NS
2015-02-03,,200.6350555419922,201.33051064799102,195.41374270647452,195.41374270647452,17092333.0,RELIANCE.NS
2015-02-04,,198.75192260742188,201.96173460093706,198.13136124086165,200.9559917954961,14072894.0,RELIANCE.NS
2015-02-05,,197.6605987548828,201.12718905570785,196.35526713457438,200.2926458875079,12365643.0,RELIANCE.NS
2015-02-06,,194.7075653076172,199.00871307477848,193.23104827058498,197.7461920879739,9045844.0,RELIANCE.NS
2015-02-09,,191.88290405273438,196.4408438375023,190.87716126992885,192.84585048601593,8839692.0,RELIANCE.NS
2015-02-10,,188.7373046875,193.5520230294048,184.30775352810963,192.1611129679973,13651008.0,RELIANCE.NS
2015-02-11,,192.73886108398438,193.60551573745482,188.95126984622166,189.5932293784795,9781008.0,RELIANCE.NS
2015-02-12,,194.54705810546875,195.57419911515908,189.86072903431875,194.30097908321838,8709626.0,RELIANCE.NS
2015-02-13,,196.33384704589844,197.04000107625566,194.52564419502826,195.58488238281177,7393680.0,RELIANCE.NS
2015-02-16,,193.188232421875,197.76757030685985,192.58905496930115,196.59062786062142,12266698.0,RELIANCE.NS
2015-02-18,,192.94215393066406,194.30098096364335,191.39074331319028,192.58906974126074,9835036.0,RELIANCE.NS
2015-02-19,,193.02772521972656,194.21536671250524,189.92490432901656,194.07626429908387,9550637.0,RELIANCE.NS
2015-02-20,,186.83279418945312,191.73311911328037,186.44761275465314,191.57261851615772,18717199.0,RELIANCE.NS
2015-02-23,,182.19996643066406,187.61386200854957,181.2691172193531,186.15874320844807,14104463.0,RELIANCE.NS
2015-02-24,,180.06008911132812,183.3448092834425,179.10785594710333,182.7991414835957,19946218.0,RELIANCE.NS
2015-02-25,,180.4238739013672,183.28061627120965,179.97449789462246,181.63291376947726,15274116.0,RELIANCE.NS
2015-02-26,,180.17779541015625,181.8896924488369,179.0222509816617,181.05513496456265,21459750.0,RELIANCE.NS
2015-02-27,,183.0773162841797,184.2435597785605,180.73415877596406,181.36541927892418,18659378.0,RELIANCE.NS
2015-03-02,,184.93899536132812,187.34636143153838,183.0772970290994,185.9554372260285,14579511.0,RELIANCE.NS
2015-03-03,,192.76026916503906,193.9692946794488,185.61307838971265,185.95544920611377,20636925.0,RELIANCE.NS
2015-03-04,,189.9891357421875,194.6540813554282,188.3200350174809,193.8730192954161,14476047.0,RELIANCE.NS
2015-03-05,,189.3685760498047,192.32161032544846,187.91345709001652,190.98418134484587,10716702.0,RELIANCE.NS
2015-03-09,,186.09454345703125,190.8236833587265,184.91761516803783,189.40066175287248,14065391.0,RELIANCE.NS
2015-03-10,,183.84767150878906,187.4105678041594,183.0452113398197,185.94474989471314,15234060.0,RELIANCE.NS
2015-03-11,,183.16290283203125,186.08382507493755,182.40323906798355,184.23284012645408,11635873.0,RELIANCE.NS
2015-03-12,,184.8427276611328,185.61309061777965,183.0880199734915,183.60160480092114,11782380.0,RELIANCE.NS
2015-03-13,,181.91107177734375,186.08383019735746,181.24771406482,185.95544114677145,12936157.0,RELIANCE.NS
2015-03-16,,180.1991729736328,182.73492811785326,179.8139915415307,182.21065854911555,13839990.0,RELIANCE.NS
2015-03-17,,183.35548400878906,184.00814260727708,179.96377340198245,182.00735617885903,19070082.0,RELIANCE.NS
2015-03-18,,185.8805389404297,186.65090177732299,182.8954079453352,183.38758023432382,9269885.0,RELIANCE.NS
2015-03-19,,183.20570373535156,187.6031429821561,182.76702686252392,187.35706396918957,13934612.0,RELIANCE.NS
2015-03-20,,182.76702880859375,184.27564301850518,181.59008631534266,183.5801737532895,10405717.0,RELIANCE.NS
2015-03-23,,180.1670684814453,184.88549441073982,179.34321021313397,183.28058850662916,13251683.0,RELIANCE.NS
2015-03-24,,181.45101928710938,182.80984642823537,180.19919731927118,180.19919731927118,9238431.0,RELIANCE.NS
2015-03-25,,180.79833984375,181.78268447671076,179.9637824379149,181.67569360019246,10264941.0,RELIANCE.NS
2015-03-26,,177.46014404296875,181.72920904653154,176.3474102356759,179.98520042928607,20621346.0,RELIANCE.NS
2015-03-27,,173.69393920898438,178.6798567145218,171.50055489934067,178.4444625104279,23326922.0,RELIANCE.NS
2015-03-30,,173.4906463623047,174.97786237927156,170.43062162831464,174.74248245411664,17330588.0,RELIANCE.NS
2015-03-31,,176.7539825439453,178.23049959453544,175.042071264393,175.042071264393,20235395.0,RELIANCE.NS
2015-04-01,,178.904541015625,179.53580146037353,173.99351702564954,176.51857308913966,14588531.0,RELIANCE.NS
2015-04-06,,176.46507263183594,179.32181460987394,175.7696176820999,178.89383683907658,12334096.0,RELIANCE.NS
2015-04-07,,178.2198028564453,178.91525789512409,176.76468396343517,176.76468396343517,21275454.0,RELIANCE.NS
2015-04-08,,185.2920684814453,186.0624170072914,178.2304712861308,178.358860326356,24821205.0,RELIANCE.NS
2015-04-09,,191.54049682617188,192.37505411439008,183.77274601823515,185.20646641501003,27276420.0,RELIANCE.NS
2015-04-10,,193.5198974609375,194.47214475854375,190.25659026826017,191.50841199734114,25323219.0,RELIANCE.NS
2015-04-13,,197.40379333496094,197.88526655907532,192.32158390514024,194.04417985370733,20177342.0,RELIANCE.NS
2015-04-15,,197.64988708496094,201.06298172725784,194.1297872824526,197.0828068746773,22231264.0,RELIANCE.NS
2015-04-16,,198.65560913085938,200.7205899544087,196.65482282603247,197.83175090493256,20177302.0,RELIANCE.NS
2015-04-17,,198.33462524414062,202.06870646427583,197.42517431286709,200.08931830250222,23958678.0,RELIANCE.NS
2015-04-20,,189.51832580566406,200.6028940933549,187.98831352542373,200.57079683265377,37628162.0,RELIANCE.NS
2015-04-21,,187.54966735839844,191.62614869475382,186.6937259818531,190.4813033556473,17707007.0,RELIANCE.NS
2015-04-22,,188.25579833984375,189.75371330652916,185.5274455695446,188.71587334482172,14761313.0,RELIANCE.NS
2015-04-23,,187.67803955078125,190.32078543125138,185.96612851288523,189.13315821919477,13337818.0,RELIANCE.NS
2015-04-24,,188.07391357421875,189.261555120083,185.88054353589987,187.66734825610772,12709854.0,RELIANCE.NS
2015-04-27,,187.30355834960938,189.91420698512152,186.47970008634118,188.3200001777737,11042925.0,RELIANCE.NS
2015-04-28,,185.1422882080078,188.73728146053793,183.71926677201776,187.17517189242346,14687371.0,RELIANCE.NS
2015-04-29,,181.88966369628906,186.28711699983307,181.33329688955413,184.4575159906408,16387960.0,RELIANCE.NS
2015-04-30,,184.5324249267578,185.29208873344288,181.45100191759124,181.88967880413526,34802149.0,RELIANCE.NS
2015-05-04,,190.6524658203125,191.2837262118975,184.1365364063222,185.35626084324878,15078502.0,RELIANCE.NS
2015-05-05,,190.90928649902344,192.97426780404567,189.40067210381306,191.24097254092007,17846755.0,RELIANCE.NS
2015-05-06,,188.36282348632812,191.89362267292785,186.59741675077962,190.44920287597833,22438208.0,RELIANCE.NS
2015-05-07,,186.32992553710938,187.977627891172,184.0295502664244,187.23937655771732,16735535.0,RELIANCE.NS
2015-05-08,,192.78369140625,193.6612652260249,186.58653415905832,188.73170175009093,17104443.0,RELIANCE.NS
2015-05-11,,194.13796997070312,194.89635656004143,191.41857742185712,193.4662400168806,14214007.0,RELIANCE.NS
2015-05-12,,188.23329162597656,193.9104066958463,187.46407129660088,193.9104066958463,16650201.0,RELIANCE.NS
2015-05-13,,191.78695678710938,192.55619177945695,185.74147358837973,189.24092073376286,16701434.0,RELIANCE.NS
2015-05-14,,190.29180908203125,192.02528880195328,188.580011599853,191.9819387909339,12329713.0,RELIANCE.NS
2015-05-15,,189.3708953857422,192.1877926328846,188.53667166955964,191.09354117897246,8331715.0,RELIANCE.NS
2015-05-18,,193.18453979492188,193.71541469418312,188.99171003295376,189.57675436433678,9847540.0,RELIANCE.NS
2015-05-19,,194.05126953125,196.04476238737783,192.1119461044227,193.1195264183467,14513036.0,RELIANCE.NS
2015-05-20,,196.9331817626953,197.3990533812929,194.51715257126492,195.10221141468998,8708891.0,RELIANCE.NS
2015-05-21,,194.31130981445312,198.3524655180063,193.7370993195459,197.45322393762726,10759523.0,RELIANCE.NS
2015-05-22,,195.84976196289062,196.22896247890162,194.36547602487633,194.36547602487633,8349048.0,RELIANCE.NS
2015-05-25,,193.82374572753906,196.7489817307363,193.35787416564614,195.01550211500432,6617337.0,RELIANCE.NS
2015-05-26,,191.6785888671875,194.14878732879998,191.26688671284074,193.9320951328168,9510249.0,RELIANCE.NS
2015-05-27,,191.83026123046875,193.04369990739778,190.72517588260808,191.9819356409094,8078236.0,RELIANCE.NS
2015-05-28,,189.7717742919922,193.76959430839705,188.94836995153776,191.9494434355898,26538868.0,RELIANCE.NS
2015-05-29,,190.0318145751953,192.07947720989407,189.18674240502867,190.6601945267315,29277517.0,RELIANCE.NS
2015-06-01,,195.50306701660156,196.07729197792483,190.24848698121735,190.6818569418261,19594976.0,RELIANCE.NS
2015-06-02,,194.72300720214844,199.08917941915018,193.16288406635942,196.2614625637377,20178960.0,RELIANCE.NS
2015-06-03,,194.22463989257812,197.2798829353339,192.52367617228163,194.7988503909652,15546279.0,RELIANCE.NS
2015-06-04,,197.7674102783203,198.52579681682707,193.40122372899853,195.9255916692109,15931395.0,RELIANCE.NS
2015-06-05,,196.69483947753906,198.68833263238542,195.97977397468765,197.16071110380008,13066337.0,RELIANCE.NS
2015-06-08,,191.86276245117188,197.18235980003936,191.353555324246,196.4889621392459,10846953.0,RELIANCE.NS
2015-06-09,,191.4835968017578,192.98953610544442,190.10764968465915,191.45108067452406,9153355.0,RELIANCE.NS
2015-06-10,,196.2722930908203,197.16070074673922,191.7652659542079,191.98194369249617,13509379.0,RELIANCE.NS
2015-06-11,,190.06431579589844,197.0740436292606,189.30591472916151,196.31564256252366,14676438.0,RELIANCE.NS
2015-06-12,,192.81619262695312,193.43373867985483,190.30265840081162,190.4651811780263,21543824.0,RELIANCE.NS
2015-06-15,,195.3947296142578,196.09896122972717,192.84869373291542,193.91044363539274,12858570.0,RELIANCE.NS
2015-06-16,,195.87144470214844,196.09897081492593,193.5421009211202,194.7988608597588,13929305.0,RELIANCE.NS
2015-06-17,,201.77609252929688,204.19212194220015,193.71544820373387,196.10980984004027,26232634.0,RELIANCE.NS
2015-06-18,,212.1227264404297,212.78360803283346,202.0577558092228,202.068589696566,49366799.0,RELIANCE.NS
2015-06-19,,215.95802307128906,218.07068881234696,212.8919463822164,212.8919463822164,45710935.0,RELIANCE.NS
2015-06-22,,214.88543701171875,218.569059659903,213.75866942631936,216.02302401911172,19394187.0,RELIANCE.NS
2015-06-23,,215.60049438476562,217.26895634278375,214.73375451317278,215.09128724148678,16007498.0,RELIANCE.NS
2015-06-24,,214.71209716796875,218.0815373724735,213.7911878177322,215.60050485627713,18603004.0,RELIANCE.NS
2015-06-25,,217.66983032226562,218.63407520017532,213.43366476327824,213.8670347104311,27175118.0,RELIANCE.NS
2015-06-26,,216.8355712890625,219.73912487317702,215.68713605331652,216.66221465971358,20966796.0,RELIANCE.NS
2015-06-29,,214.70127868652344,215.35134090067027,210.6167871620475,214.06206482493346,20168946.0,RELIANCE.NS
2015-06-30,,216.70558166503906,217.30145990780647,214.08370871818144,214.4954108840201,23184864.0,RELIANCE.NS
2015-07-01,,217.90818786621094,218.94826994196328,216.9006074512966,216.9006074512966,14824266.0,RELIANCE.NS
2015-07-02,,219.03494262695312,220.9634323752079,218.22237217117024,218.63407434257397,15931202.0,RELIANCE.NS
2015-07-03,,218.24403381347656,219.67415025395047,217.34479228676173,218.79657650067608,13831096.0,RELIANCE.NS
2015-07-06,,220.05335998535156,220.7792448905271,215.64383772501822,215.83886215863217,12237733.0,RELIANCE.NS
2015-07-07,,217.3881378173828,220.28085783439928,216.68390626614732,219.06743361780875,11294999.0,RELIANCE.NS
2015-07-08,,215.94720458984375,218.56907765168825,214.8746208129287,215.78468181507515,15190654.0,RELIANCE.NS
2015-07-09,,213.9536895751953,216.90059342069063,213.0327803154196,215.81716140276953,16245867.0,RELIANCE.NS
2015-07-10,,217.07394409179688,217.5506495696996,214.5712439489247,214.7554200222971,16110573.0,RELIANCE.NS
2015-07-13,,218.20074462890625,219.39251581475745,215.63304060829847,217.0739912416593,9860248.0,RELIANCE.NS
2015-07-14,,216.2072296142578,219.17580169690413,215.64385297685726,218.61242505950358,9942927.0,RELIANCE.NS
2015-07-15,,219.09996032714844,219.8041774944296,216.58642605014992,216.62976160109218,13532911.0,RELIANCE.NS
2015-07-16,,221.8193359375,222.70774365060794,219.09995782458657,219.28413391398746,14854295.0,RELIANCE.NS
2015-07-17,,221.38595581054688,223.4336183331038,220.5842336995889,222.15519072462945,10195142.0,RELIANCE.NS
2015-07-20,,222.04684448242188,223.17359763388652,220.5625586035714,222.7077260389499,6348354.0,RELIANCE.NS
2015-07-21,,218.3740234375,222.84854848449172,217.27977203508985,222.75104351160772,7923338.0,RELIANCE.NS
2015-07-22,,227.60479736328125,228.37401782070467,217.68066737606725,217.76733847386492,17309440.0,RELIANCE.NS
2015-07-23,,226.49972534179688,231.3859389495307,225.61131760785625,228.2765263452083,18642915.0,RELIANCE.NS
2015-07-24,,222.1118621826172,227.44227945589282,221.25595614461758,227.08476116982928,13099664.0,RELIANCE.NS
2015-07-27,,217.84317016601562,223.1627677677505,217.06311584112788,222.07935014378677,20118553.0,RELIANCE.NS
2015-07-28,,218.9049530029297,220.30255346670745,216.70560144358734,218.48241691164836,13382878.0,RELIANCE.NS
2015-07-29,,215.8171844482422,219.43581855628037,214.97212676641306,218.74242083361082,14790821.0,RELIANCE.NS
2015-07-30,,216.71641540527344,218.4173935018678,215.0154517731475,216.7055815184026,11701228.0,RELIANCE.NS
2015-07-31,,217.08480834960938,218.39575221336585,214.51710452749003,216.68394002230616,16634259.0,RELIANCE.NS
2015-08-03,,217.21478271484375,219.68498117606046,216.5539011693605,216.90060000419717,9887787.0,RELIANCE.NS
2015-08-04,,214.0836944580078,217.90817198699736,212.35022927956302,217.4206326454867,12006872.0,RELIANCE.NS
2015-08-05,,214.02955627441406,216.8572877609032,213.2386535405859,214.1378951517961,14345010.0,RELIANCE.NS
2015-08-06,,212.1227264404297,214.95045782381723,211.8085437074771,214.73376561248432,8708037.0,RELIANCE.NS
2015-08-07,,213.29286193847656,215.38386036996056,211.73272406712908,212.13359242394833,8608888.0,RELIANCE.NS
2015-08-10,,209.945068359375,214.25707146637154,208.99165729367922,213.32534264098098,9288894.0,RELIANCE.NS
2015-08-11,,209.31668090820312,210.97430909372304,207.58320104550285,210.40009859015612,8762464.0,RELIANCE.NS
2015-08-12,,204.31126403808594,209.31666432515416,203.80205690004166,208.79662330043806,9650325.0,RELIANCE.NS
2015-08-13,,202.24192810058594,206.70561946323085,201.38602214880487,205.199665865074,9340350.0,RELIANCE.NS
2015-08-14,,209.5225067138672,210.61675818904376,202.44777626383885,203.73705216221944,12739366.0,RELIANCE.NS
2015-08-17,,206.00140380859375,209.31667454329204,204.9938233699903,209.31667454329204,10857430.0,RELIANCE.NS
2015-08-18,,204.57127380371094,207.14981110964905,204.15958611725407,207.14981110964905,6630334.0,RELIANCE.NS
2015-08-19,,206.84645080566406,208.23321712778886,203.56368213145095,204.5495946758566,8877298.0,RELIANCE.NS
2015-08-20,,198.54745483398438,208.00571234605115,197.9949121712965,208.00571234605115,19008087.0,RELIANCE.NS
2015-08-21,,196.73814392089844,197.59404982570712,194.36545061480956,197.18234770195863,20050521.0,RELIANCE.NS
2015-08-24,,179.75013732910156,190.6818473899387,177.24743714191817,190.6818473899387,35635706.0,RELIANCE.NS
2015-08-25,,183.7804718017578,186.48903049306983,178.37421723569062,182.19868081612418,49504268.0,RELIANCE.NS
2015-08-26,,184.9180450439453,189.5550784137296,182.01447682067646,183.70460642336403,18955515.0,RELIANCE.NS
2015-08-27,,188.33084106445312,190.95271427782035,185.7089678510859,187.82163386495085,26997546.0,RELIANCE.NS
2015-08-28,,189.03504943847656,191.3318912652094,187.66993632773065,189.5984260085142,10770215.0,RELIANCE.NS
2015-08-31,,185.4597625732422,189.13255133754114,185.00472487707225,189.13255133754114,20708942.0,RELIANCE.NS
2015-09-01,,181.98199462890625,185.02640369526745,180.95274642396473,185.02640369526745,21645696.0,RELIANCE.NS
2015-09-02,,184.08383178710938,185.71979218121754,182.5778780420635,184.18133677390608,19652369.0,RELIANCE.NS
2015-09-03,,185.0155487060547,186.51066835091865,182.96788641683526,185.05888424957536,11659978.0,RELIANCE.NS
2015-09-04,,181.12608337402344,184.11632291823486,178.78589150241112,184.11632291823486,16199949.0,RELIANCE.NS
2015-09-07,,180.54103088378906,182.88122264990997,179.34927446033484,181.63528233041902,10234633.0,RELIANCE.NS
2015-09-08,,183.87799072265625,184.8205679457781,178.78591851168696,181.14777851371102,12900468.0,RELIANCE.NS
2015-09-09,,189.392578125,190.4001585674475,184.2896725893102,186.5648612324831,17340694.0,RELIANCE.NS
2015-09-10,,187.86495971679688,188.62336076513685,185.37309328784568,186.56486429745576,11074406.0,RELIANCE.NS
2015-09-11,,186.55404663085938,189.8368015913761,185.52479830752594,188.94839381674902,10634833.0,RELIANCE.NS
2015-09-14,,187.18240356445312,187.58327184894227,184.59303224251795,186.72736584482607,7964072.0,RELIANCE.NS
2015-09-15,,187.86495971679688,188.51502189093662,185.39476106268572,186.7815420458562,11509788.0,RELIANCE.NS
2015-09-16,,189.0675506591797,190.10763270367417,187.47492593257678,188.9700456795961,13424811.0,RELIANCE.NS
2015-09-18,,194.01878356933594,194.90717674620063,190.06429919475207,190.34598024990214,34261453.0,RELIANCE.NS
2015-09-21,,190.2701416015625,192.45864456364038,189.8259377842606,190.68184375890095,12732187.0,RELIANCE.NS
2015-09-22,,183.72628784179688,191.74359547691992,182.98956907753552,190.6818456453404,15745524.0,RELIANCE.NS
2015-09-23,,184.25717163085938,185.65478648382367,182.01449910532168,182.66454680679405,15221260.0,RELIANCE.NS
2015-09-24,,181.44027709960938,183.7479528023893,180.87690053215917,183.7479528023893,29076982.0,RELIANCE.NS
2015-09-28,,180.76858520507812,182.2095358186591,179.56599461118395,181.97119026344342,11624639.0,RELIANCE.NS
2015-09-29,,182.17698669433594,184.23548290192915,179.0025712945367,179.8476433354633,15853471.0,RELIANCE.NS
2015-09-30,,186.84654235839844,187.3882511851364,181.68946738490803,184.39802598306673,17292020.0,RELIANCE.NS
2015-10-01,,187.3665771484375,189.37090407971954,186.0448140197395,189.37090407971954,8663393.0,RELIANCE.NS
2015-10-05,,192.4153289794922,192.84869895510033,186.74904656219013,186.95490489445058,16015412.0,RELIANCE.NS
2015-10-06,,194.593017578125,195.12389255692386,191.92779433161317,194.07297648737367,12330294.0,RELIANCE.NS
2015-10-07,,198.00576782226562,198.926677182794,193.0653849737483,193.8671071080723,11515191.0,RELIANCE.NS
2015-10-08,,192.6536865234375,198.24413165514807,192.0361404634542,198.24413165514807,10753149.0,RELIANCE.NS
2015-10-09,,192.2744598388672,196.19644234705987,191.00686622839362,193.7262439786472,9327873.0,RELIANCE.NS
2015-10-12,,193.22787475585938,195.3622082328696,192.41530434755612,192.41530434755612,6212395.0,RELIANCE.NS
2015-10-13,,193.62875366210938,194.21379802388637,191.31022952450718,191.77610112942506,6162561.0,RELIANCE.NS
2015-10-14,,195.6547393798828,196.09894319037795,193.70458195408665,194.10545021862794,8002587.0,RELIANCE.NS
2015-10-15,,195.81727600097656,197.3990670504932,195.0372215965088,196.68401597435857,9048478.0,RELIANCE.NS
2015-10-16,,198.22244262695312,198.22244262695312,195.81724750627296,195.99058968993714,15246935.0,RELIANCE.NS
2015-10-19,,208.77496337890625,209.20831886207756,203.89956954854145,203.89956954854145,33505855.0,RELIANCE.NS
2015-10-20,,207.30149841308594,209.46833355166953,206.49976189028675,209.09996694948063,18091895.0,RELIANCE.NS
2015-10-21,,206.93316650390625,211.2235019547477,206.4997965106401,207.04150538610523,14404450.0,RELIANCE.NS
2015-10-23,,207.07398986816406,210.8442983715975,203.93207575828222,208.8724730213134,12153422.0,RELIANCE.NS
2015-10-26,,204.30044555664062,208.66661793036457,203.96458058001983,208.42827240561186,10938775.0,RELIANCE.NS
2015-10-27,,203.5853729248047,205.4705271397162,203.1195013146315,203.4228646181636,11601798.0,RELIANCE.NS
2015-10-28,,203.02197265625,204.7446183636427,201.49435135855356,203.01113877040393,11958727.0,RELIANCE.NS
2015-10-29,,203.89956665039062,204.76630653335124,202.58862293902442,202.81614902892414,13280382.0,RELIANCE.NS
2015-10-30,,205.3513641357422,207.1281650994893,203.7045698234833,204.13792532844397,13366359.0,RELIANCE.NS
2015-11-02,,207.97323608398438,208.3416027255819,204.80965412889088,205.63304404811734,7222044.0,RELIANCE.NS
2015-11-03,,209.57669067382812,210.28092228034726,208.28742915054943,208.7207991089145,11373522.0,RELIANCE.NS
2015-11-04,,206.13140869140625,211.26683028976163,205.0263232774512,209.75004270123327,10033187.0,RELIANCE.NS
2015-11-05,,202.94615173339844,206.066397894139,202.16609742544742,205.6330279610692,10767454.0,RELIANCE.NS
2015-11-06,,206.36976623535156,206.8789733878841,203.22785222431574,203.56370272069833,8367190.0,RELIANCE.NS
2015-11-09,,208.28741455078125,209.09997050934973,200.09675039429194,202.2744339208214,17031699.0,RELIANCE.NS
2015-11-10,,199.945068359375,207.9082061294623,198.5474536494006,207.366497356246,11486238.0,RELIANCE.NS
2015-11-13,,202.17694091796875,203.36869744218205,198.1574530399701,198.27662579949765,13682323.0,RELIANCE.NS
2015-11-16,,202.44776916503906,204.11623103579066,200.37843903980746,200.64930065968883,15346549.0,RELIANCE.NS
2015-11-17,,201.0285186767578,203.4445480099674,200.6926681505844,203.26037191496908,8588142.0,RELIANCE.NS
2015-11-18,,197.61573791503906,201.79773396818385,197.17153408830822,200.99599740979772,11249222.0,RELIANCE.NS
2015-11-19,,202.54525756835938,203.40116343837028,198.75329645155873,199.1108291319185,12183206.0,RELIANCE.NS
2015-11-20,,205.1671600341797,206.45643596971328,200.55179403088277,202.38277877631685,11304265.0,RELIANCE.NS
2015-11-23,,206.6623077392578,207.56154940309162,205.02634720164372,205.8497516468721,10499517.0,RELIANCE.NS
2015-11-24,,209.68502807617188,210.53010021227826,206.07724236351615,206.49977843156933,14806176.0,RELIANCE.NS
2015-11-26,,214.2245635986328,214.93962910943114,209.8042217404734,210.40010002315907,23805828.0,RELIANCE.NS
2015-11-27,,212.14439392089844,215.0587963989896,211.07181014647182,214.30039535707985,10891864.0,RELIANCE.NS
2015-11-30,,209.5550079345703,213.30364840482852,208.51492589455523,212.02520639572313,29919205.0,RELIANCE.NS
2015-12-01,,209.29502868652344,212.09024419936844,208.2874481424049,208.88332646531376,12981379.0,RELIANCE.NS
2015-12-02,,211.90603637695312,212.28523687639364,208.9916340642138,209.37083456365434,7573628.0,RELIANCE.NS
2015-12-03,,211.7435302734375,214.28956617379202,211.07181477987675,211.2451569809326,11361395.0,RELIANCE.NS
2015-12-04,,209.19749450683594,211.52685265735997,208.3199351489603,210.68178049773368,13443688.0,RELIANCE.NS
2015-12-07,,206.29393005371094,210.83345890118747,205.7955567856769,209.1974841011743,14483909.0,RELIANCE.NS
2015-12-08,,203.87791442871094,206.62979423999667,202.83783227560627,205.61137986239547,7532164.0,RELIANCE.NS
2015-12-09,,198.46080017089844,204.43044555665102,197.7999185911125,202.85948852847437,9174419.0,RELIANCE.NS
2015-12-10,,205.925537109375,206.67308968364208,199.349180482194,199.89088922912475,18592203.0,RELIANCE.NS
2015-12-11,,206.4889373779297,207.79988108567747,204.31126825408217,206.2289240924403,18155513.0,RELIANCE.NS
2015-12-14,,206.9547882080078,208.7749388816291,204.98296313307375,205.32966194339852,10563900.0,RELIANCE.NS
2015-12-15,,211.46182250976562,211.9060263083811,206.64059850665564,207.36649781090557,15718833.0,RELIANCE.NS
2015-12-16,,212.05770874023438,213.98619841445978,210.94178949059952,211.4618305122864,12097338.0,RELIANCE.NS
2015-12-17,,218.78575134277344,219.9341867743403,211.9168788500212,212.36108268774072,19369032.0,RELIANCE.NS
2015-12-18,,214.92880249023438,218.63409342736946,214.5171002828927,217.5073401495175,16016139.0,RELIANCE.NS
2015-12-21,,214.97210693359375,216.46722665054799,213.29281114779627,214.06203154684457,12331769.0,RELIANCE.NS
2015-12-22,,213.93202209472656,217.24727807708345,213.21695667263322,215.1237785122586,11579277.0,RELIANCE.NS
2015-12-23,,217.50730895996094,218.1790243822691,214.51706952212285,214.90710389759477,12919467.0,RELIANCE.NS
2015-12-24,,216.80311584472656,218.24406638698642,215.88222087159352,217.52901529226028,11901877.0,RELIANCE.NS
2015-12-28,,218.93743896484375,219.66332386434127,216.6839181277839,216.81392477286366,12885935.0,RELIANCE.NS
2015-12-29,,220.02085876464844,220.73590978408188,218.23320951936154,218.93744111606742,14913870.0,RELIANCE.NS
2015-12-30,,217.65899658203125,220.15086293148974,217.1172877638419,219.9341851900015,8151610.0,RELIANCE.NS
2015-12-31,,219.84750366210938,220.95260355737904,216.4889118206147,217.42065505504476,18483713.0,RELIANCE.NS
2016-01-01,,220.01004028320312,220.7792607924818,218.46075091222082,218.80743532678252,5416562.0,RELIANCE.NS
2016-01-04,,215.66551208496094,219.6741661777694,213.8020255761289,217.76734411891513,30170947.0,RELIANCE.NS
2016-01-05,,217.79983520507812,218.85075117102275,216.03386823402062,216.74891923913347,14946239.0,RELIANCE.NS
2016-01-06,,223.66114807128906,225.00459348881043,216.77059325149128,218.33071641483755,26759864.0,RELIANCE.NS
2016-01-07,,219.5549774169922,222.7510607850581,218.42822426957886,221.2451071381122,19739943.0,RELIANCE.NS
2016-01-08,,222.2635498046875,223.81283919636493,220.3025582007487,221.01762374427375,21313199.0,RELIANCE.NS
2016-01-11,,227.8647918701172,229.8582848129841,219.06743027298785,220.1400139487418,29016443.0,RELIANCE.NS
2016-01-12,,226.53219604492188,230.85503242835276,225.58961900047527,228.60152620236326,23373377.0,RELIANCE.NS
2016-01-13,,233.33607482910156,236.13130442423247,226.9113918866168,228.18983392878874,71802356.0,RELIANCE.NS
2016-01-14,,230.04246520996094,234.23530947936928,228.1789933324697,230.51917068198614,27823189.0,RELIANCE.NS
2016-01-15,,232.5668487548828,236.07712947998945,230.89838672268309,231.79762829460677,28767318.0,RELIANCE.NS
2016-01-18,,220.3350372314453,234.87453303742072,218.43906361533644,232.93520940889573,27254669.0,RELIANCE.NS
2016-01-19,,226.13134765625,227.47477861500693,219.73916608917565,222.9677657669591,21489315.0,RELIANCE.NS
2016-01-20,,217.66983032226562,224.24618781009107,214.51708239892608,224.24618781009107,45114225.0,RELIANCE.NS
2016-01-21,,213.26028442382812,222.26350393724823,211.63515815082172,220.48670326214534,31768619.0,RELIANCE.NS
2016-01-22,,217.5831756591797,219.06746169288306,215.39467244845827,215.39467244845827,23682648.0,RELIANCE.NS
2016-01-25,,217.53981018066406,220.74672734037276,216.68390422652828,218.85073936338725,13099564.0,RELIANCE.NS
2016-01-27,,216.54307556152344,218.8507513478874,216.0230345216206,218.43906364233527,17251028.0,RELIANCE.NS
2016-01-28,,220.34588623046875,221.40765062140753,216.0555509736724,216.90062314554362,23074633.0,RELIANCE.NS
2016-01-29,,224.3545379638672,225.35128455310596,220.5842438236206,220.79008768824772,19177163.0,RELIANCE.NS
2016-02-01,,223.24945068359375,225.741317136433,222.2202024398864,225.34044883358007,9918809.0,RELIANCE.NS
2016-02-02,,216.93312072753906,223.7911595696479,214.62543036213773,223.24945072887465,14771279.0,RELIANCE.NS
2016-02-03,,212.6536102294922,215.38383674034773,211.26684366294648,214.08372681168277,15691478.0,RELIANCE.NS
2016-02-04,,210.84429931640625,216.90061592956934,209.25167447968684,214.08371842669246,18203784.0,RELIANCE.NS
2016-02-05,,210.37840270996094,212.7835832782142,208.3199064963576,212.15520342094385,20998404.0,RELIANCE.NS
2016-02-08,,208.24412536621094,213.39036728591174,207.57239531926993,210.42179491309096,12078110.0,RELIANCE.NS
2016-02-09,,207.47483825683594,209.9233688787795,205.84971192121705,206.4780917900082,19603494.0,RELIANCE.NS
2016-02-10,,208.5907440185547,210.83343065649655,205.55716926861277,206.2180652180878,16883350.0,RELIANCE.NS
2016-02-11,,200.33511352539062,209.3058321222605,198.37412216414094,208.6341022142668,17114833.0,RELIANCE.NS
2016-02-12,,196.43479919433594,202.3611088437634,192.4369792519477,202.3611088437634,29319458.0,RELIANCE.NS
2016-02-15,,205.1455078125,206.14225441259546,198.91584879413813,198.91584879413813,19283523.0,RELIANCE.NS
2016-02-16,,201.63522338867188,207.583186330241,200.86598849962294,206.08806656366005,13024856.0,RELIANCE.NS
2016-02-17,,206.41310119628906,207.46401715930583,198.5691356135171,202.62112504829437,15442221.0,RELIANCE.NS
2016-02-18,,203.70458984375,209.90174774738315,202.81618204232822,208.65580715476074,14433087.0,RELIANCE.NS
2016-02-19,,204.62545776367188,206.44560868036544,203.10867015458356,203.68289510802944,10235503.0,RELIANCE.NS
2016-02-22,,208.5149383544922,209.81504821443392,204.57128769025144,204.57128769025144,12770834.0,RELIANCE.NS
2016-02-23,,205.7738800048828,209.57667543865958,204.2787602662221,208.68826781181738,18989787.0,RELIANCE.NS
2016-02-24,,206.42396545410156,207.70239323114637,204.116274872036,204.74466933648586,15186204.0,RELIANCE.NS
2016-02-25,,204.57127380371094,207.2689983254598,203.867056717672,206.75979119616358,24826958.0,RELIANCE.NS
2016-02-26,,205.925537109375,207.74568775632116,204.61459355241178,206.49974751325362,8349402.0,RELIANCE.NS
2016-02-29,,209.45750427246094,215.51382047887952,202.5994515256083,206.1313998221323,31032353.0,RELIANCE.NS
2016-03-01,,212.63192749023438,213.44449794652522,209.0241418575042,209.0349757445356,16453192.0,RELIANCE.NS
2016-03-02,,217.00894165039062,217.92985094991764,213.92119715042463,215.1454552779109,20105967.0,RELIANCE.NS
2016-03-03,,219.46829223632812,220.5842114253982,216.142187976692,218.85073180421173,15880459.0,RELIANCE.NS
2016-03-04,,218.07069396972656,219.93418036350587,217.44231406873183,219.71748816230425,8987660.0,RELIANCE.NS
2016-03-08,,222.53440856933594,223.37946629456678,218.3090620853021,218.3090620853021,13222993.0,RELIANCE.NS
2016-03-09,,225.71963500976562,226.196340494976,220.71423464729082,221.0175979431405,11854901.0,RELIANCE.NS
2016-03-10,,219.22994995117188,226.62971166682465,218.6340717075315,225.79547344704704,20706353.0,RELIANCE.NS
2016-03-11,,219.82582092285156,223.08692202135626,218.98076330860337,219.9125064796047,15319044.0,RELIANCE.NS
2016-03-14,,220.9634246826172,222.40436053566276,219.48997270516114,220.82256969173233,11880095.0,RELIANCE.NS
2016-03-15,,221.12594604492188,222.71857086958101,219.95585728894147,221.88433261951093,10487788.0,RELIANCE.NS
2016-03-16,,221.39678955078125,222.2743633354288,217.8648555669135,221.2342812441683,11064129.0,RELIANCE.NS
2016-03-17,,222.6295623779297,227.2092463615364,221.7530637763548,225.03992621859783,16832997.0,RELIANCE.NS
2016-03-18,,225.08375549316406,225.73016628052346,222.56383291911578,223.1225967695215,14030979.0,RELIANCE.NS
2016-03-21,,227.2969207763672,228.21724295655497,224.1086753775206,225.24811492093056,12708074.0,RELIANCE.NS
2016-03-22,,229.60867309570312,230.5728040834198,226.93535360520687,227.23117666128962,15333442.0,RELIANCE.NS
2016-03-23,,225.5220184326172,229.40049801845998,224.0319765323896,229.40049801845998,16806372.0,RELIANCE.NS
2016-03-28,,223.59371948242188,226.069818652217,222.5528828244483,225.6973045331758,18070240.0,RELIANCE.NS
2016-03-29,,227.0668487548828,228.3268028547785,223.54991266513605,224.33874980426646,15871250.0,RELIANCE.NS
2016-03-30,,229.433349609375,230.46323036358757,228.4801599242787,228.4801599242787,14453294.0,RELIANCE.NS
2016-03-31,,229.02796936035156,231.39450978763205,226.28892945213528,228.1076618977725,30833349.0,RELIANCE.NS
2016-04-01,,226.67239379882812,229.26900737044363,224.6016764616243,227.6913186672086,12381116.0,RELIANCE.NS
2016-04-04,,226.80386352539062,228.3705963571471,224.66741099366138,227.88852359142777,8632568.0,RELIANCE.NS
2016-04-05,,225.0289764404297,228.41442714847713,223.98813980814438,225.99312200278408,10259495.0,RELIANCE.NS
2016-04-06,,226.51901245117188,227.16542322278877,224.07578100645992,226.15745421771726,6990781.0,RELIANCE.NS
2016-04-07,,227.28594970703125,229.64153434076175,223.96623411227816,226.77100931057169,8789163.0,RELIANCE.NS
2016-04-08,,227.0887451171875,231.05487153542248,225.96026151232513,226.99012768256125,13411752.0,RELIANCE.NS
2016-04-11,,227.95428466796875,229.093738824583,226.35468405429123,227.23118275097076,10308361.0,RELIANCE.NS
2016-04-12,,229.5100555419922,231.7122580915777,227.4612497678992,227.9542784429017,11164859.0,RELIANCE.NS
2016-04-13,,233.59671020507812,234.44034127096924,230.63855279527326,230.63855279527326,16038542.0,RELIANCE.NS
2016-04-18,,233.31182861328125,233.76103375952601,231.26302310305445,233.54190180589876,19065716.0,RELIANCE.NS
2016-04-20,,227.2969207763672,234.28696944573713,226.9682301042066,234.28696944573713,21687934.0,RELIANCE.NS
2016-04-21,,228.14053344726562,230.51801515545162,226.7929178903452,228.1953127836454,11380697.0,RELIANCE.NS
2016-04-22,,227.65846252441406,229.53195972592485,225.54392161353195,227.66941839177974,11705087.0,RELIANCE.NS
2016-04-25,,222.82676696777344,228.86362509516744,221.8187979687433,228.86362509516744,61157544.0,RELIANCE.NS
2016-04-26,,222.83773803710938,224.36064750633798,220.76702056384593,222.49810614355022,26429236.0,RELIANCE.NS
2016-04-27,,223.37460327148438,224.80986588459822,222.62958960814967,223.045927226187,14502641.0,RELIANCE.NS
2016-04-28,,218.40049743652344,223.33076953535365,217.14052877213814,222.191330042699,61949033.0,RELIANCE.NS
2016-04-29,,215.332763671875,218.80587606630152,214.4891326183518,217.68833369750698,23479680.0,RELIANCE.NS
2016-05-02,,216.26405334472656,217.45827222331218,214.30289444382424,214.52201180601347,10620873.0,RELIANCE.NS
2016-05-03,,213.82081604003906,218.0170304350802,213.15249347547459,216.49412092562375,17571826.0,RELIANCE.NS
2016-05-04,,214.32479858398438,215.5518850234082,213.20727082177217,213.43734404391662,13546285.0,RELIANCE.NS
2016-05-05,,213.7003173828125,215.49712372145245,212.74712755663782,214.74115415809237,21665684.0,RELIANCE.NS
2016-05-06,,212.31980895996094,214.03992401484658,211.89251550624383,213.20726346942527,14748329.0,RELIANCE.NS
2016-05-09,,215.42041015625,216.05586509826418,213.16344294305327,213.64551574014283,15347096.0,RELIANCE.NS
2016-05-10,,215.29991149902344,215.77102846337823,214.30289822879905,215.420426050356,7248302.0,RELIANCE.NS
2016-05-11,,213.73316955566406,214.90547666995272,212.54989194620143,212.9443178160223,12339923.0,RELIANCE.NS
2016-05-12,,217.54592895507812,217.85270790327152,213.6564932099524,213.86465471339685,12786216.0,RELIANCE.NS
2016-05-13,,214.3357696533203,217.05289817751307,213.64553531060585,216.70229575824285,14648291.0,RELIANCE.NS
2016-05-16,,213.8536834716797,215.28894603739437,212.79093503899387,214.08375669578973,9327335.0,RELIANCE.NS
2016-05-17,,212.36361694335938,215.4203914732071,211.75007378954598,214.79589245284927,12157600.0,RELIANCE.NS
2016-05-18,,212.67044067382812,213.09771955914943,211.2570897096268,211.65151561571318,8228838.0,RELIANCE.NS
2016-05-19,,208.43035888671875,212.9662196095892,207.20327249048017,212.9223961402468,9134784.0,RELIANCE.NS
2016-05-20,,204.70526123046875,209.1534750065956,204.08076216614526,208.60566701348233,18544619.0,RELIANCE.NS
2016-05-23,,203.78494262695312,206.12957140948686,202.83175289943375,205.39549903205173,18365734.0,RELIANCE.NS
2016-05-24,,206.07479858398438,206.85267982869118,203.35765559311855,203.35765559311855,12283217.0,RELIANCE.NS
2016-05-25,,208.43035888671875,208.78096126878384,206.22817104296016,208.1345504686578,9240115.0,RELIANCE.NS
2016-05-26,,207.47718811035156,208.69333337757857,206.8746007245696,208.16743707014535,14190024.0,RELIANCE.NS
2016-05-27,,213.5797882080078,214.06186105543125,207.89353148400124,207.95926669583244,13401594.0,RELIANCE.NS
2016-05-30,,212.2650146484375,215.06978962709746,211.45425126757416,213.95226198226166,9633652.0,RELIANCE.NS
2016-05-31,,209.88754272460938,213.20727307042165,209.59173429301813,212.33077438883083,23332727.0,RELIANCE.NS
2016-06-01,,208.95623779296875,211.69529216335349,208.56182660164214,209.90942742665803,9042808.0,RELIANCE.NS
2016-06-02,,209.53692626953125,209.73414650468828,207.09370939654212,209.15347092097073,10253825.0,RELIANCE.NS
2016-06-03,,210.281982421875,210.99412850541785,209.4493071568756,210.35867350177506,8643295.0,RELIANCE.NS
2016-06-06,,209.21922302246094,211.0160292542523,208.72619433573473,210.57777990745933,8672842.0,RELIANCE.NS
2016-06-07,,209.2740020751953,210.5668237504996,208.51801793049998,209.75607489327328,18954268.0,RELIANCE.NS
2016-06-08,,209.06582641601562,209.92039868721676,207.9811516783498,209.92039868721676,12135516.0,RELIANCE.NS
2016-06-09,,212.80186462402344,213.9632157236057,209.52595816072244,210.358633266456,15643495.0,RELIANCE.NS
2016-06-10,,214.01800537109375,215.70526739680625,212.17737583485157,213.42637392632568,16316760.0,RELIANCE.NS
2016-06-13,,214.98214721679688,215.49708758376502,211.02696228306516,212.527959916766,10214469.0,RELIANCE.NS
2016-06-14,,213.91940307617188,215.92438524934602,212.39649367901382,214.94928383029816,10923848.0,RELIANCE.NS
2016-06-15,,215.74911499023438,216.16543798239593,213.37161845099064,214.74114585982002,11129082.0,RELIANCE.NS
2016-06-16,,213.93038940429688,215.5409459669043,211.90349520848605,214.9602703050658,9372207.0,RELIANCE.NS
2016-06-17,,213.6235809326172,214.44530021688112,212.5717884400618,214.08374197652589,10534878.0,RELIANCE.NS
2016-06-20,,216.97616577148438,217.50206198656056,212.11162943886092,213.02098097833903,10758608.0,RELIANCE.NS
2016-06-21,,216.2969207763672,217.84174206054942,214.67540841547998,217.8307861924487,13933068.0,RELIANCE.NS
2016-06-22,,214.85067749023438,216.03394036310115,214.1056492907808,215.8367347600652,12788710.0,RELIANCE.NS
2016-06-23,,214.83975219726562,215.17938411749392,212.5499025661851,214.730193513321,9837526.0,RELIANCE.NS
2016-06-24,,208.4851531982422,211.4323694871628,204.52998241472275,211.4323694871628,24985097.0,RELIANCE.NS
2016-06-27,,209.4054412841797,210.00802856014474,206.08572601954,206.08572601954,9163399.0,RELIANCE.NS
2016-06-28,,209.8765869140625,210.69830625669405,209.26304368771218,209.5698226145508,7604977.0,RELIANCE.NS
2016-06-29,,211.87062072753906,212.31982595189274,210.3586670311757,210.79691638730924,7523987.0,RELIANCE.NS
2016-06-30,,212.36361694335938,214.1933051655803,211.90345592116802,212.9881159637172,12758283.0,RELIANCE.NS
2016-07-01,,213.3058624267578,214.03992015284405,212.54987833905426,213.15248028671834,6610193.0,RELIANCE.NS
2016-07-04,,216.20925903320312,217.7212127118872,213.75508607127585,213.75508607127585,7803505.0,RELIANCE.NS
2016-07-05,,217.61163330078125,219.75904175156415,214.8068581997706,216.07776803203262,11359882.0,RELIANCE.NS
2016-07-07,,216.47218322753906,219.23313472457954,216.08871327237853,217.48015220107092,12029091.0,RELIANCE.NS
2016-07-08,,214.39053344726562,216.71323590974276,213.94132824408993,216.27500120159743,7140617.0,RELIANCE.NS
2016-07-11,,217.48016357421875,218.01701568858815,215.94629830068814,217.15147293441723,8266601.0,RELIANCE.NS
2016-07-12,,219.8686065673828,220.2191942994057,217.15146388025397,218.08274179809024,9767494.0,RELIANCE.NS
2016-07-13,,221.04090881347656,222.78293545160463,220.03293985086378,220.2630130450727,14915296.0,RELIANCE.NS
2016-07-14,,220.1973114013672,222.2132496337903,218.74013706735187,220.89851621188743,10758372.0,RELIANCE.NS
2016-07-15,,221.7969207763672,223.72521214043303,219.89055577661495,221.0957305654922,13992989.0,RELIANCE.NS
2016-07-18,,220.49313354492188,227.6146525370056,219.5070761689517,225.25906777722636,32106850.0,RELIANCE.NS
2016-07-19,,223.02398681640625,224.15247034816332,218.0937004975423,220.43832912252606,16649300.0,RELIANCE.NS
2016-07-20,,224.16343688964844,225.32478807701338,222.7500861272933,223.49511435764805,12265316.0,RELIANCE.NS
2016-07-21,,220.51504516601562,224.60170095195642,220.2192221024479,224.38256896445108,6711097.0,RELIANCE.NS
2016-07-22,,222.37759399414062,223.02400481294032,220.24112666535078,220.43834691041494,6899519.0,RELIANCE.NS
2016-07-25,,224.10865783691406,224.3277751829863,220.73414831611845,222.19132254947732,8241568.0,RELIANCE.NS
2016-07-26,,224.3935089111328,226.74909350254921,222.45427652916797,224.16343569927,10516399.0,RELIANCE.NS
2016-07-27,,221.99411010742188,224.82079692140954,221.0847438945503,224.17438614305985,11030767.0,RELIANCE.NS
2016-07-28,,224.89749145507812,225.80685768195997,221.98315766045846,222.39949523892582,15610838.0,RELIANCE.NS
2016-07-29,,222.38853454589844,224.579766434712,221.753065011189,224.38254620323036,9629597.0,RELIANCE.NS
2016-08-01,,221.2052459716797,223.5717862397774,220.23014461193213,223.0678017603795,7978251.0,RELIANCE.NS
2016-08-02,,221.92837524414062,223.50606397170145,220.50406865434485,220.87658275910007,7710138.0,RELIANCE.NS
2016-08-03,,217.79791259765625,222.2789795462148,217.2610604481601,222.2789795462148,11872282.0,RELIANCE.NS
2016-08-04,,217.5897216796875,219.1235869492327,215.4861366960056,218.9044696081516,10187608.0,RELIANCE.NS
2016-08-05,,222.68435668945312,223.2869440333177,218.47718652264803,218.685348006543,12109001.0,RELIANCE.NS
2016-08-08,,225.532958984375,226.5737956075618,223.2102420358569,223.48415333911302,13556347.0,RELIANCE.NS
2016-08-09,,225.8507080078125,226.68338326376582,223.72521102150438,225.03995911606313,13290768.0,RELIANCE.NS
2016-08-10,,219.9233856201172,226.6943013414047,219.5618273946043,225.97119951770418,13471958.0,RELIANCE.NS
2016-08-11,,222.21324157714844,224.13057692751232,219.035952190865,219.55089259836134,14169454.0,RELIANCE.NS
2016-08-12,,226.9682159423828,228.52400763349493,222.84869275222752,222.84869275222752,16365425.0,RELIANCE.NS
2016-08-16,,224.57977294921875,228.94032511953964,222.52001140342725,227.06682794373526,13367575.0,RELIANCE.NS
2016-08-17,,222.03794860839844,225.43435536192445,220.70128886600855,224.404474542693,15486572.0,RELIANCE.NS
2016-08-18,,223.07876586914062,224.30585220026362,222.62956070489236,222.62956070489236,7749690.0,RELIANCE.NS
2016-08-19,,222.38853454589844,223.94431152732818,220.6793608005773,223.06781292087248,8177802.0,RELIANCE.NS
2016-08-22,,221.72019958496094,223.44032921404937,220.7012746988442,221.75306718597597,6684236.0,RELIANCE.NS
2016-08-23,,221.4134521484375,222.41046537637214,220.21921867208744,221.75308405142331,7320433.0,RELIANCE.NS
2016-08-24,,223.61563110351562,223.93336588537835,221.53395778862702,221.68733993219632,8719596.0,RELIANCE.NS
2016-08-25,,221.90646362304688,225.47817865267336,221.09570021122474,223.7690048931188,14960746.0,RELIANCE.NS
2016-08-26,,225.23715209960938,225.87260706066425,222.3228034947576,223.04592002572252,9639663.0,RELIANCE.NS
2016-08-29,,231.71226501464844,232.2162495724351,224.8427309625444,225.09473055510134,16193208.0,RELIANCE.NS
2016-08-30,,233.67340087890625,234.13354729180816,230.7371407659588,232.70925533055558,18170724.0,RELIANCE.NS
2016-08-31,,232.27101135253906,235.33874193954605,229.4223981100357,233.34471559525892,23295502.0,RELIANCE.NS
2016-09-01,,225.5220184326172,235.06484256195037,224.75507843327753,230.73715776975035,42621045.0,RELIANCE.NS
2016-09-02,,222.0489044189453,226.25607463645417,219.62758451940596,225.93833984566922,28124615.0,RELIANCE.NS
2016-09-06,,223.48416137695312,224.60168910959345,222.4104571140378,223.48416137695312,11510431.0,RELIANCE.NS
2016-09-07,,222.99114990234375,225.05091164748129,221.98318076632634,223.94433969698278,12927438.0,RELIANCE.NS
2016-09-08,,226.4423065185547,227.00108498209235,223.54988453592594,224.17438357318355,12206479.0,RELIANCE.NS
2016-09-09,,228.8855438232422,230.05785085989774,225.69729872692147,226.7929146937263,15269894.0,RELIANCE.NS
2016-09-12,,229.31283569335938,231.39450894145656,225.5110474370182,225.78494411317527,33684893.0,RELIANCE.NS
2016-09-14,,228.92938232421875,232.05189242284777,228.08576587313954,229.6415429885336,18604842.0,RELIANCE.NS
2016-09-15,,233.36660766601562,234.50604701607628,229.42237877868652,229.42237877868652,31371009.0,RELIANCE.NS
2016-09-16,,235.67837524414062,239.6883396913364,232.07379251404612,233.80487805536353,39324529.0,RELIANCE.NS
2016-09-19,,237.17938232421875,238.40648339133926,234.68138597373326,235.02101787319174,16678060.0,RELIANCE.NS
2016-09-20,,235.38258361816406,237.69433029082327,234.2540999520163,237.52999226973202,11531268.0,RELIANCE.NS
2016-09-21,,234.9552764892578,237.727184087301,234.24313047856486,235.33874647685846,10943394.0,RELIANCE.NS
2016-09-22,,238.61460876464844,240.11560629771014,236.43433290814937,237.31083144810535,18761415.0,RELIANCE.NS
2016-09-23,,241.6495361328125,243.10671059178043,238.62562852487792,238.62562852487792,31085948.0,RELIANCE.NS
2016-09-26,,242.61366271972656,247.51108204959635,241.09075316690135,241.78098748676916,38213411.0,RELIANCE.NS
2016-09-27,,243.33673095703125,246.7221961335355,242.482158733435,244.76103749945872,19374535.0,RELIANCE.NS
2016-09-28,,238.9871368408203,242.7889249798629,238.03394718255126,242.7670132464464,24820234.0,RELIANCE.NS
2016-09-29,,234.99908447265625,243.39151241310938,233.8925126798489,239.94032663411426,21260295.0,RELIANCE.NS
2016-09-30,,237.46421813964844,239.8417142583871,233.6514596566449,234.0239737373886,11199883.0,RELIANCE.NS
2016-10-03,,238.9981231689453,242.77800005633418,235.83178952274312,238.18735967454805,18125170.0,RELIANCE.NS
2016-10-04,,240.23614501953125,242.85467040972992,239.2829553211116,239.5130431590022,13113580.0,RELIANCE.NS
2016-10-05,,238.7132568359375,242.46028075991802,237.92441970221816,241.91247272537404,10789932.0,RELIANCE.NS
2016-10-06,,243.40249633789062,246.7879471034055,239.28295858002704,239.28295858002704,21111045.0,RELIANCE.NS
2016-10-07,,243.00807189941406,246.0867437705648,242.46026390295623,244.10368789232973,15280380.0,RELIANCE.NS
2016-10-10,,240.23614501953125,245.85668040552162,239.7212046352273,244.10368314905867,11553662.0,RELIANCE.NS
2016-10-13,,231.64649963378906,238.63653269668467,230.51800148929019,238.6255768300582,21938040.0,RELIANCE.NS
2016-10-14,,236.13853454589844,237.09172424781565,232.63255464743412,232.92837768942866,15265659.0,RELIANCE.NS
2016-10-17,,232.4134521484375,236.82879856200555,231.9971145405404,236.65349004812273,9826781.0,RELIANCE.NS
2016-10-18,,236.89451599121094,237.25607423242542,232.72021361225353,233.58574173949458,11073137.0,RELIANCE.NS
2016-10-19,,238.2640380859375,239.87460912101471,236.96026059613635,237.6285831423203,17073242.0,RELIANCE.NS
2016-10-20,,238.30789184570312,240.59772681765529,237.54095181408667,239.71027223537345,10125508.0,RELIANCE.NS
2016-10-21,,233.19131469726562,240.3785678014394,231.9203903193938,240.3785678014394,43608816.0,RELIANCE.NS
2016-10-24,,232.9940948486328,235.33872338661297,232.41341930414973,234.46222482304515,10513017.0,RELIANCE.NS
2016-10-25,,232.457275390625,233.4214210203844,231.00010107808697,233.36664168088976,7658966.0,RELIANCE.NS
2016-10-26,,230.9672393798828,232.15051702520236,230.53994589357248,231.4054887343722,10945927.0,RELIANCE.NS
2016-10-27,,229.79490661621094,230.93434603448048,228.63355546402568,230.32080285751425,12842476.0,RELIANCE.NS
2016-10-28,,231.16444396972656,231.83276651068758,228.7212123947254,230.07978383884708,8127969.0,RELIANCE.NS
2016-11-01,,230.2989044189453,231.38356456504383,229.51005269778642,230.36463962448744,10223897.0,RELIANCE.NS
2016-11-02,,224.3277587890625,228.51303143911701,223.7251715040749,228.1076497511826,7039997.0,RELIANCE.NS
2016-11-03,,224.37159729003906,226.73813774988278,223.63753955782738,224.3496855555649,7311872.0,RELIANCE.NS
2016-11-04,,220.33973693847656,225.01802391976943,219.12359178665108,223.56084968743372,11535892.0,RELIANCE.NS
2016-11-07,,219.37559509277344,222.75009004126457,218.91543403119258,222.19132617234345,9506040.0,RELIANCE.NS
2016-11-08,,219.89051818847656,220.3725909470874,218.75106417800762,220.3725909470874,13432073.0,RELIANCE.NS
2016-11-09,,220.13157653808594,221.0957221835673,203.78495329186768,208.16743216884407,21640144.0,RELIANCE.NS
2016-11-10,,221.40248107910156,225.46722478662258,220.65745286260037,223.19928716318674,9764091.0,RELIANCE.NS
2016-11-11,,219.5070343017578,222.95823445939635,218.04986025176268,218.65244750496083,14775330.0,RELIANCE.NS
2016-11-15,,215.92442321777344,219.1236247128609,214.642542669553,218.35669925957976,14487470.0,RELIANCE.NS
2016-11-16,,216.17637634277344,218.42240228153716,214.89451061080626,218.0279764304218,16550762.0,RELIANCE.NS
2016-11-17,,214.2480926513672,218.7182033902041,213.51402031030526,216.05585458196725,12628378.0,RELIANCE.NS
2016-11-18,,216.38458251953125,217.52402213458518,215.17939306404924,215.83677444970422,18163751.0,RELIANCE.NS
2016-11-21,,217.2610321044922,217.71022262566552,215.44229977775888,216.39548940660586,13232434.0,RELIANCE.NS
2016-11-22,,219.44131469726562,220.8327390232457,217.65544991531314,218.61959543986137,17646355.0,RELIANCE.NS
2016-11-23,,221.095703125,221.42439376632126,219.0249857275257,220.21920449969392,13107911.0,RELIANCE.NS
2016-11-24,,216.35166931152344,220.33972175095985,215.22318580317526,220.33972175095985,18913793.0,RELIANCE.NS
2016-11-25,,217.74310302734375,218.22517580329654,215.69431201370156,216.93235424096343,10454964.0,RELIANCE.NS
2016-11-28,,216.19830322265625,219.25507818511412,215.63953932248594,217.58974235269815,8312777.0,RELIANCE.NS
2016-11-29,,218.61961364746094,220.06583205473066,216.50507268829878,216.71323417299962,9885281.0,RELIANCE.NS
2016-11-30,,216.9433135986328,219.11263381166225,216.1982853750246,219.11263381166225,27596098.0,RELIANCE.NS
2016-12-01,,218.6305694580078,222.4104608030963,218.0279821119677,219.1235981279182,12627845.0,RELIANCE.NS
2016-12-02,,217.97320556640625,220.21921696514627,217.32679474163294,218.22519052473288,12481430.0,RELIANCE.NS
2016-12-05,,217.77598571777344,219.05785141581208,216.16541475395832,218.02797065963586,3987213.0,RELIANCE.NS
2016-12-06,,220.26304626464844,220.55886932914308,217.9403437301729,218.24710803538363,6726369.0,RELIANCE.NS
2016-12-07,,218.93734741210938,220.78893291250873,218.32380420116445,220.00009582053,4930865.0,RELIANCE.NS
2016-12-08,,223.51702880859375,223.90049879572112,220.076784046523,220.23016619044338,8750556.0,RELIANCE.NS
2016-12-09,,225.46722412109375,226.10267903753314,223.5718006115034,223.94431471865443,8239158.0,RELIANCE.NS
2016-12-12,,225.08375549316406,228.26104472169098,223.61562541721193,223.61562541721193,9023848.0,RELIANCE.NS
2016-12-13,,227.84471130371094,228.10766674669884,225.16045067386656,225.25905347973972,10365823.0,RELIANCE.NS
2016-12-14,,232.1614532470703,233.24611335966333,227.49412215181422,227.8447099038759,24139260.0,RELIANCE.NS
2016-12-15,,230.72618103027344,233.93633776374082,229.78394723166943,230.60566649558177,19331986.0,RELIANCE.NS
2016-12-16,,231.64649963378906,232.70924795120402,230.51800148929019,230.51800148929019,14942206.0,RELIANCE.NS
2016-12-19,,232.82977294921875,233.79391851033174,231.03295223241926,231.1753931322906,15009634.0,RELIANCE.NS
2016-12-20,,231.81085205078125,232.49013045119372,230.77001540188377,231.1096619157531,11688169.0,RELIANCE.NS
2016-12-21,,232.983154296875,233.87060878513904,231.65746512534565,232.29292004340624,20367894.0,RELIANCE.NS
2016-12-22,,230.81387329101562,232.85172342347167,230.28797695448918,231.83279835724366,28892834.0,RELIANCE.NS
2016-12-23,,231.6793670654297,234.23215712416223,230.51800132189487,230.51800132189487,10265033.0,RELIANCE.NS
2016-12-26,,229.52101135253906,233.58575529653402,228.90746813270198,231.03296498034834,15321770.0,RELIANCE.NS
2016-12-27,,233.3009033203125,233.82679959968016,229.4224091178969,229.60867349698816,17442849.0,RELIANCE.NS
2016-12-28,,230.0140380859375,234.36364918135376,229.44431834180284,234.0020909222067,9637310.0,RELIANCE.NS
2016-12-29,,233.46522521972656,234.1992975630118,229.97020125719018,230.0797745544613,8772325.0,RELIANCE.NS
2016-12-30,,237.17938232421875,237.7491167005445,232.9503003639605,233.3228144939191,15711974.0,RELIANCE.NS
2017-01-02,,237.77101135253906,238.84471556704645,234.97717751957185,237.52996765259263,7097888.0,RELIANCE.NS
2017-01-03,,238.7132568359375,240.37860730318542,236.8945388419962,238.8118742765638,6434204.0,RELIANCE.NS
2017-01-04,,233.8377685546875,239.50211339949,233.21326943061072,239.48020166276197,10392483.0,RELIANCE.NS
2017-01-05,,236.08377075195312,236.6315787758402,234.18836171787427,234.68139040210534,8734164.0,RELIANCE.NS
2017-01-06,,235.54693603515625,237.749138789007,235.1415542643616,235.38259800402116,7845839.0,RELIANCE.NS
2017-01-09,,236.14947509765625,237.9682074458574,234.68135973208618,235.99609296666463,5228980.0,RELIANCE.NS
2017-01-10,,238.81187438964844,239.80887301858223,236.65349522755614,236.65349522755614,11349916.0,RELIANCE.NS
2017-01-11,,237.9791717529297,240.09371257161257,237.52996658319685,239.94033043518084,11475958.0,RELIANCE.NS
2017-01-12,,237.37660217285156,238.92142340139324,236.6096621787704,238.18735101043043,4371992.0,RELIANCE.NS
2017-01-13,,238.93238830566406,240.48816546075227,237.65050785358756,237.65050785358756,7234429.0,RELIANCE.NS
2017-01-16,,235.83180236816406,239.71028227974986,235.32781778057242,238.8337981563112,12013154.0,RELIANCE.NS
2017-01-17,,228.16246032714844,234.0240106094572,227.55987295964547,233.36664390193826,39234251.0,RELIANCE.NS
2017-01-18,,226.2560577392578,229.6415229986983,225.42338260117535,228.45824549289813,15867619.0,RELIANCE.NS
2017-01-19,,226.50807189941406,229.04990631766094,225.9164257947301,226.82579205961582,15284274.0,RELIANCE.NS
2017-01-20,,224.7769775390625,227.32976772528664,224.36063995944215,226.56284239636582,8784907.0,RELIANCE.NS
2017-01-23,,222.60765075683594,225.91641030709985,221.92837238530092,223.90048692617898,13708502.0,RELIANCE.NS
2017-01-24,,225.1056671142578,225.43434312766897,222.84868535220502,222.84868535220502,9419288.0,RELIANCE.NS
2017-01-25,,222.91444396972656,226.28893893772917,222.66244438885136,226.13555679209082,23856654.0,RELIANCE.NS
2017-01-27,,224.62359619140625,225.4562713535853,223.2869365105033,223.5608478179369,21861796.0,RELIANCE.NS
2017-01-30,,228.94032287597656,229.30188111786623,224.5578590141721,224.59072661549607,15678126.0,RELIANCE.NS
2017-01-31,,229.02796936035156,230.91243700850686,227.95426513123775,229.3895276015269,15125194.0,RELIANCE.NS
2017-02-01,,230.00308227539062,230.2769935935583,226.8367487653081,229.22520104607534,11312284.0,RELIANCE.NS
2017-02-02,,228.6554718017578,230.25507229179027,227.50507649336802,230.079778416935,9099129.0,RELIANCE.NS
2017-02-03,,226.49710083007812,230.17837448559214,225.71920502852015,229.20327308059305,13219481.0,RELIANCE.NS
2017-02-06,,228.25009155273438,228.9622375512274,226.1465065316754,227.23116664395107,9991907.0,RELIANCE.NS
2017-02-07,,225.8944854736328,228.40345197160198,225.08373674700863,228.32676090815474,9905562.0,RELIANCE.NS
2017-02-08,,224.6345672607422,227.5050924264882,223.94433295283355,225.89452132915633,16230826.0,RELIANCE.NS
2017-02-09,,226.29991149902344,226.57382283519578,224.99613391026708,225.2590747507581,9861688.0,RELIANCE.NS
2017-02-10,,225.73019409179688,226.91345714110847,224.7222249379899,226.79294258794903,12518554.0,RELIANCE.NS
2017-02-13,,225.66444396972656,226.57381024722392,223.94432885176462,226.35467826499502,8565757.0,RELIANCE.NS
2017-02-14,,230.0359649658203,230.71525805831266,225.67541234301888,226.79294016959977,18244623.0,RELIANCE.NS
2017-02-15,,230.36465454101562,231.72322609216963,229.03895059476093,230.71525695393578,15236663.0,RELIANCE.NS
2017-02-16,,233.91441345214844,234.34170686131347,230.63852169409094,230.63852169409094,19655195.0,RELIANCE.NS
2017-02-17,,235.6674346923828,236.25908081921085,231.93138131199538,233.69533456982208,14847356.0,RELIANCE.NS
2017-02-20,,235.6455078125,236.40149191079263,233.69531955127553,234.58275942983158,11650581.0,RELIANCE.NS
2017-02-21,,238.4503173828125,239.05290476157148,235.13058692454322,235.60170388480802,14186476.0,RELIANCE.NS
2017-02-22,,264.59173583984375,265.50108742847794,239.28295169497082,239.5020836623709,127323130.0,RELIANCE.NS
2017-02-23,,259.16845703125,267.76906249696856,258.42342871611294,265.92841807352676,62249698.0,RELIANCE.NS
2017-02-27,,271.4722595214844,275.3945481700876,260.8338041381545,260.8666571160054,83422197.0,RELIANCE.NS
2017-02-28,,271.2860107421875,273.4663018144625,269.1933666220987,269.96030670838525,36111716.0,RELIANCE.NS
2017-03-01,,270.5081481933594,272.6774689198807,269.5220906581534,271.73523486381015,24385665.0,RELIANCE.NS
2017-03-02,,271.0011291503906,274.93438810018756,268.8756322779892,271.2530994836367,18063590.0,RELIANCE.NS
2017-03-03,,275.7779846191406,282.18735700396303,272.052902055084,272.052902055084,84305639.0,RELIANCE.NS
2017-03-06,,286.03302001953125,287.49019448164756,277.2461790253962,278.0678838294902,66724743.0,RELIANCE.NS
2017-03-07,,285.9453125,290.77698136192043,284.01702145098284,288.9911312073668,42071555.0,RELIANCE.NS
2017-03-08,,282.9324035644531,286.5479276923552,281.81487579730856,286.5479276923552,43336972.0,RELIANCE.NS
2017-03-09,,281.9573059082031,284.42244945434976,280.8069250897717,282.669481241822,31094457.0,RELIANCE.NS
2017-03-10,,280.8397216796875,283.98415769531164,276.35864072240764,282.72418919033964,24785585.0,RELIANCE.NS
2017-03-14,,282.5599060058594,289.02407348622324,281.62864251529345,288.9692795139985,27765035.0,RELIANCE.NS
2017-03-15,,285.9453125,288.43236737819194,282.75708215282054,282.8994937926333,24107889.0,RELIANCE.NS
2017-03-16,,284.34576416015625,287.13958367402637,283.4582949583472,287.05193672885827,15924023.0,RELIANCE.NS
2017-03-17,,285.0140380859375,289.23214899331543,284.4333625460061,286.6136238168241,22727289.0,RELIANCE.NS
2017-03-20,,280.6535339355469,286.2302317171409,280.1166817695777,286.1754377491358,12869337.0,RELIANCE.NS
2017-03-21,,276.9283752441406,281.33275051358873,275.9423180228829,280.9602510595368,22596181.0,RELIANCE.NS
2017-03-22,,276.0299987792969,277.3885556210907,273.1485324538092,274.34273665370296,20291685.0,RELIANCE.NS
2017-03-23,,279.0101318359375,279.9413953770479,275.6575479823499,276.7860171757905,11807911.0,RELIANCE.NS
2017-03-24,,281.9573059082031,283.1077159812901,277.9473410234483,279.18539804442884,16282523.0,RELIANCE.NS
2017-03-27,,274.1455383300781,280.2043234504644,273.2909513769059,278.5280025205822,32452615.0,RELIANCE.NS
2017-03-28,,272.9732360839844,276.9722301267818,272.1734138717025,275.65749676752216,21707345.0,RELIANCE.NS
2017-03-29,,275.3616638183594,276.0957215443711,270.2560834557331,274.2769890890697,18924345.0,RELIANCE.NS
2017-03-30,,278.4294128417969,279.3278232618648,274.56188909207935,275.0001238069155,27862325.0,RELIANCE.NS
2017-03-31,,289.44036865234375,293.11068679847307,277.4104746149594,277.4104746149594,45390562.0,RELIANCE.NS
2017-04-03,,301.21826171875,302.5001421420652,292.9792150397799,294.06388984135134,44886623.0,RELIANCE.NS
2017-04-05,,310.05987548828125,310.71725677243865,302.4124754291378,305.7212350749376,40323877.0,RELIANCE.NS
2017-04-06,,315.20928955078125,317.4881685029597,307.2551249531842,308.7451521897154,50620850.0,RELIANCE.NS
2017-04-07,,308.2192077636719,314.22319803599214,307.33176796427006,311.4403494809205,31875272.0,RELIANCE.NS
2017-04-10,,302.6864318847656,312.2292422677198,301.7989626305786,308.96430560354895,30768410.0,RELIANCE.NS
2017-04-11,,300.7142639160156,306.8716366186177,300.2212352800401,304.1106704062244,32249647.0,RELIANCE.NS
2017-04-12,,296.693359375,303.8039371010874,296.0688602730623,303.00411485688545,27448279.0,RELIANCE.NS
2017-04-13,,299.05987548828125,300.9443137881553,295.2361464191974,296.69332055125864,12713918.0,RELIANCE.NS
2017-04-17,,304.9871826171875,305.79794605557015,299.10372095088104,299.10372095088104,11837502.0,RELIANCE.NS
2017-04-18,,300.2431945800781,308.96430001861194,299.5419897353691,306.7621265491172,16016414.0,RELIANCE.NS
2017-04-19,,299.9363708496094,302.9493368014956,297.4712275270308,299.98019431958176,11572557.0,RELIANCE.NS
2017-04-20,,300.1007385253906,303.8806153911781,298.9065050268288,302.17147072196843,8393496.0,RELIANCE.NS
2017-04-21,,307.3208312988281,311.3746189168726,302.0728103519453,302.50010377218473,30230907.0,RELIANCE.NS
2017-04-24,,310.5858154296875,314.4423980489412,306.8168797559028,308.7561123063859,25512511.0,RELIANCE.NS
2017-04-25,,313.96026611328125,321.6186362985289,312.4921507300193,319.92043308868165,36764315.0,RELIANCE.NS
2017-04-26,,310.37762451171875,315.5489403211543,307.3427760328846,314.44238306002876,16763153.0,RELIANCE.NS
2017-04-27,,308.8547058105469,312.06487733084526,307.2551199250543,310.49814442003,12571594.0,RELIANCE.NS
2017-04-28,,305.7212829589844,311.22127540721726,304.800960718878,308.90954319273345,11848658.0,RELIANCE.NS
2017-05-02,,300.31988525390625,307.2113170814899,299.3886217519409,307.2113170814899,18591411.0,RELIANCE.NS
2017-05-03,,300.2212219238281,302.55486534292913,299.1036942992869,301.7112490049999,9500038.0,RELIANCE.NS
2017-05-04,,297.5588684082031,302.30289011564446,296.70428159050874,301.2949211712497,14365934.0,RELIANCE.NS
2017-05-05,,291.0509338378906,299.6186861036979,290.3387877741126,298.35871737261067,15598448.0,RELIANCE.NS
2017-05-08,,289.5498962402344,293.5160370217857,288.881573741252,291.43436383027375,16066733.0,RELIANCE.NS
2017-05-09,,291.51104736328125,292.2341345137093,289.2978746843889,290.11960851003005,21106150.0,RELIANCE.NS
2017-05-10,,297.8108825683594,298.79693992560635,291.57683288581313,292.48618454108714,22906024.0,RELIANCE.NS
2017-05-11,,297.9094543457031,300.14450954499097,296.1783689882757,298.9064527906211,13783848.0,RELIANCE.NS
2017-05-12,,295.9154968261719,298.88461037187903,294.51311638199337,298.01908211976763,7523427.0,RELIANCE.NS
2017-05-15,,294.5240478515625,297.2192792184712,292.2013452616669,297.2192792184712,6738085.0,RELIANCE.NS
2017-05-16,,297.1973571777344,301.7112917813672,293.8447445741302,294.95133111651575,12655992.0,RELIANCE.NS
2017-05-17,,296.4961242675781,299.31185519395035,295.3238026287817,296.47421253380577,9844573.0,RELIANCE.NS
2017-05-18,,290.85369873046875,295.81683819203516,290.14155273886877,293.6804002172352,9790379.0,RELIANCE.NS
2017-05-19,,288.9911193847656,292.68334870388185,287.05188717570474,292.0917319261266,12813204.0,RELIANCE.NS
2017-05-22,,290.15252685546875,292.22325911669634,288.19138253273707,290.6674672968477,8801430.0,RELIANCE.NS
2017-05-23,,286.0768127441406,291.4015400451478,285.29893149975817,290.49215913196133,9223001.0,RELIANCE.NS
2017-05-24,,284.356689453125,287.86268408183787,283.78698434148356,286.5040979986178,14326531.0,RELIANCE.NS
2017-05-25,,285.39752197265625,287.57778334996533,284.0827594460683,284.86066987160564,25922008.0,RELIANCE.NS
2017-05-26,,293.0340270996094,294.5897896885232,284.86071512323315,285.72624336609897,21430443.0,RELIANCE.NS
2017-05-29,,297.3287658691406,299.20226277733525,292.6614208288198,292.9682143216796,24022633.0,RELIANCE.NS
2017-05-30,,297.86566162109375,299.0379832996835,295.4881652894662,297.10969215296217,9658309.0,RELIANCE.NS
2017-05-31,,293.77899169921875,299.7501295143908,292.7052874525053,299.54195340901197,16423338.0,RELIANCE.NS
2017-06-01,,291.0509338378906,293.625636014003,289.90055304398913,292.0260499943976,9534069.0,RELIANCE.NS
2017-06-02,,290.28399658203125,293.34078624517196,288.5857931045776,292.5300227320339,11495005.0,RELIANCE.NS
2017-06-05,,291.2919616699219,293.84475209840235,288.33381874517136,290.612697841191,10835031.0,RELIANCE.NS
2017-06-06,,287.6654357910156,292.29989918659226,287.27102457827993,292.29989918659226,9591064.0,RELIANCE.NS
2017-06-07,,293.4065246582031,294.063906021507,286.83282804378626,287.3148862567951,11199223.0,RELIANCE.NS
2017-06-08,,291.806884765625,294.6774098288396,291.0070918068265,293.62561728896316,7903123.0,RELIANCE.NS
2017-06-09,,292.6833801269531,296.46325678192227,291.6534993337892,294.7431417132809,13836547.0,RELIANCE.NS
2017-06-12,,289.1226806640625,291.3796775859603,288.5858284214994,290.67847267058806,8432435.0,RELIANCE.NS
2017-06-13,,288.0050964355469,290.7770040644326,287.2710386818134,289.37462376231554,6025338.0,RELIANCE.NS
2017-06-14,,297.4603271484375,298.00812059834163,288.34478085012086,288.34478085012086,52939271.0,RELIANCE.NS
2017-06-15,,303.256103515625,305.67742338758796,297.8108764274351,298.0080820438874,28290813.0,RELIANCE.NS
2017-06-16,,304.31884765625,305.8526982769538,300.0459132918473,304.3845828576522,32710880.0,RELIANCE.NS
2017-06-19,,308.79986572265625,310.23512801107927,304.62557850041236,304.62557850041236,15236956.0,RELIANCE.NS
2017-06-20,,309.47918701171875,311.6156541552572,308.40548282026117,308.74512931535196,10142474.0,RELIANCE.NS
2017-06-21,,311.5937194824219,312.90845264453566,307.70425544358534,308.4821658041418,19992472.0,RELIANCE.NS
2017-06-22,,313.9274597167969,316.7212792589446,312.842784877381,313.2262548937001,22118609.0,RELIANCE.NS
2017-06-23,,314.6286315917969,315.9762472535587,313.4782508109989,314.66151382350904,31143289.0,RELIANCE.NS
2017-06-27,,314.9134826660156,316.1953631129135,312.2511335868611,313.78501362683903,32591540.0,RELIANCE.NS
2017-06-28,,306.4443664550781,315.5270294353656,305.79795563398994,315.5270294353656,15567803.0,RELIANCE.NS
2017-06-29,,305.1734619140625,308.9643095837712,304.60375672950687,306.77307728770523,12898245.0,RELIANCE.NS
2017-06-30,,302.3905334472656,305.1076467400709,301.30585882510167,305.01999981157064,7814271.0,RELIANCE.NS
2017-07-03,,302.62066650390625,305.61172106656136,300.41849300125153,304.18739961850684,9195278.0,RELIANCE.NS
2017-07-04,,311.582763671875,312.71126179426693,304.3626575512641,304.58177487950036,18816782.0,RELIANCE.NS
2017-07-05,,316.11865234375,317.1704448195307,312.0319823490559,313.2262157216902,27209010.0,RELIANCE.NS
2017-07-06,,316.0967102050781,317.72917809615825,315.0996825323083,317.4442963298535,13590313.0,RELIANCE.NS
2017-07-07,,326.74615478515625,328.19235855302117,315.5379951339073,316.1953471853673,35845310.0,RELIANCE.NS
2017-07-10,,327.1186218261719,328.88258945921126,326.29691721604513,327.6116504431779,3504540.0,RELIANCE.NS
2017-07-11,,327.4473571777344,329.6495304160742,325.8368007814019,328.90453142984273,20995547.0,RELIANCE.NS
2017-07-12,,331.1177062988281,334.1635254987862,328.1376223097187,328.5539453117608,17104482.0,RELIANCE.NS
2017-07-13,,336.1794128417969,336.81993408746405,332.6566049650539,333.23086844260513,23010262.0,RELIANCE.NS
2017-07-14,,338.75250244140625,339.2494504545176,334.73274649033704,335.71561429862214,20530867.0,RELIANCE.NS
2017-07-17,,342.72802734375,344.4618162375709,339.47025104560674,339.47025104560674,18749450.0,RELIANCE.NS
2017-07-18,,335.6935119628906,342.7390980071215,333.72780592964097,341.6347724194457,19640167.0,RELIANCE.NS
2017-07-19,,338.5758361816406,339.69121959805295,334.08121786011395,334.08121786011395,11790198.0,RELIANCE.NS
2017-07-20,,337.6813659667969,342.3416143159185,336.5328388368494,340.07773317595144,13626050.0,RELIANCE.NS
2017-07-21,,350.07177734375,351.55156325613746,341.22611702660265,342.34147056829033,97142371.0,RELIANCE.NS
2017-07-24,,356.7530517578125,358.8843875143297,350.07186852073573,353.38484536428825,43429394.0,RELIANCE.NS
2017-07-25,,353.85968017578125,358.8954175643232,352.8547265465519,358.84018801860725,20063064.0,RELIANCE.NS
2017-07-26,,358.40948486328125,359.98867237737886,353.62775048089657,354.3124434895297,21954323.0,RELIANCE.NS
2017-07-27,,352.2363586425781,360.34209887458707,350.8117723641074,359.56909156190886,18409364.0,RELIANCE.NS
2017-07-28,,352.15899658203125,354.6989658778993,348.525759487821,351.4522176452941,14331863.0,RELIANCE.NS
2017-07-31,,356.74200439453125,357.5371271164533,352.5013891938987,353.81554585430666,16567422.0,RELIANCE.NS
2017-08-01,,354.1799621582031,358.4095194605089,351.5074771130434,358.4095194605089,12311920.0,RELIANCE.NS
2017-08-02,,359.8341369628906,361.2697515165053,355.17385954204104,355.5935215871268,20786240.0,RELIANCE.NS
2017-08-03,,364.4501647949219,367.7189990775582,357.1505761799538,359.3150554294544,19707381.0,RELIANCE.NS
2017-08-04,,358.27703857421875,367.29938929768093,356.7199366792824,367.29938929768093,18579866.0,RELIANCE.NS
2017-08-07,,356.9959411621094,360.3641175424912,356.15664674919793,360.3641175424912,9537088.0,RELIANCE.NS
2017-08-08,,353.94805908203125,358.03407279367644,350.4694229976509,357.36043739728524,10961296.0,RELIANCE.NS
2017-08-09,,353.1197814941406,357.8021444660546,350.07186523694463,353.7161308845041,10436651.0,RELIANCE.NS
2017-08-10,,349.92828369140625,354.8535916921295,348.51475520805775,351.8498178637034,10188164.0,RELIANCE.NS
2017-08-11,,341.5132751464844,348.967464630518,338.58678761302866,342.5513428482333,16996281.0,RELIANCE.NS
2017-08-14,,347.43255615234375,349.96146842830717,344.77112831876013,344.77112831876013,13440617.0,RELIANCE.NS
2017-08-16,,345.89752197265625,348.08408734717625,342.3857422297132,347.20062093063217,13576650.0,RELIANCE.NS
2017-08-17,,346.11834716796875,352.8657877190801,344.8041906340024,346.5379796681342,15828719.0,RELIANCE.NS
2017-08-18,,347.9515380859375,348.4816297242982,343.03728753388305,345.43368389356135,7935890.0,RELIANCE.NS
2017-08-21,,345.52203369140625,349.88413624643516,344.6054531285766,348.30494849574853,7573558.0,RELIANCE.NS
2017-08-22,,344.5612487792969,348.9454073569074,343.67778244122997,347.2005900892563,9533641.0,RELIANCE.NS
2017-08-23,,349.4202880859375,350.4141840834896,343.03727957403726,345.62142096255786,8320052.0,RELIANCE.NS
2017-08-24,,346.328125,351.8608100273209,345.5440601123143,351.1761465212219,12654347.0,RELIANCE.NS
2017-08-28,,345.99688720703125,349.39820778096015,344.81524610603293,348.7577160195551,12316426.0,RELIANCE.NS
2017-08-29,,338.3990783691406,346.2066721977142,337.92421634830305,344.9587734941719,15164812.0,RELIANCE.NS
2017-08-30,,345.45574951171875,346.4938173172478,340.40898371851057,341.8004262707008,10334911.0,RELIANCE.NS
2017-08-31,,352.1700744628906,352.82162389260805,347.6423131063957,347.86317232202674,25104625.0,RELIANCE.NS
2017-09-01,,355.6156005859375,357.0512151115949,353.16400408432133,353.3517196918951,15431918.0,RELIANCE.NS
2017-09-04,,356.3333435058594,361.3690806290162,352.4681896129682,356.80820552259064,21560532.0,RELIANCE.NS
2017-09-05,,360.58502197265625,361.0819699176619,358.03402448744083,360.0107585638277,25216776.0,RELIANCE.NS
2017-09-06,,363.4121398925781,364.9802994554052,358.420603169383,359.215696425472,48745984.0,RELIANCE.NS
2017-09-07,,361.380126953125,367.74107855025056,360.01077037712145,363.54463565188126,16205339.0,RELIANCE.NS
2017-09-08,,360.8500671386719,363.6550675580082,358.72975975527726,362.21942372334445,13248413.0,RELIANCE.NS
2017-09-11,,361.2917785644531,365.2452762826746,360.6954587109712,362.79368013282823,12690592.0,RELIANCE.NS
2017-09-12,,363.8759460449219,364.42809409734394,360.8942581002054,363.43419811577184,6500191.0,RELIANCE.NS
2017-09-13,,375.0296325683594,379.84448116849643,363.1028816956903,363.9863479996521,29377106.0,RELIANCE.NS
2017-09-14,,372.7547302246094,380.5512967814506,371.93755109036556,378.03344263665167,11867640.0,RELIANCE.NS
2017-09-15,,371.84918212890625,376.7302886289489,368.7349787997664,371.9375258130909,28595395.0,RELIANCE.NS
2017-09-18,,373.5056457519531,375.93518546398866,372.42340616228984,375.4713516471557,5061995.0,RELIANCE.NS
2017-09-19,,370.4356384277344,374.9192280082725,369.7288889271271,374.8971420863785,7718697.0,RELIANCE.NS
2017-09-20,,374.21246337890625,385.41035056814684,373.3069110592952,378.16596149847163,24942703.0,RELIANCE.NS
2017-09-21,,371.650390625,376.2223238562813,369.39756763553936,374.14618824054907,12950541.0,RELIANCE.NS
2017-09-22,,361.0709228515625,371.0098820444893,359.21564653725477,371.0098820444893,12294087.0,RELIANCE.NS
2017-09-25,,362.90411376953125,365.7312000865037,355.6818112754915,360.01076969032425,14229631.0,RELIANCE.NS
2017-09-26,,362.26361083984375,365.3336424397479,358.7739467246368,362.9703898265132,10564143.0,RELIANCE.NS
2017-09-27,,353.00933837890625,364.73731653879764,351.3970366226274,364.69314469580945,18448855.0,RELIANCE.NS
2017-09-28,,347.3993225097656,354.6657961636441,344.6384942140146,353.2301819626899,29547622.0,RELIANCE.NS
2017-09-29,,344.9477844238281,350.46941245431447,344.1526617310185,349.74054752863793,16666208.0,RELIANCE.NS
2017-10-03,,352.65594482421875,355.085455033399,346.91342861879815,351.17615867583663,18345748.0,RELIANCE.NS
2017-10-04,,361.71142578125,364.4059669466363,351.441178296043,353.03139399431524,18907611.0,RELIANCE.NS
2017-10-05,,364.0526428222656,365.95209114606996,361.6231323544488,364.4281035076078,10631751.0,RELIANCE.NS
2017-10-06,,369.75091552734375,370.76689725867794,363.3678787135737,363.9863139145974,12997688.0,RELIANCE.NS
2017-10-09,,366.9238586425781,370.9656999703981,365.75327538987113,370.6122957615288,8850408.0,RELIANCE.NS
2017-10-10,,372.46759033203125,374.2786948439745,367.0784781257912,367.0784781257912,14732024.0,RELIANCE.NS
2017-10-11,,371.1203308105469,379.1819281847069,369.2871403222968,373.39523973586347,15420644.0,RELIANCE.NS
2017-10-12,,385.5207824707031,387.3098011978053,371.98172841606475,371.98172841606475,18642942.0,RELIANCE.NS
2017-10-13,,387.1551818847656,393.44984701587765,385.7858251383049,388.41413850075946,21509701.0,RELIANCE.NS
2017-10-16,,387.3097839355469,394.0240811128242,380.4629417397284,388.28159398583864,32009221.0,RELIANCE.NS
2017-10-17,,386.2275390625,390.4902398782278,383.06913432627505,387.83984082578587,13898844.0,RELIANCE.NS
2017-10-18,,403.9630432128906,405.4649153973405,386.51466353590337,387.5748172799893,36671941.0,RELIANCE.NS
2017-10-19,,401.93109130859375,407.23186018590815,398.88314551823635,404.5372891583006,8014767.0,RELIANCE.NS
2017-10-23,,415.1167297363281,417.3033244832035,401.57767617174875,403.2562652237301,27455320.0,RELIANCE.NS
2017-10-24,,412.6872253417969,418.6285153892324,410.01476975761955,418.6285153892324,13857773.0,RELIANCE.NS
2017-10-25,,415.1830139160156,417.83338351959236,410.58899472275726,415.271357603654,10011782.0,RELIANCE.NS
2017-10-26,,418.4960021972656,423.08999202991583,411.2516132007852,415.22719720292406,16840049.0,RELIANCE.NS
2017-10-27,,410.74359130859375,422.60408508004355,408.9104008373966,419.6444831175931,11498547.0,RELIANCE.NS
2017-10-30,,416.33148193359375,417.6787525621229,411.07488545436416,412.57675752533976,7823263.0,RELIANCE.NS
2017-10-31,,415.6026306152344,417.7671098544238,411.7816483214438,417.4137351173189,9504986.0,RELIANCE.NS
2017-11-01,,420.7709045410156,423.08998534320716,417.7671306643662,418.6505970383469,17571371.0,RELIANCE.NS
2017-11-02,,418.1426086425781,422.51576884908997,417.10454077046126,420.8813515665171,10277678.0,RELIANCE.NS
2017-11-03,,417.568359375,422.2727787685376,415.2934504061956,422.2727787685376,4798537.0,RELIANCE.NS
2017-11-06,,411.9141845703125,416.3315164424044,410.3681405304897,416.3315164424044,9757496.0,RELIANCE.NS
2017-11-07,,400.5175476074219,413.0185341333475,398.9052457074993,412.2896986591095,20447574.0,RELIANCE.NS
2017-11-08,,392.1688232421875,400.2083350873009,390.534435457974,398.66229099481717,17752793.0,RELIANCE.NS
2017-11-09,,397.7787780761719,401.9310490507787,394.0461395882117,395.23880877431213,15007224.0,RELIANCE.NS
2017-11-10,,390.4239807128906,397.977572280075,388.36993103796044,397.977572280075,13923102.0,RELIANCE.NS
2017-11-13,,386.6250915527344,393.97990996497236,385.8520547980707,390.9319642773842,9088619.0,RELIANCE.NS
2017-11-14,,391.68292236328125,395.34927393272386,385.631202719894,386.5146691005536,12481463.0,RELIANCE.NS
2017-11-15,,390.35772705078125,393.4056432257304,387.81775758870765,390.7111017986682,15272059.0,RELIANCE.NS
2017-11-16,,399.25860595703125,400.20833011854813,391.15283644375705,391.15283644375705,15160866.0,RELIANCE.NS
2017-11-17,,402.81451416015625,408.55700087016976,401.31261260639195,405.92871738189723,12219276.0,RELIANCE.NS
2017-11-20,,406.76800537109375,408.31407885291696,399.7665913214557,400.2966534382785,9231195.0,RELIANCE.NS
2017-11-21,,411.9361877441406,415.0724765253518,408.82198488067297,409.3962482292132,13082246.0,RELIANCE.NS
2017-11-22,,411.1411437988281,414.63080768063,407.91648147438605,414.1007161042799,11058315.0,RELIANCE.NS
2017-11-23,,418.3192443847656,419.6002571623538,409.33001004843277,411.251543958419,16031638.0,RELIANCE.NS
2017-11-24,,420.1303405761719,423.8408930720192,418.49595301468446,419.644450337873,13987125.0,RELIANCE.NS
2017-11-27,,420.24078369140625,422.9574403908958,416.99406489672486,418.42970871229033,10237135.0,RELIANCE.NS
2017-11-28,,416.70697021484375,420.2408061667508,414.38788944992933,419.57822851232504,10153618.0,RELIANCE.NS
2017-11-29,,417.8775634765625,419.64449623806036,415.66891226829654,416.04437294804944,8038351.0,RELIANCE.NS
2017-11-30,,407.0772399902344,415.8676727067371,406.1716877151554,415.8676727067371,20637767.0,RELIANCE.NS
2017-12-01,,402.0193786621094,411.36198802799754,400.9592250352116,408.35821450391904,11114967.0,RELIANCE.NS
2017-12-04,,398.2646484375,403.65376016981486,396.3872863270865,403.5212446543328,10103208.0,RELIANCE.NS
2017-12-05,,403.6095886230469,406.7237917007528,395.5480216815991,398.02170361347004,18306627.0,RELIANCE.NS
2017-12-06,,409.3300476074219,410.94234931494526,401.4451379747825,401.975229561822,24078081.0,RELIANCE.NS
2017-12-07,,411.4945068359375,413.4602126684137,407.71769660925935,410.8318997561245,12095301.0,RELIANCE.NS
2017-12-08,,406.8342590332031,413.8798743420738,405.97290810205186,412.51051773354504,12224184.0,RELIANCE.NS
2017-12-11,,404.69183349609375,409.04290708437816,403.54333619205,407.47474782158963,10792248.0,RELIANCE.NS
2017-12-12,,404.4489440917969,410.36814827100136,401.09179539545335,404.60354554997406,15782031.0,RELIANCE.NS
2017-12-13,,404.029296875,408.5791147133835,402.28445007886097,405.02319284293577,9147866.0,RELIANCE.NS
2017-12-14,,407.0551452636719,408.5570173909573,401.4230584401265,405.9508197175826,10983157.0,RELIANCE.NS
2017-12-15,,406.2820739746094,412.1129335927471,405.3765217961495,411.2515532528849,24408414.0,RELIANCE.NS
2017-12-18,,406.8342590332031,411.980426134856,381.0592811695271,402.8366188141747,18581421.0,RELIANCE.NS
2017-12-19,,409.0208435058594,409.4846478418375,406.3925304736846,407.98277574288807,8891691.0,RELIANCE.NS
2017-12-20,,405.5753479003906,409.66136145175227,405.06737169034864,408.99878378648015,10443493.0,RELIANCE.NS
2017-12-21,,403.2783203125,408.13737023314025,401.9752215226045,405.7078305292151,9071450.0,RELIANCE.NS
2017-12-22,,406.5692138671875,407.4526801762004,401.6659920701318,404.0292740300846,10658428.0,RELIANCE.NS
2017-12-26,,410.7214660644531,414.7412213683618,405.5752993771338,408.5349010562319,11596338.0,RELIANCE.NS
2017-12-27,,408.0490417480469,414.1228175160323,405.95082025895795,412.13505512018963,9520350.0,RELIANCE.NS
2017-12-28,,408.2478332519531,412.7534793280383,405.9950102139105,408.71163761799204,15511891.0,RELIANCE.NS
2017-12-29,,406.8563537597656,411.8258335984762,405.72994226128617,409.26380769646346,11089700.0,RELIANCE.NS
2018-01-01,,401.86480712890625,407.5852081610255,400.8709111867806,407.5852081610255,9453202.0,RELIANCE.NS
2018-01-02,,402.4831848144531,406.1937372691744,400.3849634706358,403.300393329744,9499419.0,RELIANCE.NS
2018-01-03,,404.09552001953125,409.0429135135487,403.32248333576393,408.60116562830615,13507800.0,RELIANCE.NS
2018-01-04,,406.5249938964844,407.18760092159874,404.49303047248765,405.57526993827673,9008932.0,RELIANCE.NS
2018-01-05,,407.8281555175781,409.44048674987306,406.50297074992386,407.18766379869743,7441284.0,RELIANCE.NS
2018-01-08,,410.16937255859375,411.25161224669074,407.9386354149987,409.08713287049676,8827020.0,RELIANCE.NS
2018-01-09,,415.64678955078125,416.9498883406029,408.15945613038986,409.99261700940946,14294571.0,RELIANCE.NS
2018-01-10,,416.2652282714844,418.4959652231692,413.2393686921782,416.55234523885497,11727682.0,RELIANCE.NS
2018-01-11,,414.2332763671875,416.3977556186325,413.01849172708916,416.02226547112144,7849171.0,RELIANCE.NS
2018-01-12,,419.2027587890625,420.8813479031911,414.45416741868405,416.55238906773815,15071161.0,RELIANCE.NS
2018-01-15,,419.26898193359375,423.3991671219498,417.52416468209697,419.6444720789422,11120925.0,RELIANCE.NS
2018-01-16,,407.6956481933594,418.6285038363339,406.39254932082434,418.6285038363339,10825151.0,RELIANCE.NS
2018-01-17,,408.38031005859375,410.36810184182707,400.65000212663995,409.0429171487414,13204016.0,RELIANCE.NS
2018-01-18,,406.2600402832031,410.6331708154021,404.22807647207054,410.36813974974456,9381821.0,RELIANCE.NS
2018-01-19,,411.38409423828125,412.7534508067957,407.3201668868598,407.7177134588513,9973533.0,RELIANCE.NS
2018-01-22,,429.1416931152344,430.3785342098395,415.2271791983068,418.7610151096373,45700733.0,RELIANCE.NS
2018-01-23,,434.33203125,437.7333516251692,430.6877657381498,430.6877657381498,22526810.0,RELIANCE.NS
2018-01-24,,426.8668212890625,433.6694626437357,425.23240397722265,433.6694626437357,14289485.0,RELIANCE.NS
2018-01-25,,426.6680603027344,429.3626020193798,422.36115766393783,427.5514972673951,13669901.0,RELIANCE.NS
2018-01-29,,426.04962158203125,431.70376554736805,423.7526265175886,426.80057248328876,9897064.0,RELIANCE.NS
2018-01-30,,419.8211975097656,426.6238682256018,419.2027621766119,426.6238682256018,9182956.0,RELIANCE.NS
2018-01-31,,424.6360168457031,426.049545211856,415.91181306733864,419.64445149338667,12551686.0,RELIANCE.NS
2018-02-01,,416.9278259277344,429.6275847106691,413.7252788299651,425.4974289045024,16524809.0,RELIANCE.NS
2018-02-02,,399.4794006347656,416.9719498362159,397.99961456855874,413.0184523703565,28965593.0,RELIANCE.NS
2018-02-05,,398.5076599121094,403.07959339364197,389.5184533839458,394.9075660137017,19191099.0,RELIANCE.NS
2018-02-06,,394.0682373046875,396.6744644456121,384.7477132531693,387.3981122361158,24062503.0,RELIANCE.NS
2018-02-07,,395.0841979980469,399.9432477962636,393.1405780787602,398.68432087885566,15532284.0,RELIANCE.NS
2018-02-08,,399.5677795410156,402.26235036914375,394.17866737197033,396.6302930686932,13825894.0,RELIANCE.NS
2018-02-09,,396.60821533203125,398.4413763031294,391.37367501501336,392.6988892789931,11580639.0,RELIANCE.NS
2018-02-12,,404.40478515625,405.59745450176007,398.46349486478744,398.88315689473524,11877059.0,RELIANCE.NS
2018-02-14,,412.4221496582031,416.33147544800437,406.8342349735693,407.71770126099653,22247829.0,RELIANCE.NS
2018-02-15,,413.3056335449219,417.76710752483655,409.9926274541938,414.18909986996863,13363743.0,RELIANCE.NS
2018-02-16,,406.9668273925781,416.375695795918,405.55326937313083,415.0504814667845,9628162.0,RELIANCE.NS
2018-02-19,,409.4846496582031,411.6933007185078,403.5433600239128,406.834250693511,8941900.0,RELIANCE.NS
2018-02-20,,406.87841796875,410.61105650084346,405.862465620646,410.368111374123,8458450.0,RELIANCE.NS
2018-02-21,,410.522705078125,411.9141475375905,407.3422441084825,410.80982204065396,11917390.0,RELIANCE.NS
2018-02-22,,408.3140563964844,411.25157226062186,406.39252235425874,407.27598865425296,11196908.0,RELIANCE.NS
2018-02-23,,412.6872253417969,414.34372849582064,407.60731575496516,408.777899129094,10610664.0,RELIANCE.NS
2018-02-26,,414.65289306640625,417.39163565172885,413.7252549243972,414.7854085885204,8435611.0,RELIANCE.NS
2018-02-27,,419.8653869628906,422.20655388083884,414.49835999592,414.78547700786095,14021366.0,RELIANCE.NS
2018-02-28,,421.6543884277344,422.7807999923601,416.6407364510283,417.85549170800005,56650480.0,RELIANCE.NS
2018-03-01,,418.9377136230469,424.01762315313385,417.8554739505857,419.53406300825355,8956590.0,RELIANCE.NS
2018-03-05,,408.2036437988281,419.71073312398624,407.0993182496366,416.5523579250889,12325694.0,RELIANCE.NS
2018-03-06,,402.3507080078125,413.5485947211846,399.81076802606185,410.3681335199396,16019726.0,RELIANCE.NS
2018-03-07,,393.0301818847656,401.6439272474934,392.27923105957655,401.6439272474934,15853546.0,RELIANCE.NS
2018-03-08,,402.6157531738281,403.9630534254239,394.5983568680487,396.5198616194217,13283967.0,RELIANCE.NS
2018-03-09,,403.3446044921875,406.1054331827107,402.4390522099005,404.1397271653191,10638527.0,RELIANCE.NS
2018-03-12,,410.94232177734375,412.17919223514866,405.310264908018,406.3925044431907,8315150.0,RELIANCE.NS
2018-03-13,,411.6270751953125,413.46026574459586,406.9889135028455,411.64916111790114,11148731.0,RELIANCE.NS
2018-03-14,,410.3902282714844,411.7154130953788,406.03918363386197,410.27979866009423,14724464.0,RELIANCE.NS
2018-03-15,,402.77032470703125,410.56689069499276,401.97523155334886,408.6011847573007,12711836.0,RELIANCE.NS
2018-03-16,,397.58001708984375,401.84271779804146,391.3957822773599,401.53348541636956,30814962.0,RELIANCE.NS
2018-03-19,,395.57012939453125,400.6058372127639,394.0240559865256,397.9996396217284,12630833.0,RELIANCE.NS
2018-03-20,,393.05224609375,399.3248244347961,391.8374909798561,394.5983195021315,15192983.0,RELIANCE.NS
2018-03-21,,396.1885681152344,398.5959926221546,394.5983522212361,395.2830158130466,14715126.0,RELIANCE.NS
2018-03-22,,401.1580505371094,402.836639617899,395.68059433291023,395.79102394517105,22129723.0,RELIANCE.NS
2018-03-23,,394.8634033203125,397.5579449540399,392.7430956959439,393.4056733990502,23469999.0,RELIANCE.NS
2018-03-26,,398.0438232421875,399.4573516819354,394.2449268584004,394.88544805847977,13227705.0,RELIANCE.NS
2018-03-27,,397.46954345703125,402.30650742234764,396.23270243722345,400.73837759916535,15179544.0,RELIANCE.NS
2018-03-28,,389.91595458984375,395.72472856594,388.72328540357233,395.702642645587,19160609.0,RELIANCE.NS
2018-04-02,,394.4436950683594,397.9775603530314,391.59455230442575,394.46578098920827,12494499.0,RELIANCE.NS
2018-04-03,,397.35919189453125,398.3089161379339,391.0424405463658,393.5824103326989,13922126.0,RELIANCE.NS
2018-04-04,,395.30511474609375,402.77036314525293,394.0461876454072,399.6340736114515,14214534.0,RELIANCE.NS
2018-04-05,,401.1801452636719,401.97526797661175,399.10400953318157,399.8107885543741,8527915.0,RELIANCE.NS
2018-04-06,,402.4169921875,405.7299691370228,399.76662242276734,401.09180730513367,9664888.0,RELIANCE.NS
2018-04-09,,404.6255798339844,405.9507939950901,403.1016218820848,403.1016218820848,7813897.0,RELIANCE.NS
2018-04-10,,405.08941650390625,408.11527599655466,403.8084036604986,405.68573634213647,8455132.0,RELIANCE.NS
2018-04-11,,411.18536376953125,412.0246288422403,404.6477241610922,407.187693763826,13140816.0,RELIANCE.NS
2018-04-12,,410.2355651855469,413.74731476181876,408.24777350472635,410.74354132162796,10822592.0,RELIANCE.NS
2018-04-13,,414.7191467285156,415.9780736633673,410.2355869924607,412.0024900903959,12616816.0,RELIANCE.NS
2018-04-16,,413.9240417480469,415.22717006588465,410.1472607826156,412.775544364944,8934275.0,RELIANCE.NS
2018-04-17,,417.1045227050781,418.407651084965,413.4602570925726,415.2271898371154,9599816.0,RELIANCE.NS
2018-04-18,,414.34368896484375,418.8493346523352,413.0405606934608,417.5462358681623,7360987.0,RELIANCE.NS
2018-04-19,,416.2431945800781,417.43586392755816,413.0185318238362,414.8296365120015,9802587.0,RELIANCE.NS
2018-04-20,,409.8822326660156,416.0443820566165,406.92266003344923,414.34373651211394,7326696.0,RELIANCE.NS
2018-04-23,,413.4602355957031,417.14867286069017,410.1472589873449,410.80983661669,7674482.0,RELIANCE.NS
2018-04-24,,428.50115966796875,430.9969571946898,413.01848678788514,413.3718910099758,19921115.0,RELIANCE.NS
2018-04-25,,428.6999816894531,433.6915179925618,425.6299500807275,430.09142425772006,14079382.0,RELIANCE.NS
2018-04-26,,430.8424072265625,436.43029332556137,425.0557183282294,429.8043393316107,34096999.0,RELIANCE.NS
2018-04-27,,440.09661865234375,446.5900562795913,435.3259123317311,437.22536049167144,25518647.0,RELIANCE.NS
2018-04-30,,425.5195007324219,438.46220422459254,424.06177097879834,433.7798710455857,19406069.0,RELIANCE.NS
2018-05-02,,429.6717834472656,432.54301221606227,426.2925195096566,427.1538999351803,13381914.0,RELIANCE.NS
2018-05-03,,424.7685852050781,431.96880242584024,423.73051734951315,431.96880242584024,8634812.0,RELIANCE.NS
2018-05-04,,421.3893127441406,426.1379036539284,419.6444660305814,425.3206950990202,8302649.0,RELIANCE.NS
2018-05-07,,428.92083740234375,429.91473336789875,422.44948540897167,423.5538109832315,7683268.0,RELIANCE.NS
2018-05-08,,427.19805908203125,433.7798699024677,426.3587646029462,431.79207805255453,10792648.0,RELIANCE.NS
2018-05-09,,431.43865966796875,434.7958079868842,425.05565183184376,426.6679829745652,9831044.0,RELIANCE.NS
2018-05-10,,433.4043884277344,434.9283759705078,430.3564428293989,432.89641223828414,8781584.0,RELIANCE.NS
2018-05-11,,436.982421875,437.88794463972954,431.902512588023,433.44855655160154,8774740.0,RELIANCE.NS
2018-05-14,,435.8117980957031,438.17508005448985,431.43866788109705,438.17508005448985,5642499.0,RELIANCE.NS
2018-05-15,,432.43255615234375,441.7309939178403,431.4165743385117,434.2436605785683,10501479.0,RELIANCE.NS
2018-05-16,,422.361083984375,430.2459934161951,420.7266963976513,430.2459934161951,18840763.0,RELIANCE.NS
2018-05-17,,417.5904541015625,424.06180638800646,415.88977907606545,423.7746893923712,10353948.0,RELIANCE.NS
2018-05-18,,412.510498046875,421.1905006057685,411.693289510136,417.70083674344704,11440117.0,RELIANCE.NS
2018-05-21,,411.4062194824219,413.3277537384678,407.3202058197804,411.14118840909504,14491208.0,RELIANCE.NS
2018-05-22,,409.3742370605469,412.5767841797532,408.6012003111627,412.20132350955527,11310073.0,RELIANCE.NS
2018-05-23,,402.9691467285156,409.0429521991626,401.5997605906833,409.0429521991626,9991028.0,RELIANCE.NS
2018-05-24,,404.55938720703125,406.8342962848471,402.041532972543,403.74217855646435,11632489.0,RELIANCE.NS
2018-05-25,,406.7459716796875,407.89446923416017,403.9410003102246,404.62566396570486,17782410.0,RELIANCE.NS
2018-05-28,,406.5692138671875,409.48464384076686,405.5532320349043,408.5570056906639,11369679.0,RELIANCE.NS
2018-05-29,,405.2661437988281,409.9263913130622,403.91887306285525,407.0551624642299,17878384.0,RELIANCE.NS
2018-05-30,,404.6697692871094,407.80605849373967,400.473326397776,404.11762126862374,13105124.0,RELIANCE.NS
2018-05-31,,406.9888610839844,407.4084935591212,403.98508753716635,406.83423015856675,37080158.0,RELIANCE.NS
2018-06-01,,411.0528259277344,413.34982076599186,405.707855936696,406.3925489987045,19174278.0,RELIANCE.NS
2018-06-04,,415.6026306152344,416.9940731297958,411.052812926165,412.3117399143121,12250151.0,RELIANCE.NS
2018-06-05,,418.6064147949219,421.85313373477703,415.66889875775433,416.46402142330567,17436812.0,RELIANCE.NS
2018-06-06,,421.5880126953125,422.29476203632754,416.39767478620587,418.3192085315015,9164022.0,RELIANCE.NS
2018-06-07,,429.0754089355469,431.12945848865303,421.61016149716374,421.8089347789721,14999572.0,RELIANCE.NS
2018-06-08,,434.8179931640625,435.789773804996,424.326855067353,426.86682474961805,14289325.0,RELIANCE.NS
2018-06-11,,434.0670166015625,441.7089521456387,432.4767712178357,436.0327226652633,15018718.0,RELIANCE.NS
2018-06-12,,440.4720764160156,441.7310033783938,433.0289147576214,434.3982713230844,16285583.0,RELIANCE.NS
2018-06-13,,442.8353576660156,444.3372593399646,437.0928704964789,441.73103207621193,12962502.0,RELIANCE.NS
2018-06-14,,445.2427673339844,446.94341264998974,436.16518888890295,440.6045767284937,11997529.0,RELIANCE.NS
2018-06-15,,448.0036315917969,452.1117312323721,441.3997636694587,444.3814517460582,24705890.0,RELIANCE.NS
2018-06-18,,448.6000061035156,450.76448566028597,444.8231950977146,445.6183178600751,12363932.0,RELIANCE.NS
2018-06-19,,439.9862060546875,448.26866255819596,438.9260228427197,447.87108648190514,13881382.0,RELIANCE.NS
2018-06-20,,450.2343444824219,451.84667575416256,439.4561197323496,439.96409593561367,15735681.0,RELIANCE.NS
2018-06-21,,455.8443298339844,457.63334841904106,451.13988119959373,452.08960529491947,22988909.0,RELIANCE.NS
2018-06-22,,447.2526550292969,454.6295588363348,445.4636365066074,454.27615462354066,35370008.0,RELIANCE.NS
2018-06-25,,443.6967468261719,449.0196015812494,442.74702267208113,446.7667785132994,11369371.0,RELIANCE.NS
2018-06-26,,432.43255615234375,444.3813927967452,430.7981685744807,444.3813927967452,17649122.0,RELIANCE.NS
2018-06-27,,429.4979248046875,438.19148396923833,428.0971511995494,435.12316373157483,19595831.0,RELIANCE.NS
2018-06-28,,420.20404052734375,430.67634407128054,418.13626009040524,427.78589223467634,18770484.0,RELIANCE.NS
2018-06-29,,432.43280029296875,433.78910673648994,422.0049644642282,422.04943158143715,17425606.0,RELIANCE.NS
2018-07-02,,427.16326904296875,432.38830337654383,425.56242324944884,432.38830337654383,14570004.0,RELIANCE.NS
2018-07-03,,431.9214782714844,435.1009665716823,427.05217995376177,429.1199605111653,11084063.0,RELIANCE.NS
2018-07-04,,440.281494140625,441.12639907146564,431.7880370826304,432.1437740285319,10938521.0,RELIANCE.NS
2018-07-05,,428.8976135253906,448.41924371659167,426.27399400833025,443.3498434827821,40946479.0,RELIANCE.NS
2018-07-06,,434.7007141113281,437.12423137783117,428.89757718574947,429.00874497922905,20039239.0,RELIANCE.NS
2018-07-09,,443.394287109375,444.68386323899347,437.34658084618684,438.9474564917528,11309207.0,RELIANCE.NS
2018-07-10,,456.1122131347656,457.35732207415697,444.6838377303352,445.90671311160025,22846197.0,RELIANCE.NS
2018-07-11,,461.9375915527344,462.871430694699,452.62146337592776,455.8009512965808,18953870.0,RELIANCE.NS
2018-07-12,,481.3036193847656,488.70760314586596,463.62743337944954,464.4056377153635,52736376.0,RELIANCE.NS
2018-07-13,,489.0633239746094,493.1544176396645,480.25856729725484,480.4809325754795,39301408.0,RELIANCE.NS
2018-07-16,,478.56878662109375,493.1099500281566,477.16801301227514,489.0633234859249,14427529.0,RELIANCE.NS
2018-07-17,,485.7503967285156,487.3512425641995,475.6338311509926,479.5025889207394,14150770.0,RELIANCE.NS
2018-07-18,,485.8393859863281,491.19782241037757,479.0579423423618,488.4407718955738,10241565.0,RELIANCE.NS
2018-07-19,,491.3089904785156,495.82252193400575,483.0823357343073,486.1728896534325,11885426.0,RELIANCE.NS
2018-07-20,,501.8924560546875,506.2725561540274,494.4439764454092,495.11101288806327,17538801.0,RELIANCE.NS
2018-07-23,,498.1793518066406,502.40384709097543,494.9776596865555,502.40384709097543,12779803.0,RELIANCE.NS
2018-07-24,,494.02154541015625,501.0475281307351,492.4429033591059,498.9353103502395,9775749.0,RELIANCE.NS
2018-07-25,,495.8891906738281,499.37997813581995,491.0199225689629,493.59907475330965,13014255.0,RELIANCE.NS
2018-07-26,,493.8880920410156,498.71295221163666,492.620749556292,493.6435229040962,14053674.0,RELIANCE.NS
2018-07-27,,502.4261169433594,505.78347371733986,494.5551988513007,497.8236213810163,14610585.0,RELIANCE.NS
2018-07-30,,512.009033203125,514.6326526970478,501.60343010031596,502.4927725156618,30344461.0,RELIANCE.NS
2018-07-31,,527.39501953125,529.351632016895,510.11909958563047,511.8311132473274,30350826.0,RELIANCE.NS
2018-08-01,,530.2188110351562,534.910240584873,527.1282571632015,529.351672516729,21227054.0,RELIANCE.NS
2018-08-02,,519.5464477539062,529.840913329401,518.4792367942981,529.840913329401,13668930.0,RELIANCE.NS
2018-08-03,,523.3706665039062,526.2833517301588,520.0799810975606,522.5035280351705,14536058.0,RELIANCE.NS
2018-08-06,,530.3299560546875,531.8418379748372,522.6591708754345,523.2594472476418,8785462.0,RELIANCE.NS
2018-08-07,,526.5946044921875,534.2431858687016,523.3928534238551,531.3527046103314,8879612.0,RELIANCE.NS
2018-08-08,,541.4915771484375,543.6260583601007,526.9504127623593,526.9504127623593,17307566.0,RELIANCE.NS
2018-08-09,,541.602783203125,547.7171609592524,538.9569003653997,543.1813957338118,14976885.0,RELIANCE.NS
2018-08-10,,535.48828125,540.2909079972662,534.6434060260635,538.512163946647,7833494.0,RELIANCE.NS
2018-08-13,,528.1510620117188,533.5984326141039,525.9276466509217,532.5311623692227,10211072.0,RELIANCE.NS
2018-08-14,,538.3342895507812,541.2691786123656,526.6390816837095,529.173766696257,11592139.0,RELIANCE.NS
2018-08-16,,533.976318359375,540.7355573527685,531.6195018821965,535.0658517360988,13086024.0,RELIANCE.NS
2018-08-17,,535.2881469726562,540.4687139311056,533.6428044635575,537.6227000319509,8379864.0,RELIANCE.NS
2018-08-20,,549.1400756835938,549.9849508674034,537.022400966974,537.1335984386398,16639535.0,RELIANCE.NS
2018-08-21,,554.6096801757812,556.5218255922935,545.6270849879666,550.1851129422862,15923396.0,RELIANCE.NS
2018-08-23,,564.5038452148438,566.5271283996274,550.696421694647,554.2093827454104,17429373.0,RELIANCE.NS
2018-08-24,,568.0836791992188,569.1731533495449,560.3239587837522,562.6363084475881,14550512.0,RELIANCE.NS
2018-08-27,,574.3091430664062,576.2434921424017,568.6394378071352,568.9284443537545,12188510.0,RELIANCE.NS
2018-08-28,,586.5380249023438,588.3167689804493,575.8656198023589,576.3102909797232,19018790.0,RELIANCE.NS
2018-08-29,,575.5098266601562,590.984858666815,573.731141940907,585.3373565772522,24230135.0,RELIANCE.NS
2018-08-30,,566.7273559570312,576.8216884553461,564.9486118914537,575.2430167338491,21545859.0,RELIANCE.NS
2018-08-31,,552.1417236328125,564.748477898974,549.8960451590323,564.748477898974,33479841.0,RELIANCE.NS
2018-09-03,,546.5831909179688,559.3678738414986,545.2046508263741,553.6314372432969,26686176.0,RELIANCE.NS
2018-09-04,,552.2750854492188,557.9892580276016,546.5164457567754,549.2512029558178,19333815.0,RELIANCE.NS
2018-09-05,,545.6270141601562,557.033154818187,537.4003610359101,552.5195945671645,22584608.0,RELIANCE.NS
2018-09-06,,560.9241943359375,562.8363397708051,544.8933530973064,547.0278341212693,24487897.0,RELIANCE.NS
2018-09-07,,568.57275390625,569.795629282917,557.855882086477,562.4805808966339,23389269.0,RELIANCE.NS
2018-09-10,,558.4563598632812,567.8614244660911,555.8994109851335,566.9720225495494,15440786.0,RELIANCE.NS
2018-09-11,,550.3851928710938,564.0370136791685,548.851047615597,559.8569858494014,23787332.0,RELIANCE.NS
2018-09-12,,556.9666137695312,559.7236347017905,546.4498128904398,556.6552845469216,17642490.0,RELIANCE.NS
2018-09-14,,557.255615234375,567.2387511887387,554.8098641786469,560.0348993863038,17233514.0,RELIANCE.NS
2018-09-17,,545.1380004882812,556.1884067782064,543.2258548830875,556.1884067782064,14773803.0,RELIANCE.NS
2018-09-18,,541.2470092773438,551.1412709561027,540.0019297976493,545.1824981973072,16660044.0,RELIANCE.NS
2018-09-19,,538.4010009765625,544.2930427848416,534.0653677334085,544.2930427848416,24642640.0,RELIANCE.NS
2018-09-21,,541.4026489257812,550.2518437229493,526.2834117890841,542.0696557591392,41713856.0,RELIANCE.NS
2018-09-24,,547.8727416992188,551.3634993287706,535.6216654482612,540.0462918745893,22098277.0,RELIANCE.NS
2018-09-25,,547.22802734375,553.6314711353804,531.397256671615,549.406975730444,21250513.0,RELIANCE.NS
2018-09-26,,556.4773559570312,557.6112971297255,545.6938128793007,550.9633146880527,13992341.0,RELIANCE.NS
2018-09-27,,557.5223999023438,561.6357569371647,550.2962850888881,558.0782685884523,23642923.0,RELIANCE.NS
2018-09-28,,559.3900756835938,565.5045124646996,554.6541789890709,560.2572142066184,24220992.0,RELIANCE.NS
2018-10-01,,547.7171630859375,559.2789711752496,535.399413912335,559.2789711752496,16039441.0,RELIANCE.NS
2018-10-03,,535.8885498046875,551.2301819824413,533.6429304390846,546.7388838825808,16135428.0,RELIANCE.NS
2018-10-04,,499.0464782714844,529.3516817175322,491.8203634047585,528.9514776332984,50774608.0,RELIANCE.NS
2018-10-05,,466.4067077636719,495.9559414994142,461.6485772871373,488.929958116124,47998260.0,RELIANCE.NS
2018-10-08,,493.332275390625,496.7118653974098,456.0455284684863,466.9180653014089,53983473.0,RELIANCE.NS
2018-10-09,,484.7276611328125,499.51339370697957,480.7922023836776,498.77965656282095,24042005.0,RELIANCE.NS
2018-10-10,,490.0861511230469,496.2005587316124,482.1707656377875,486.43972824600394,20784941.0,RELIANCE.NS
2018-10-11,,483.72711181640625,495.71132662023854,463.8052789913624,473.14364091100714,28926389.0,RELIANCE.NS
2018-10-12,,500.9586181640625,502.0480922876127,489.99717624860824,491.3534530919685,19814528.0,RELIANCE.NS
2018-10-15,,506.8284606933594,510.0079488528521,497.22329553432496,502.4483009152021,19406012.0,RELIANCE.NS
2018-10-16,,517.5230712890625,519.1238874418267,506.9395416228051,509.6076872813694,16358598.0,RELIANCE.NS
2018-10-17,,511.9644775390625,524.4378292846341,506.9395156554586,524.2822240731865,27967162.0,RELIANCE.NS
2018-10-19,,489.7303161621094,494.04377497684607,475.9228902961787,489.1522436351969,55606079.0,RELIANCE.NS
2018-10-22,,472.5433044433594,495.73355945369144,470.1864878290243,493.5990784285721,28798142.0,RELIANCE.NS
2018-10-23,,469.008056640625,473.45488694529115,464.0942919370616,468.14091820066403,23128845.0,RELIANCE.NS
2018-10-24,,465.0281677246094,478.45762361338166,458.64695801624043,477.99068917766,29869514.0,RELIANCE.NS
2018-10-25,,458.380126953125,462.7602866268105,451.97668366649805,460.69250621023355,30833933.0,RELIANCE.NS
2018-10-26,,464.650146484375,470.03084576750143,454.4669094942622,459.3139440027393,20085933.0,RELIANCE.NS
2018-10-29,,483.72711181640625,486.41743181850205,465.1393222129333,465.1393222129333,16781215.0,RELIANCE.NS
2018-10-30,,470.0308532714844,482.70433807824037,467.8518754425523,482.70433807824037,19263668.0,RELIANCE.NS
2018-10-31,,471.9207458496094,473.9662926855967,465.5840033067991,470.92020599104325,35999348.0,RELIANCE.NS
2018-11-01,,469.6973571777344,474.8779252398085,466.9181027230076,474.8779252398085,20552752.0,RELIANCE.NS
2018-11-02,,477.99066162109375,480.70324478770397,472.7656269969736,474.4776703553768,36739798.0,RELIANCE.NS
2018-11-05,,484.83880615234375,485.90604663719756,473.58829910252797,477.34588920002255,16585905.0,RELIANCE.NS
2018-11-06,,490.9754333496094,494.48842452789165,485.4168658048848,486.4841062614549,18886485.0,RELIANCE.NS
2018-11-07,,493.91033935546875,495.82248475692427,492.1316249894632,495.82248475692427,2808599.0,RELIANCE.NS
2018-11-09,,486.2395935058594,495.28891972038474,482.4820327565795,491.9315630571014,23712291.0,RELIANCE.NS
2018-11-12,,480.258544921875,488.61860033760775,477.8350276926302,488.1294620538174,12690610.0,RELIANCE.NS
2018-11-13,,488.90771484375,490.4863273280188,475.8339953367159,477.5905059898117,14899604.0,RELIANCE.NS
2018-11-14,,488.24066162109375,494.7775063085712,482.70435680899146,491.397916165827,17034346.0,RELIANCE.NS
2018-11-15,,487.7514953613281,490.4862824288341,483.1490003245572,487.7959624783827,14943663.0,RELIANCE.NS
2018-11-16,,501.3365478515625,502.47048893558417,487.86262650012264,488.2405969666893,24131016.0,RELIANCE.NS
2018-11-19,,511.38653564453125,512.1424767598558,502.93754452803955,503.7824198922258,15987574.0,RELIANCE.NS
2018-11-20,,505.7834777832031,514.0101329184532,502.4927919816411,509.1630978297449,12511640.0,RELIANCE.NS
2018-11-21,,494.8886413574219,509.3853666532768,492.28725566419314,505.82787858322143,16422494.0,RELIANCE.NS
2018-11-22,,490.4195861816406,500.4249844525121,489.1967107672728,495.60015378690093,12670591.0,RELIANCE.NS
2018-11-26,,493.4878845214844,496.93417502494316,487.9960473368308,493.1543811553079,13969873.0,RELIANCE.NS
2018-11-27,,501.69232177734375,502.4927298832469,491.5757558178303,492.66522986852226,14896607.0,RELIANCE.NS
2018-11-28,,512.56494140625,514.8328241088459,500.8475276532853,503.5822854755989,17507771.0,RELIANCE.NS
2018-11-29,,519.6131591796875,524.6825297903242,515.833335098231,516.2780063151897,27640198.0,RELIANCE.NS
2018-11-30,,519.1906127929688,527.3950032870343,516.8560002063974,521.3028304362663,23443212.0,RELIANCE.NS
2018-12-03,,514.254638671875,522.459029076167,510.71935465234606,522.459029076167,12182825.0,RELIANCE.NS
2018-12-04,,512.4092407226562,514.9439259920243,507.91794275776755,514.9439259920243,11358720.0,RELIANCE.NS
2018-12-05,,513.6766357421875,515.2997748795739,506.62838854429,508.60726468647596,12729759.0,RELIANCE.NS
2018-12-06,,499.66900634765625,510.9416869445338,497.26769313038704,510.9416869445338,12831451.0,RELIANCE.NS
2018-12-07,,504.1826171875,505.58336127244013,492.8654076454216,502.2482676166125,15779984.0,RELIANCE.NS
2018-12-10,,484.81658935546875,495.5112281320951,481.6371013493278,493.599082679723,20521072.0,RELIANCE.NS
2018-12-11,,488.0627746582031,490.08608789212525,469.1414816662142,474.0329833745023,29518062.0,RELIANCE.NS
2018-12-12,,493.8214111328125,495.1554840289615,483.7048747236817,488.7075441891058,27572962.0,RELIANCE.NS
2018-12-13,,492.28729248046875,501.60342127626643,486.95108966063515,501.60342127626643,20337275.0,RELIANCE.NS
2018-12-14,,494.5774230957031,495.7780650549889,485.50586319262817,490.53079632057154,15795834.0,RELIANCE.NS
2018-12-17,,502.4482116699219,503.8267515252124,494.2660551847278,496.24490105839766,11077711.0,RELIANCE.NS
2018-12-18,,505.3387451171875,506.494890161356,498.26823602633556,499.51337467331854,12841994.0,RELIANCE.NS
2018-12-19,,505.5166320800781,510.1857982819545,503.91575643785916,507.6066460281099,16118419.0,RELIANCE.NS
2018-12-20,,501.8035888671875,503.60453703963105,496.33395461212814,498.4906397698785,12609700.0,RELIANCE.NS
2018-12-21,,489.2411804199219,503.04860635781375,487.3735021084379,500.26932244943106,18115814.0,RELIANCE.NS
2018-12-24,,484.3274230957031,490.57523133467276,483.1712483333816,489.5524579275047,9065704.0,RELIANCE.NS
2018-12-26,,488.4185485839844,489.152285769515,473.87738434318686,482.8377764410723,15771193.0,RELIANCE.NS
2018-12-27,,498.13482666015625,501.15870931046913,490.93097570261085,492.3539531107081,27294221.0,RELIANCE.NS
2018-12-28,,500.513916015625,504.82734512314096,498.57950736363694,500.4916527726917,16768547.0,RELIANCE.NS
2018-12-31,,498.601806640625,504.2048419210655,496.356157690136,502.9152360598734,15799099.0,RELIANCE.NS
2019-01-01,,498.49053955078125,501.29208648414647,493.64350536313725,500.38048095824377,9746670.0,RELIANCE.NS
2019-01-02,,491.99822998046875,501.15872336812794,489.5969165762727,495.60015556027656,15628818.0,RELIANCE.NS
2019-01-03,,485.9283142089844,495.6446470445033,484.74990584992383,492.48739248563277,16288287.0,RELIANCE.NS
2019-01-04,,488.5519714355469,491.13115363650076,480.7477835164798,487.99613239503606,18516544.0,RELIANCE.NS
2019-01-07,,491.2644958496094,497.3566691059738,489.59691956022573,492.2650356863747,12060290.0,RELIANCE.NS
2019-01-08,,491.2200012207031,493.57681770532923,487.37347700167027,491.4201032399845,12304389.0,RELIANCE.NS
2019-01-09,,493.9325866699219,496.7118706154236,488.5741504955051,494.4884553327521,12614237.0,RELIANCE.NS
2019-01-10,,492.48736572265625,494.04377419977465,490.4862860716892,492.59853351611844,8925160.0,RELIANCE.NS
2019-01-11,,488.2850646972656,495.2888429062768,484.08280370872325,492.5317927995779,14139060.0,RELIANCE.NS
2019-01-14,,487.72930908203125,489.374622256868,483.10458003842365,486.92887121313214,8994060.0,RELIANCE.NS
2019-01-15,,502.337158203125,503.38216520660575,491.3756866044057,491.3756866044057,22011407.0,RELIANCE.NS
2019-01-16,,505.1164245605469,509.1630510728316,502.64841043601535,504.7161611262395,13961606.0,RELIANCE.NS
2019-01-17,,504.47161865234375,510.45259446398273,502.49274284207854,508.9184492037804,16379077.0,RELIANCE.NS
2019-01-18,,526.6612548828125,529.1292687610969,504.82730823724705,510.8527506017523,56181172.0,RELIANCE.NS
2019-01-21,,550.3851928710938,551.3857327105305,528.5734481188317,530.9525279850722,48206814.0,RELIANCE.NS
2019-01-22,,549.2512817382812,554.4985800560028,542.3364367197829,548.2285379681914,36207430.0,RELIANCE.NS
2019-01-23,,545.3158569335938,553.275709031057,543.4037113706246,548.4286147581106,19313542.0,RELIANCE.NS
2019-01-24,,554.7208862304688,557.2778345730263,542.5588029080949,544.7377510626503,28775487.0,RELIANCE.NS
2019-01-25,,554.0760498046875,562.3916378569832,549.3624168361791,556.0549254924592,18703992.0,RELIANCE.NS
2019-01-28,,546.7610473632812,558.5007230218457,543.5815592935013,556.0771759770403,18744303.0,RELIANCE.NS
2019-01-29,,538.3565063476562,547.6948978925816,534.2209456710425,547.4058319436815,20405845.0,RELIANCE.NS
2019-01-30,,531.70849609375,544.7377779138919,529.6629491926045,540.2909471494282,17164298.0,RELIANCE.NS
2019-01-31,,545.69384765625,546.8277889012099,534.0653692421624,534.5100404424111,22279301.0,RELIANCE.NS
2019-02-01,,555.8325805664062,558.0782591486003,545.6493727513893,548.7399266020019,20187323.0,RELIANCE.NS
2019-02-04,,574.0424194335938,576.7327691603633,552.3196086388238,554.5207606926173,25528059.0,RELIANCE.NS
2019-02-05,,574.3314208984375,580.0456533746585,568.572780672687,574.5315526145657,20479210.0,RELIANCE.NS
2019-02-06,,582.6469116210938,585.9375965509611,575.5319958014703,576.4213380156835,20586783.0,RELIANCE.NS
2019-02-07,,573.820068359375,587.5162967228948,571.9079229435836,582.6469989486654,20150710.0,RELIANCE.NS
2019-02-08,,568.1726684570312,578.3114698839838,565.7491210715458,571.3298937267417,14230054.0,RELIANCE.NS
2019-02-11,,557.2999877929688,567.4165827641457,556.2994480427927,567.3721156501077,16457901.0,RELIANCE.NS
2019-02-12,,558.7008056640625,565.7935190840021,556.5218574185877,556.5218574185877,13998153.0,RELIANCE.NS
2019-02-14,,544.3820190429688,551.8527332372782,541.6249980277621,551.8527332372782,14496604.0,RELIANCE.NS
2019-02-15,,553.3867797851562,555.810326626612,539.8461572542001,546.8499357176113,20994460.0,RELIANCE.NS
2019-02-18,,542.5587158203125,556.9664753460517,540.2908337936224,555.854738203858,21106139.0,RELIANCE.NS
2019-02-19,,540.780029296875,551.274565434073,538.6010812612611,541.6249044942708,13658461.0,RELIANCE.NS
2019-02-20,,548.8956298828125,551.408111630145,542.0697180468119,544.2264627754766,13776558.0,RELIANCE.NS
2019-02-21,,554.476318359375,559.3234126066798,546.6721309103161,549.6292834807225,23142949.0,RELIANCE.NS
2019-02-22,,548.0061645507812,553.764804671846,545.1824135447996,553.4535348502544,19152470.0,RELIANCE.NS
2019-02-25,,547.9839477539062,552.742107821758,542.8033797195588,549.6292906047091,17176522.0,RELIANCE.NS
2019-02-26,,542.62548828125,549.0956619235902,536.2887753653348,537.8451245393707,22160532.0,RELIANCE.NS
2019-02-27,,544.0707397460938,553.5870008173056,537.622828868863,546.0940828755768,24308835.0,RELIANCE.NS
2019-02-28,,547.4281005859375,551.3413261374006,545.4270206873178,548.6287722725715,24688859.0,RELIANCE.NS
2019-03-01,,545.20458984375,552.4529670830805,543.5148394691456,550.0738873711305,17329606.0,RELIANCE.NS
2019-03-05,,550.363037109375,551.319109914387,541.8917832299436,544.0262644494293,15577500.0,RELIANCE.NS
2019-03-06,,562.4362182617188,566.1271083197254,549.2291261191059,551.3191403320105,26332276.0,RELIANCE.NS
2019-03-07,,564.8596801757812,569.1063789616119,559.4789808376285,562.0803962714617,17738092.0,RELIANCE.NS
2019-03-08,,563.4589233398438,566.7273454629021,561.1910410246052,562.991988931222,13211934.0,RELIANCE.NS
2019-03-11,,579.912353515625,583.425315835217,563.8592460943664,564.7708518609002,21258869.0,RELIANCE.NS
2019-03-12,,592.0299072265625,593.2083156201982,584.4257920428238,585.6042004364595,24561597.0,RELIANCE.NS
2019-03-13,,599.1226806640625,604.7701243458075,590.584755084466,594.5424479954376,24577591.0,RELIANCE.NS
2019-03-14,,596.5655517578125,605.6593433451807,594.142005094326,600.2119736889119,22753310.0,RELIANCE.NS
2019-03-15,,587.7164306640625,604.2364100965389,583.0694684590887,598.0997697695152,34764353.0,RELIANCE.NS
2019-03-18,,600.345458984375,603.8584800704158,590.9848634151969,591.874205781967,22104063.0,RELIANCE.NS
2019-03-19,,612.1295776367188,613.6637228437745,597.2548818688533,604.7700026803525,21448030.0,RELIANCE.NS
2019-03-20,,611.6404418945312,617.2212140144412,606.5488081067413,612.6854489247503,21639437.0,RELIANCE.NS
2019-03-22,,596.6546020507812,614.0639844657932,594.4089827675687,610.3286275838059,25078643.0,RELIANCE.NS
2019-03-25,,588.9615478515625,594.4756488877699,585.5152569671774,591.6963648094636,17394088.0,RELIANCE.NS
2019-03-26,,607.9940795898438,609.9284290452625,591.4295723187786,591.5629736823022,20734876.0,RELIANCE.NS
2019-03-27,,599.9896850585938,612.7521034470577,597.7662699100543,612.7521034470577,22079870.0,RELIANCE.NS
2019-03-28,,604.7701416015625,609.1280981354575,597.121617683325,600.4345076840663,22930248.0,RELIANCE.NS
2019-04-01,,618.9332885742188,625.5812716150122,605.9040658511692,609.2169554334296,22088854.0,RELIANCE.NS
2019-04-02,,617.9771728515625,623.9359447841351,613.7082107757865,621.6680623919196,17526740.0,RELIANCE.NS
2019-04-03,,611.5292358398438,623.8914503447172,610.106228754018,619.3334225165113,17169813.0,RELIANCE.NS
2019-04-04,,601.6795043945312,615.3090614383648,599.10029291152,613.2190476033604,18320845.0,RELIANCE.NS
2019-04-05,,602.0574951171875,606.504325853729,597.2104603007144,605.1925161296278,14717266.0,RELIANCE.NS
2019-04-08,,591.095947265625,603.6582929392833,588.627992740065,602.9912862254353,19081843.0,RELIANCE.NS
2019-04-09,,593.408447265625,596.1876720186839,587.4274116874274,590.9404329916111,20774977.0,RELIANCE.NS
2019-04-10,,592.0520629882812,599.4338419665922,589.8731148625114,594.9647482369978,16651949.0,RELIANCE.NS
2019-04-11,,598.9003295898438,601.6573506712888,590.9849439720497,592.7414250701705,12558520.0,RELIANCE.NS
2019-04-12,,597.2549438476562,603.3915846813426,594.3867254762824,600.3232345801729,12948769.0,RELIANCE.NS
2019-04-15,,595.943115234375,599.8563405148398,593.652969511252,598.0998002294208,9285737.0,RELIANCE.NS
2019-04-16,,597.5439453125,604.7700001515543,595.8763393939673,598.0997545833641,17360317.0,RELIANCE.NS
2019-04-18,,616.3096313476562,617.9993818498127,606.9935028676342,611.4403334527134,39286534.0,RELIANCE.NS
2019-04-22,,598.2554321289062,607.8828302001219,596.4544248221322,604.770013246378,23607922.0,RELIANCE.NS
2019-04-23,,606.4820556640625,610.5508857514487,598.5444678230537,599.4338101256589,19807450.0,RELIANCE.NS
2019-04-24,,617.8882446289062,620.2450612802776,607.5493130403371,609.3503203942593,16101112.0,RELIANCE.NS
2019-04-25,,610.2841186523438,628.07150005961,605.9262223781365,617.7103647867747,30469914.0,RELIANCE.NS
2019-04-26,,619.355712890625,620.7565162983317,609.5282413717472,611.4403870024071,15069884.0,RELIANCE.NS
2019-04-30,,619.355712890625,620.9565886646793,607.7939642305762,620.9565886646793,22348580.0,RELIANCE.NS
2019-05-02,,624.8030395507812,628.7384682810313,614.597510131298,618.9998732533446,18992003.0,RELIANCE.NS
2019-05-03,,626.492919921875,630.3394745889589,623.7358988512833,626.0927158038522,14240262.0,RELIANCE.NS
2019-05-06,,615.8426513671875,623.8025024605442,612.818768797066,621.6680215628418,15832114.0,RELIANCE.NS
2019-05-07,,597.4328002929688,620.3340203125821,595.9653259537797,620.2450860719435,19417647.0,RELIANCE.NS
2019-05-08,,577.8444213867188,595.8763417992864,574.6204663806473,595.8763417992864,31958919.0,RELIANCE.NS
2019-05-09,,558.7230224609375,573.108520460313,556.6330086290789,573.108520460313,42670173.0,RELIANCE.NS
2019-05-10,,556.3661499023438,568.1724946022689,553.6313334761146,562.5249933027688,24557430.0,RELIANCE.NS
2019-05-13,,547.8727416992188,560.6573639690338,545.8493988853006,554.9209873160831,17603659.0,RELIANCE.NS
2019-05-14,,560.501708984375,564.4594006609302,547.628094257651,549.8515092101535,28438234.0,RELIANCE.NS
2019-05-15,,558.9232177734375,568.3060782074135,556.1217294653811,566.0826625376454,24419559.0,RELIANCE.NS
2019-05-16,,562.6807250976562,565.5934103188847,559.4567700569194,560.2794414070868,14451308.0,RELIANCE.NS
2019-05-17,,563.5923461914062,567.8390450416779,556.7441724991771,563.414477718221,17276949.0,RELIANCE.NS
2019-05-20,,589.6062622070312,594.8535597325218,579.6453318893945,584.1366884815584,26979100.0,RELIANCE.NS
2019-05-21,,595.787353515625,607.882764343901,591.4517209880244,592.4077935923937,30343560.0,RELIANCE.NS
2019-05-22,,596.0542602539062,604.6366519509965,593.697443508096,598.3888731238807,24689918.0,RELIANCE.NS
2019-05-23,,593.163818359375,618.9999268330204,589.2061260447321,610.1062655891104,38766006.0,RELIANCE.NS
2019-05-24,,594.4756469726562,602.0130316473468,585.4263208404058,599.4338793034989,22269265.0,RELIANCE.NS
2019-05-27,,582.8248901367188,594.7646975136477,581.2018106049238,594.5868290372126,16076686.0,RELIANCE.NS
2019-05-28,,588.650146484375,593.5639106128843,584.0254482582387,586.8936659364987,42594251.0,RELIANCE.NS
2019-05-29,,583.8922119140625,592.8970714875246,579.9345192266695,587.4274372482987,15558515.0,RELIANCE.NS
2019-05-30,,591.318359375,596.7657294512053,585.3151206701258,585.3151206701258,23494381.0,RELIANCE.NS
2019-05-31,,591.4962158203125,596.7212502126272,587.071589491595,594.9425062582113,25724066.0,RELIANCE.NS
2019-06-03,,604.8590698242188,607.994090978728,587.5163579234107,593.6529988664066,18556942.0,RELIANCE.NS
2019-06-04,,601.0569458007812,611.1068116046075,599.4783333814987,603.6360980885171,15442761.0,RELIANCE.NS
2019-06-06,,590.2511596679688,605.6149951879042,587.4718755616177,605.6149951879042,16764835.0,RELIANCE.NS
2019-06-07,,584.7149047851562,590.2067431026675,580.5793434541921,589.6286704820499,14722419.0,RELIANCE.NS
2019-06-10,,586.6046752929688,590.0954329656549,582.5803122261857,587.3828795103498,11768468.0,RELIANCE.NS
2019-06-11,,591.051513671875,593.4305934724914,586.0933410981103,587.8053547784031,11492074.0,RELIANCE.NS
2019-06-12,,592.3856811523438,595.1649654478387,589.2061927419275,593.5196224956161,10297599.0,RELIANCE.NS
2019-06-13,,590.20654296875,593.5194316857501,581.9354231114866,591.429418166642,15686169.0,RELIANCE.NS
2019-06-14,,585.893310546875,589.2062003718319,582.2691508507262,587.827660145039,14942768.0,RELIANCE.NS
2019-06-17,,570.2180786132812,586.9826557986509,568.5282688866099,586.9826557986509,14908257.0,RELIANCE.NS
2019-06-18,,569.6400756835938,572.7306295845631,564.3483102839548,568.7062067925273,16797371.0,RELIANCE.NS
2019-06-19,,568.0169067382812,578.97837779512,561.4578584462031,572.2636649065373,14492763.0,RELIANCE.NS
2019-06-20,,576.643798828125,578.0890692931227,568.3060059684988,569.1953483758955,10748848.0,RELIANCE.NS
2019-06-21,,568.9729614257812,576.3102730992397,567.2164806453644,576.288009856738,23236832.0,RELIANCE.NS
2019-06-24,,561.368896484375,567.6166746435115,559.0120799905429,565.704529305375,11267228.0,RELIANCE.NS
2019-06-25,,576.2435913085938,577.1996640751701,557.7447350271847,559.8125451650295,14966899.0,RELIANCE.NS
2019-06-26,,575.487548828125,580.1345104815928,572.018995334044,574.086805107405,11593027.0,RELIANCE.NS
2019-06-27,,566.5940551757812,576.7105933441795,565.1932516753332,575.0430464604929,24905533.0,RELIANCE.NS
2019-06-28,,557.2333984375,570.4627526979973,555.254522519952,567.9058042132716,18942165.0,RELIANCE.NS
2019-07-01,,564.2371826171875,565.9269332128499,554.2762506837031,559.4345554498728,13478857.0,RELIANCE.NS
2019-07-02,,568.5283203125,569.6400576488289,561.7691401630615,566.5050367269992,10146746.0,RELIANCE.NS
2019-07-03,,570.3292846679688,572.085824960274,566.9941913005933,570.484949272235,8806492.0,RELIANCE.NS
2019-07-04,,570.9740600585938,574.0868770445999,569.1953159763973,569.8179149947877,9351405.0,RELIANCE.NS
2019-07-05,,561.7913208007812,573.8645289266176,560.3016427013837,571.4631858784575,10926753.0,RELIANCE.NS
2019-07-08,,556.7664184570312,563.9035985122777,555.0544047714505,559.4123009664904,14009219.0,RELIANCE.NS
2019-07-09,,569.23974609375,570.7516873706384,553.8537087411103,555.3878538911504,17535754.0,RELIANCE.NS
2019-07-10,,568.6840209960938,573.3531874939108,564.1704597393002,569.2176264544378,12018196.0,RELIANCE.NS
2019-07-11,,569.8846435546875,573.5533295685975,568.8841036179219,572.3081907746865,8608376.0,RELIANCE.NS
2019-07-12,,569.417724609375,578.089050270766,568.3281911431877,570.5294025820405,15692436.0,RELIANCE.NS
2019-07-15,,567.4611206054688,573.4198333665262,564.9041721766271,571.4187536167633,10659498.0,RELIANCE.NS
2019-07-16,,574.9761962890625,575.8211308626826,567.8834834886258,569.1730892227583,10070773.0,RELIANCE.NS
2019-07-17,,570.0180053710938,576.7549817270252,569.1953339807314,575.5543101387531,9482233.0,RELIANCE.NS
2019-07-18,,561.1243896484375,572.0413948379173,559.4123757340398,570.0847820634675,11942908.0,RELIANCE.NS
2019-07-19,,555.4100952148438,566.0602359835875,552.6085483463659,563.9480184225731,16336536.0,RELIANCE.NS
2019-07-22,,569.417724609375,571.1964093656397,545.7605049272529,556.299508951372,29092589.0,RELIANCE.NS
2019-07-23,,566.3271484375,575.3764145680664,560.4795147418307,571.418722404301,20316348.0,RELIANCE.NS
2019-07-24,,559.9014282226562,568.661687557077,557.4334142294794,566.3048710383226,15189179.0,RELIANCE.NS
2019-07-25,,547.628173828125,564.3260813225814,545.6270941432515,562.0804028036227,21805071.0,RELIANCE.NS
2019-07-26,,539.7572631835938,552.5196824605647,538.0674533045859,547.6281806669657,20387504.0,RELIANCE.NS
2019-07-29,,538.4899291992188,543.4036943148075,535.888513661204,541.1358118566359,17626045.0,RELIANCE.NS
2019-07-30,,525.127197265625,542.5143760427064,522.9260450730362,539.824026146295,20853117.0,RELIANCE.NS
2019-07-31,,518.612548828125,526.9503408040927,516.9004758223577,522.8370435528417,21229950.0,RELIANCE.NS
2019-08-01,,524.838134765625,528.373359591736,511.54205130875664,517.3451584523216,22628222.0,RELIANCE.NS
2019-08-02,,529.8226318359375,536.0408419669061,519.8690401403267,525.9530481643328,23766807.0,RELIANCE.NS
2019-08-05,,511.4811706542969,522.0610382541031,504.61428752999774,522.0610382541031,30399133.0,RELIANCE.NS
2019-08-06,,504.74853515625,514.2771836992629,501.9302310893103,507.6339701414579,29067994.0,RELIANCE.NS
2019-08-07,,496.29351806640625,509.3338769283476,493.4751843934342,503.9432766269725,25349369.0,RELIANCE.NS
2019-08-08,,515.5073852539062,518.034888146451,489.98587119323537,495.82381219461934,31198568.0,RELIANCE.NS
2019-08-09,,519.8689575195312,525.8634965195398,515.4849032721378,519.7571523106718,21970009.0,RELIANCE.NS
2019-08-13,,570.2633666992188,582.8115915745617,548.4548982709383,551.653471251419,104827144.0,RELIANCE.NS
2019-08-14,,576.3026123046875,583.5497045483337,572.7685043829358,583.3484312700429,31688983.0,RELIANCE.NS
2019-08-16,,571.7173461914062,577.8908229951056,569.4805844270243,577.6224187503823,21977767.0,RELIANCE.NS
2019-08-19,,578.2486572265625,580.1275465408661,572.6119892836517,573.0817265434819,16317602.0,RELIANCE.NS
2019-08-20,,570.8002319335938,578.2486582851755,569.3016118006965,576.996105223358,14969299.0,RELIANCE.NS
2019-08-21,,568.5634765625,572.0081169703981,566.5727819905771,570.6660360929664,10677848.0,RELIANCE.NS
2019-08-22,,557.7374877929688,568.585759842969,554.2257765227104,568.5634226883876,14031953.0,RELIANCE.NS
2019-08-23,,570.75537109375,574.4012839619284,548.6785011712473,554.270433844223,21307915.0,RELIANCE.NS
2019-08-26,,566.7069091796875,578.8748646445653,563.2175351947169,578.8748646445653,19202504.0,RELIANCE.NS
2019-08-27,,570.30810546875,574.8486994909782,564.2017008121152,574.8486994909782,28401906.0,RELIANCE.NS
2019-08-28,,565.1411743164062,573.0593371929982,561.8978672808688,569.8160301574608,11605488.0,RELIANCE.NS
2019-08-29,,555.5006713867188,563.7767057901501,552.6152368804542,562.0767529347145,18890222.0,RELIANCE.NS
2019-08-30,,558.542724609375,561.1597553095268,546.2181691725724,557.1783066454112,24735240.0,RELIANCE.NS
2019-09-03,,539.686767578125,556.0599009833398,536.8236700987924,555.724365883025,18730619.0,RELIANCE.NS
2019-09-04,,537.338134765625,539.1722897682706,530.5831168851553,537.0697305786537,32949395.0,RELIANCE.NS
2019-09-05,,536.1973876953125,542.7287354271208,533.8264243161294,539.8656977046184,22995486.0,RELIANCE.NS
2019-09-06,,546.8890991210938,549.7969304899724,534.6987475890814,538.1657244644699,23186819.0,RELIANCE.NS
2019-09-09,,546.7548828125,551.5862773251275,542.7063636586323,546.0614755104552,11747929.0,RELIANCE.NS
2019-09-11,,552.212646484375,554.7178119472804,546.8891176163188,546.8891176163188,12127900.0,RELIANCE.NS
2019-09-12,,541.4537353515625,554.9190358445909,539.3735732310876,552.4810015076904,11880005.0,RELIANCE.NS
2019-09-13,,548.2759399414062,549.5732268594613,539.9104371214981,542.1919324610177,12947715.0,RELIANCE.NS
2019-09-16,,541.6327514648438,545.3681328630463,530.6054836798681,531.9028303810459,20547730.0,RELIANCE.NS
2019-09-17,,535.6829223632812,541.7445926965229,533.9158982485218,541.7445926965229,15640772.0,RELIANCE.NS
2019-09-18,,539.3736572265625,544.1155842826566,535.5711448848785,539.03812210891,14933909.0,RELIANCE.NS
2019-09-19,,527.45166015625,541.1630300871835,524.5886221931479,540.3354205777293,13766222.0,RELIANCE.NS
2019-09-20,,561.1373291015625,568.0936803911683,525.3267496017127,531.4330945245753,48165560.0,RELIANCE.NS
2019-09-23,,554.3600463867188,573.0594124826849,552.4811569966915,569.9950411796075,21610844.0,RELIANCE.NS
2019-09-24,,572.0303955078125,581.0221752076171,555.9480624084689,556.3283315585267,34958974.0,RELIANCE.NS
2019-09-25,,572.4107055664062,579.32232332458,567.6240441545225,574.4014000766002,18192270.0,RELIANCE.NS
2019-09-26,,580.1275024414062,581.0221831301985,574.1776966858998,577.9802090632921,18350457.0,RELIANCE.NS
2019-09-27,,585.6076049804688,588.26936977172,574.4014002150042,578.2039128132178,19058663.0,RELIANCE.NS
2019-09-30,,595.9861450195312,597.5518958958941,584.0417998862946,586.0325539376727,25263770.0,RELIANCE.NS
2019-10-01,,583.7509765625,600.3477782363343,578.5616503002623,598.1110171806291,17920384.0,RELIANCE.NS
2019-10-03,,586.5022583007812,588.1350802725426,573.1934960470242,575.2960552003906,13524851.0,RELIANCE.NS
2019-10-04,,585.1826171875,594.3533936469322,583.2813907007979,590.4614128720777,14992253.0,RELIANCE.NS
2019-10-07,,586.0772705078125,590.8639313350587,582.3194924065126,585.1825301515461,10061584.0,RELIANCE.NS
2019-10-09,,592.6309814453125,594.9572706386634,578.2038674207517,585.4510197519348,17588647.0,RELIANCE.NS
2019-10-10,,609.6304321289062,612.4263389969542,590.9534063442875,592.7428273528446,35006390.0,RELIANCE.NS
2019-10-11,,605.08984375,610.9054477231147,597.9098217886772,610.0554412968428,16597126.0,RELIANCE.NS
2019-10-14,,607.5054931640625,610.6145980694955,604.3069201919269,610.6145980694955,13394275.0,RELIANCE.NS
2019-10-15,,610.2567138671875,612.8737443545717,605.8502623557373,609.518572468822,9672791.0,RELIANCE.NS
2019-10-16,,613.9249877929688,617.1906316962651,610.0553448993284,612.8289741993957,19403660.0,RELIANCE.NS
2019-10-17,,624.728515625,625.8469260796392,613.7683798495626,615.1104604501286,16038940.0,RELIANCE.NS
2019-10-18,,633.6085815429688,638.7755119795819,625.7128152032572,628.0837788207052,28121951.0,RELIANCE.NS
2019-10-22,,632.6244506835938,642.7793159767306,627.7929955153656,637.4781832827847,27786502.0,RELIANCE.NS
2019-10-23,,622.8944091796875,637.9031250769546,618.756421570499,633.586201337099,18446160.0,RELIANCE.NS
2019-10-24,,642.600341796875,644.814766083547,620.2774614179121,626.7416786905978,22642488.0,RELIANCE.NS
2019-10-25,,640.251708984375,644.8370366166074,631.327001295776,644.6804973751445,13539957.0,RELIANCE.NS
2019-10-27,,641.6161499023438,646.4252075816162,639.7148639837899,644.635786603863,3014841.0,RELIANCE.NS
2019-10-29,,656.2893676757812,662.0825743744294,645.1278977377407,646.6489146143203,25768505.0,RELIANCE.NS
2019-10-30,,661.6800537109375,664.1181484599136,653.2698153548594,662.0826600678737,16341366.0,RELIANCE.NS
2019-10-31,,655.0814819335938,666.3995507299683,653.8960001863959,663.8719882562208,19463741.0,RELIANCE.NS
2019-11-01,,651.7487182617188,653.9407456609271,644.6358276540866,650.8987716125406,13904301.0,RELIANCE.NS
2019-11-04,,652.084228515625,658.0563711617599,646.4699581291821,655.7748757812135,14063434.0,RELIANCE.NS
2019-11-05,,647.4541625976562,657.1393502221374,644.6358585848789,654.5223792352792,12685356.0,RELIANCE.NS
2019-11-06,,641.906982421875,647.0739130856232,639.0439442858003,645.3963568103856,14625505.0,RELIANCE.NS
2019-11-07,,652.50927734375,654.4775749097812,640.6991335974781,641.9517463190575,14084039.0,RELIANCE.NS
2019-11-08,,646.6488647460938,652.9788793630199,644.7699757434531,648.2146155357956,12019353.0,RELIANCE.NS
2019-11-11,,638.730712890625,646.0896700523681,636.382086667725,643.7857778606185,11357841.0,RELIANCE.NS
2019-11-13,,658.6380004882812,660.2484855944018,639.7149647351628,639.7149647351628,25225749.0,RELIANCE.NS
2019-11-14,,654.3657836914062,662.798358618493,651.2566785637106,660.2931928467199,14258133.0,RELIANCE.NS
2019-11-15,,657.9893798828125,665.1246679644767,654.5447395149349,655.6631501873038,15691605.0,RELIANCE.NS
2019-11-18,,652.777587890625,664.766606333952,651.0776350570546,658.7944641268749,14076051.0,RELIANCE.NS
2019-11-19,,675.391357421875,677.6952498210799,655.3723092919387,656.2669899955055,30176255.0,RELIANCE.NS
2019-11-20,,692.3460083007812,703.4180100751444,690.3553139483255,695.6564462284737,43538120.0,RELIANCE.NS
2019-11-21,,687.85009765625,696.0813988250823,683.8015779854442,691.1605356274156,14897371.0,RELIANCE.NS
2019-11-22,,691.83154296875,702.1206693826493,687.8500945047838,689.8631857536991,22352865.0,RELIANCE.NS
2019-11-25,,698.5642700195312,700.0181560781981,693.8446798240759,693.9118107417911,15146156.0,RELIANCE.NS
2019-11-26,,697.982666015625,705.1850244813896,696.0813800314871,701.4943771827839,35330983.0,RELIANCE.NS
2019-11-27,,702.2772216796875,704.8047840125307,696.1260833946722,697.8484331714806,9642739.0,RELIANCE.NS
2019-11-28,,706.9520263671875,708.6743162950987,699.637803805144,703.5297239376962,13747479.0,RELIANCE.NS
2019-11-29,,693.9118041992188,707.6902457553092,692.4355212735608,707.6902457553092,18559594.0,RELIANCE.NS
2019-12-02,,709.7256469726562,722.2291370961592,705.4757945873412,715.7649203188947,31225364.0,RELIANCE.NS
2019-12-03,,706.3257446289062,713.0807625025484,703.5074409435476,712.521616976094,12990426.0,RELIANCE.NS
2019-12-04,,694.6051025390625,705.6994404448031,686.1277352132506,703.6863493987005,20987607.0,RELIANCE.NS
2019-12-05,,693.777587890625,706.7060824908307,690.7132168735769,704.1337858639256,19942460.0,RELIANCE.NS
2019-12-06,,695.5892944335938,701.4496318188408,689.4158188233732,694.7393478229513,13085234.0,RELIANCE.NS
2019-12-09,,703.5074462890625,705.6547395239869,691.8315057288436,696.148489076925,12642677.0,RELIANCE.NS
2019-12-10,,698.7431030273438,703.9547668583747,695.2537292215869,703.2613595277428,10173333.0,RELIANCE.NS
2019-12-11,,698.9444580078125,704.357395282487,693.6656631029554,695.902424408401,12364641.0,RELIANCE.NS
2019-12-12,,701.5391235351562,704.0666860237436,696.3721933363692,702.4562010874308,10326606.0,RELIANCE.NS
2019-12-13,,708.1151733398438,711.2914090338671,703.417980571226,706.8178266982692,12668303.0,RELIANCE.NS
2019-12-16,,700.8234252929688,713.0361159104941,699.8168796069076,712.186169215049,11892718.0,RELIANCE.NS
2019-12-17,,699.07861328125,706.3704391201239,695.8800406479394,700.8903713025642,20324601.0,RELIANCE.NS
2019-12-18,,704.9613647460938,706.8178569998239,698.7655517905632,699.212892125798,14742077.0,RELIANCE.NS
2019-12-19,,720.2161254882812,722.4305498496976,703.1496428791409,703.9995895600298,20507816.0,RELIANCE.NS
2019-12-20,,715.3624267578125,723.6160657964955,714.0203458944013,722.4753179663521,21271510.0,RELIANCE.NS
2019-12-23,,702.9706420898438,705.7218149032799,696.8866346005615,697.9155173301782,25107772.0,RELIANCE.NS
2019-12-24,,691.8092651367188,703.2614774131188,690.0421810600255,701.8523253630461,18048449.0,RELIANCE.NS
2019-12-26,,677.9189453125,694.7170240868594,675.570318790412,689.6619584729085,29761019.0,RELIANCE.NS
2019-12-27,,689.97509765625,691.6973879397483,680.5583141243674,683.1082139531873,17677571.0,RELIANCE.NS
2019-12-30,,690.8026733398438,692.3460274000547,683.5779176956529,691.5855488098815,17123749.0,RELIANCE.NS
2019-12-31,,677.3150024414062,690.5790325109319,674.6309005193739,689.8184941634283,22203005.0,RELIANCE.NS
2020-01-01,,675.3241577148438,683.1528519736394,673.4900624593615,679.0819357370663,14004468.0,RELIANCE.NS
2020-01-02,,686.8212890625,689.3488518479688,676.3979593733322,676.3979593733322,17710316.0,RELIANCE.NS
2020-01-03,,687.6488037109375,689.6618949086101,681.3187290426969,685.7922517653002,20984698.0,RELIANCE.NS
2020-01-06,,671.7007446289062,683.510829151107,670.1349935917717,679.976780464453,24519177.0,RELIANCE.NS
2020-01-07,,682.0345458984375,686.4633346701793,677.0688889990518,679.5293205694625,16683622.0,RELIANCE.NS
2020-01-08,,676.9124145507812,686.4410035098094,675.5032624964547,677.7400241132464,16047902.0,RELIANCE.NS
2020-01-09,,692.5026245117188,693.3973052036212,685.0094646794911,688.2975058097518,14982742.0,RELIANCE.NS
2020-01-10,,692.3460083007812,696.9537331994524,688.7671661721967,694.247234586273,12478359.0,RELIANCE.NS
2020-01-13,,690.5790405273438,697.289325272827,688.2080768341074,691.182979891191,18282382.0,RELIANCE.NS
2020-01-14,,684.181884765625,693.3973351908096,680.8043754201078,688.9238120878065,15816535.0,RELIANCE.NS
2020-01-15,,681.698974609375,688.8789956511123,679.19380913835,687.067237525864,15817859.0,RELIANCE.NS
2020-01-16,,687.9841918945312,690.4222859565853,683.5554037659856,684.002803761548,12847975.0,RELIANCE.NS
2020-01-17,,707.2652587890625,709.0322829800654,694.8288390890643,694.9630411899628,29463471.0,RELIANCE.NS
2020-01-20,,685.5015869140625,719.7912122876511,682.839822082319,719.7912122876511,32545850.0,RELIANCE.NS
2020-01-21,,686.1950073242188,691.5408742450458,680.8714775601642,683.8240435553602,18922720.0,RELIANCE.NS
2020-01-22,,685.9488525390625,691.9433921150559,684.9423069375898,690.7131763493682,10322817.0,RELIANCE.NS
2020-01-23,,683.0411376953125,689.796156393504,680.2899048582964,687.3580618125278,11247739.0,RELIANCE.NS
2020-01-24,,680.6700439453125,687.2908592684342,679.3279633794755,683.1080783353278,14628445.0,RELIANCE.NS
2020-01-27,,673.9598388671875,681.9674704241261,673.2664314282462,677.6952802850295,13387750.0,RELIANCE.NS
2020-01-28,,658.3919067382812,675.5031818296184,654.7459935025485,674.8768456496997,24532236.0,RELIANCE.NS
2020-01-29,,662.0155029296875,668.5244541677285,654.9472866809749,659.4208095162297,24746565.0,RELIANCE.NS
2020-01-30,,645.8660278320312,661.9483606637074,644.1884717288344,661.6352224321117,22402689.0,RELIANCE.NS
2020-01-31,,631.5059814453125,650.1158766250334,629.5152871221561,650.0040116804691,34750310.0,RELIANCE.NS
2020-02-03,,619.8077392578125,626.2720164126083,609.7646795449248,612.8290505582687,30712290.0,RELIANCE.NS
2020-02-04,,638.1044311523438,640.8332667548419,625.310139999637,626.2942886767648,25383901.0,RELIANCE.NS
2020-02-05,,647.9909057617188,649.9145288544571,639.849132797698,641.9068982608502,18472100.0,RELIANCE.NS
2020-02-06,,652.1512451171875,656.2668952091881,644.2331428592124,650.4960860546478,15538577.0,RELIANCE.NS
2020-02-07,,641.3477783203125,649.7132815022266,638.9544179355763,649.109342186217,12209212.0,RELIANCE.NS
2020-02-10,,642.2201538085938,646.6489428047836,630.9692153123326,638.8202476362594,15142476.0,RELIANCE.NS
2020-02-11,,649.8922729492188,655.9091502920886,646.4476326193693,647.4989123607826,13999816.0,RELIANCE.NS
2020-02-12,,657.7432861328125,659.7787743619559,650.8987994375913,651.4132707150139,13533565.0,RELIANCE.NS
2020-02-13,,659.465576171875,661.076061195236,654.2986456938107,661.076061195236,13565659.0,RELIANCE.NS
2020-02-14,,665.4824829101562,671.6782959370149,650.0487633667867,660.8523610746443,21227841.0,RELIANCE.NS
2020-02-17,,661.2996826171875,673.7808361092095,659.5326584603905,666.1087404521531,13149130.0,RELIANCE.NS
2020-02-18,,656.4458618164062,660.248373884015,651.9723392868693,660.248373884015,11127161.0,RELIANCE.NS
2020-02-19,,672.7294921875,673.9149738050373,659.8904676603004,661.7916937337079,14084409.0,RELIANCE.NS
2020-02-20,,664.7443237304688,674.6084467350322,663.7825121618259,669.687583672214,16892268.0,RELIANCE.NS
2020-02-24,,646.40283203125,660.7404777544862,643.9871345353313,657.4971707893623,21370214.0,RELIANCE.NS
2020-02-25,,633.6309814453125,649.2883120922913,630.7678836964259,649.2883120922913,27745062.0,RELIANCE.NS
2020-02-26,,622.7155151367188,631.8191601622372,620.6353526146177,630.7678804610105,29362748.0,RELIANCE.NS
2020-02-27,,620.1432495117188,623.5207586374837,612.4263599498594,620.9260652375485,25054993.0,RELIANCE.NS
2020-02-28,,594.3756713867188,607.0581581658521,592.7428492925397,606.1186837322065,39315769.0,RELIANCE.NS
2020-03-02,,588.7838745117188,612.4264415419138,582.0511925175142,606.2082308653773,29500495.0,RELIANCE.NS
2020-03-03,,600.7280883789062,605.6713484615526,591.4007735026032,594.8454135797672,27398798.0,RELIANCE.NS
2020-03-04,,599.3189086914062,605.6265863851147,585.0930684252744,604.8213738082619,22105261.0,RELIANCE.NS
2020-03-05,,586.5470581054688,607.4831839260905,584.2431656944867,604.9108873026663,30510390.0,RELIANCE.NS
2020-03-06,,568.585693359375,576.2578480858582,555.2098603549766,568.1383530699313,33734039.0,RELIANCE.NS
2020-03-09,,498.4184265136719,555.1651580471522,489.85162058131226,554.7401548853941,88187018.0,RELIANCE.NS
2020-03-11,,516.0442504882812,527.1833252860168,495.66729762910234,495.66729762910234,59578576.0,RELIANCE.NS
2020-03-12,,475.5363464355469,492.5357574215292,469.13920029845366,485.3781326945414,55970485.0,RELIANCE.NS
2020-03-13,,494.4593811035156,509.98250923399024,421.58557799627334,446.45838815033005,73297403.0,RELIANCE.NS
2020-03-16,,454.3765563964844,483.00714524632815,449.58986531183916,474.4403385952524,38482258.0,RELIANCE.NS
2020-03-17,,450.9319152832031,474.19426900063905,448.78462201274766,468.49050072051966,45445979.0,RELIANCE.NS
2020-03-18,,433.261474609375,463.4130789981454,429.90633253193516,458.6711221665263,44730415.0,RELIANCE.NS
2020-03-19,,410.5359802246094,432.59048846857144,399.1284718415243,411.60962701845824,61404010.0,RELIANCE.NS
2020-03-20,,455.3830871582031,462.9657149231966,416.03836966442924,420.2882223245293,63360475.0,RELIANCE.NS
2020-03-23,,395.4825134277344,424.98544483853334,391.72473514239124,409.86489349215907,40670949.0,RELIANCE.NS
2020-03-24,,422.03289794921875,433.93247910305325,400.7389011910396,416.0383584084689,45734887.0,RELIANCE.NS
2020-03-25,,484.14788818359375,515.1494403179707,430.91289363718744,431.15893082862937,73130298.0,RELIANCE.NS
2020-03-26,,476.96783447265625,499.648645569476,466.2984692637249,490.2094960975014,45744488.0,RELIANCE.NS
2020-03-27,,476.699462890625,495.3540929516579,468.0208212280606,489.8516573515531,41657940.0,RELIANCE.NS
2020-03-30,,460.9749755859375,480.81508630927294,456.30014975804846,465.51562917935905,30229866.0,RELIANCE.NS
2020-03-31,,498.2395324707031,505.41952430798887,468.8260681247117,480.4348787671312,44292810.0,RELIANCE.NS
2020-04-01,,483.3426513671875,503.093264271414,467.5734569491014,502.0419846435416,41597459.0,RELIANCE.NS
2020-04-03,,482.0005798339844,507.4997254458984,472.5390630031507,507.4997254458984,41367807.0,RELIANCE.NS
2020-04-07,,539.5525512695312,543.0865994063779,492.0883712024452,493.0278157060707,54373624.0,RELIANCE.NS
2020-04-08,,533.31201171875,549.7970116946221,518.9296308909336,527.8766770166352,49880330.0,RELIANCE.NS
2020-04-09,,545.7484130859375,551.4968858405396,533.6922622821191,543.0866484415843,33032857.0,RELIANCE.NS
2020-04-13,,531.969970703125,543.534047096568,527.8766572382242,538.590786977077,23673784.0,RELIANCE.NS
2020-04-15,,514.388916015625,552.9283884903713,511.32454531609477,535.50397581859,35321842.0,RELIANCE.NS
2020-04-16,,522.5308227539062,531.2094648682425,512.2193584197375,514.3889890858135,37455706.0,RELIANCE.NS
2020-04-17,,547.5601196289062,550.2442808995188,533.535612903734,543.9813374764348,33269335.0,RELIANCE.NS
2020-04-20,,556.4177856445312,562.3227974116861,537.7184224485133,548.4548889228998,36030932.0,RELIANCE.NS
2020-04-21,,553.5323486328125,560.0860337092978,520.7190100428373,541.2972025264376,61371628.0,RELIANCE.NS
2020-04-22,,610.0106811523438,619.5393292310587,581.5590584712065,590.5061043699907,142683366.0,RELIANCE.NS
2020-04-23,,613.2763671875,619.9643142606366,605.4029383592604,611.6882791292506,65464502.0,RELIANCE.NS
2020-04-24,,633.8994140625,668.7705820869983,602.674159716329,603.993843697594,134986308.0,RELIANCE.NS
2020-04-27,,639.6032104492188,659.8459318090127,636.5835730315956,641.504437093638,58482901.0,RELIANCE.NS
2020-04-28,,638.8873291015625,651.1000185601599,622.7825996528488,648.6619839341811,78453401.0,RELIANCE.NS
2020-04-29,,638.3505249023438,650.2948710877204,635.2414197546999,646.3805532770238,37494672.0,RELIANCE.NS
2020-04-30,,655.8196411132812,668.770532341543,643.3161499559969,650.4290406318744,71345899.0,RELIANCE.NS
2020-05-04,,642.0411987304688,655.3722993617022,634.100638844068,644.1884921115068,53456868.0,RELIANCE.NS
2020-05-05,,653.42626953125,661.6352335022636,647.409392668105,650.3172243173109,44903763.0,RELIANCE.NS
2020-05-06,,653.4710083007812,664.2969422025669,646.6488596777011,654.9248941405343,40489094.0,RELIANCE.NS
2020-05-07,,674.1387939453125,677.1360939711861,646.4253105657003,650.8988338602702,50026966.0,RELIANCE.NS
2020-05-08,,698.6760864257812,706.7731256998821,687.6264217526766,691.1605298647231,84262770.0,RELIANCE.NS
2020-05-11,,705.3864135742188,722.4752932861393,703.3733222103791,706.8179027396051,67085063.0,RELIANCE.NS
2020-05-12,,661.7470092773438,701.6062261496023,655.3722604271993,700.0180784316636,100683202.0,RELIANCE.NS
2020-05-13,,675.7871704101562,689.5833490177412,656.6169951579172,689.5833490177412,66430125.0,RELIANCE.NS
2020-05-14,,648.4657592773438,675.9000855316069,645.8013667337839,663.3909205122524,49266771.0,RELIANCE.NS
2020-05-15,,659.0556640625,662.3523056062347,639.0500542508714,652.101104371265,62152260.0,RELIANCE.NS
2020-05-18,,650.6334228515625,669.2616544401022,644.875632962838,663.842565100716,62796089.0,RELIANCE.NS
2020-05-19,,636.2501220703125,660.0943173105137,633.6986696085636,657.9718098763932,42315854.0,RELIANCE.NS
2020-05-20,,647.44970703125,653.3881649537279,629.0698124523583,636.7469251931129,55320985.0,RELIANCE.NS
2020-05-21,,650.8592529296875,659.981412669229,643.5208404585119,648.0367682176926,39167981.0,RELIANCE.NS
2020-05-22,,646.478759765625,658.4234038155449,644.1982199074185,655.6235549779989,37828973.0,RELIANCE.NS
2020-05-26,,643.091796875,654.6751640177939,639.5919112653286,653.9751868958597,33216635.0,RELIANCE.NS
2020-05-27,,652.8010864257812,656.61703698639,637.6501047337907,646.2303793438942,35667956.0,RELIANCE.NS
2020-05-28,,664.8587036132812,668.2456498737008,654.3591642334784,657.0687092968097,40126278.0,RELIANCE.NS
2020-05-29,,661.3135986328125,664.7456963541632,656.007389810822,662.9393134152917,40022527.0,RELIANCE.NS
2020-06-01,,686.580322265625,694.7090163146383,666.5295595380629,668.3585186853417,39943702.0,RELIANCE.NS
2020-06-02,,693.5121459960938,695.4540448662401,686.7834072832798,689.1317348245016,22153960.0,RELIANCE.NS
2020-06-03,,696.19921875,704.4859445214847,692.4509368094127,697.712053268636,25381289.0,RELIANCE.NS
2020-06-04,,713.4275512695312,717.8080227909754,695.9057249087699,697.2604674305974,34202350.0,RELIANCE.NS
2020-06-05,,714.2854614257812,730.6783035409757,710.6726957536978,720.2916470274907,33076685.0,RELIANCE.NS
2020-06-08,,708.7760620117188,730.8590266524802,706.7439184964705,730.8590266524802,31414953.0,RELIANCE.NS
2020-06-09,,694.1670532226562,714.8726404733965,692.29294201313,704.6214390965813,25857161.0,RELIANCE.NS
2020-06-10,,709.9728393554688,713.3146329578219,695.4766830422209,696.8540015463917,22132647.0,RELIANCE.NS
2020-06-11,,694.4154663085938,708.0761301554923,691.3897970340737,707.1955445300772,20385805.0,RELIANCE.NS
2020-06-12,,717.4918212890625,719.3885083960947,676.0354981246212,677.3903002260765,38548899.0,RELIANCE.NS
2020-06-15,,729.1204223632812,734.7201801016447,704.9827364804711,706.7439674657269,53107403.0,RELIANCE.NS
2020-06-16,,730.5428466796875,744.474480971934,715.9111755811775,741.9681807809915,51187003.0,RELIANCE.NS
2020-06-17,,729.481689453125,738.5586972066078,723.4980791176175,726.2753520321108,41782053.0,RELIANCE.NS
2020-06-18,,747.793701171875,751.9031997400788,725.0785489207035,725.7107978465832,40471557.0,RELIANCE.NS
2020-06-19,,794.5337524414062,807.8105634275437,750.5485488531187,754.1612552518901,105804173.0,RELIANCE.NS
2020-06-22,,788.550048828125,814.7650268662464,783.5147529061562,800.8559685231744,60198705.0,RELIANCE.NS
2020-06-23,,777.1473388671875,796.4981230069162,774.9796793150689,790.2886927800162,37962078.0,RELIANCE.NS
2020-06-24,,780.285888671875,800.5398941664224,772.9926883895107,783.9212306484618,51586221.0,RELIANCE.NS
2020-06-25,,775.7925415039062,789.8371168459703,773.6023058840819,779.9020403666149,39679374.0,RELIANCE.NS
2020-06-26,,786.5178833007812,791.1919028764127,775.3860969939733,780.7149415817722,30921913.0,RELIANCE.NS
2020-06-29,,778.1633911132812,785.6598351283517,774.7312935693344,780.3762026333931,25621946.0,RELIANCE.NS
2020-06-30,,769.560546875,786.2243018289918,765.6993848508981,784.4179786955026,30276420.0,RELIANCE.NS
2020-07-01,,784.6889038085938,789.8370801059237,771.3443062214384,776.7408788298266,28464103.0,RELIANCE.NS
2020-07-02,,798.1976928710938,801.485081567038,786.725864305351,790.3306639056832,28789533.0,RELIANCE.NS
2020-07-03,,810.6897583007812,813.0023064997346,801.6664846343106,807.0169546549783,29434266.0,RELIANCE.NS
2020-07-06,,839.6639404296875,842.4751826446228,812.5940628292079,818.4433464240967,47016185.0,RELIANCE.NS
2020-07-07,,826.8092041015625,845.3545651080822,819.0329064848479,843.3821557977242,35189589.0,RELIANCE.NS
2020-07-08,,815.2694091796875,832.0236438535034,811.6419416064408,827.0812567649883,26204095.0,RELIANCE.NS
2020-07-09,,827.1719360351562,832.0463193953086,809.9415548565688,820.257139626406,36418942.0,RELIANCE.NS
2020-07-10,,851.566650390625,854.5366284923592,827.1720037016764,829.0991372532924,43759967.0,RELIANCE.NS
2020-07-13,,877.3895263671875,883.1480789947044,861.519399808991,863.0383906975433,69608392.0,RELIANCE.NS
2020-07-14,,869.2277221679688,880.4274760561808,855.7608159923657,876.9360759259316,67331128.0,RELIANCE.NS
2020-07-15,,836.127197265625,897.2497559791088,815.2694086530637,878.7270634112394,139669773.0,RELIANCE.NS
2020-07-16,,835.855224609375,847.463061457531,821.8214999600007,837.4875551151266,60961724.0,RELIANCE.NS
2020-07-17,,866.8245239257812,870.5879989548259,833.4066071401047,836.5806561826539,49726765.0,RELIANCE.NS
2020-07-20,,870.5426025390625,876.0291396123432,861.3606541786958,869.5904298045907,36592938.0,RELIANCE.NS
2020-07-21,,893.9623413085938,896.4335647635958,878.0696081666921,879.2031842537095,42173371.0,RELIANCE.NS
2020-07-22,,908.67626953125,911.3968402873401,889.0426683207968,899.1541819328522,59771457.0,RELIANCE.NS
2020-07-23,,933.07080078125,943.0009104541319,902.9402730055884,908.6534892544267,58333751.0,RELIANCE.NS
2020-07-24,,973.1314697265625,980.771759562493,933.0708309814001,933.161502678431,120597372.0,RELIANCE.NS
2020-07-27,,977.6885375976562,997.0047292904097,964.8564523008031,987.9361194684092,80304827.0,RELIANCE.NS
2020-07-28,,987.4371948242188,994.8281373893102,975.1718690276076,977.6884283611794,55114422.0,RELIANCE.NS
2020-07-29,,950.6866455078125,989.7497164572247,938.806733983119,987.5279599955765,72663399.0,RELIANCE.NS
2020-07-30,,956.218505859375,970.2068340349582,939.5095470108182,951.7522051350378,72857444.0,RELIANCE.NS
2020-07-31,,937.2877197265625,965.3551074174673,930.8036739652497,958.7803899595893,74958061.0,RELIANCE.NS
2020-08-03,,910.9434204101562,932.7081063612384,908.2681255398212,930.1235431581412,46715383.0,RELIANCE.NS
2020-08-04,,975.1492919921875,982.5855710982528,906.9759241686489,916.2032692730761,92041055.0,RELIANCE.NS
2020-08-05,,964.1988525390625,995.7349719814191,960.5033812650585,983.492374105097,74549993.0,RELIANCE.NS
2020-08-06,,967.6676025390625,982.9029063632007,955.7423553761497,978.0511909769217,49322975.0,RELIANCE.NS
2020-08-07,,973.2675170898438,978.41397565965,961.3649973579197,965.7178986420788,32984416.0,RELIANCE.NS
2020-08-10,,961.2062377929688,981.6786719644749,955.8784359553779,979.0034370833714,26958997.0,RELIANCE.NS
2020-08-11,,967.5316772460938,979.4115895703418,952.3643759054555,967.985095738823,46828306.0,RELIANCE.NS
2020-08-12,,964.7203369140625,972.6100942320181,955.2889807683499,961.727691023823,30264617.0,RELIANCE.NS
2020-08-13,,962.2037353515625,969.8440247443451,956.7398664015554,964.9016379581266,24830322.0,RELIANCE.NS
2020-08-14,,958.4630126953125,978.0512181796919,947.331262509623,962.4304992398274,33224635.0,RELIANCE.NS
2020-08-17,,948.2835693359375,954.4728728160779,938.6481413156387,954.4728728160779,30979066.0,RELIANCE.NS
2020-08-18,,960.6168212890625,967.7583570068861,944.2026051100721,945.4041850307872,30547672.0,RELIANCE.NS
2020-08-19,,966.5114135742188,976.6909912734272,961.8864371354927,970.7963711289713,34087543.0,RELIANCE.NS
2020-08-20,,950.8680419921875,963.0426971858464,946.7644877423543,961.2742991196269,22537845.0,RELIANCE.NS
2020-08-21,,943.975830078125,962.1811114690666,941.7766816436981,960.3673777103614,25280895.0,RELIANCE.NS
2020-08-24,,950.278564453125,954.2460509640609,938.8294034471639,948.3061551600297,32717218.0,RELIANCE.NS
2020-08-25,,944.0892944335938,957.3295226374499,942.2302245813022,954.9263026016258,19388008.0,RELIANCE.NS
2020-08-26,,969.1185913085938,973.9476387792452,928.1737834196999,945.404164454041,59870421.0,RELIANCE.NS
2020-08-27,,957.0120849609375,974.8772893855145,953.6793600760861,973.9703924276448,28085062.0,RELIANCE.NS
2020-08-28,,959.5285034179688,967.1234569866326,955.0395350457942,961.2741733617809,27166900.0,RELIANCE.NS
2020-08-31,,943.4544677734375,985.7595929976718,934.2271229260566,985.7595929976718,62076132.0,RELIANCE.NS
2020-09-01,,946.4243774414062,962.362446519786,935.1565603111148,952.205597527122,38616258.0,RELIANCE.NS
2020-09-02,,964.992431640625,969.4360647157956,945.4042254030269,948.5782147606872,26949439.0,RELIANCE.NS
2020-09-03,,957.6921997070312,969.7761228830589,953.5659776492615,964.9017393534515,18586429.0,RELIANCE.NS
2020-09-04,,941.8900146484375,950.8226158672919,939.6001945341707,944.746652794342,28475945.0,RELIANCE.NS
2020-09-07,,944.3385620117188,954.8128218318382,926.9267781694189,944.9507158856927,21926473.0,RELIANCE.NS
2020-09-08,,955.4249877929688,961.7276301292338,943.3636733262639,948.5781353786673,27397082.0,RELIANCE.NS
2020-09-09,,980.0235595703125,982.9482014289301,943.7944011305527,945.4041235297914,55310877.0,RELIANCE.NS
2020-09-10,,1049.239990234375,1063.2737150092375,986.3716977544623,989.8858259136236,140304404.0,RELIANCE.NS
2020-09-11,,1051.84716796875,1060.0542764084548,1037.042733630043,1048.3331597240744,59470807.0,RELIANCE.NS
2020-09-14,,1044.048095703125,1070.097737564955,1034.7300199764575,1054.2276724587873,44063445.0,RELIANCE.NS
2020-09-15,,1051.439208984375,1054.5678626798037,1037.5188229090886,1048.3105552889465,27178393.0,RELIANCE.NS
2020-09-16,,1054.0235595703125,1074.3372576523657,1047.6755813917168,1051.9604186878269,33952295.0,RELIANCE.NS
2020-09-17,,1042.3251953125,1058.17259404091,1039.1964218842008,1051.9605029718427,25828669.0,RELIANCE.NS
2020-09-18,,1045.4764404296875,1051.7110790333331,1032.2588818564082,1049.3532551234189,33074915.0,RELIANCE.NS
2020-09-21,,1022.873046875,1059.2154905008208,1019.0187796989217,1042.8919445959598,33627381.0,RELIANCE.NS
2020-09-22,,1002.6045532226562,1032.4629482711289,998.2515919553894,1032.4629482711289,34792254.0,RELIANCE.NS
2020-09-23,,1011.514404296875,1032.3495853551422,999.95196363165,1024.7546312020859,42988708.0,RELIANCE.NS
2020-09-24,,989.0242919921875,1009.3379310241465,986.6890759494188,1001.1308828752752,29826318.0,RELIANCE.NS
2020-09-25,,998.319580078125,1003.3526989604931,982.7215890510984,992.561027630643,28374935.0,RELIANCE.NS
2020-09-28,,1004.9169921875,1014.7791583315967,1000.7454344947183,1009.7913754651387,19666849.0,RELIANCE.NS
2020-09-29,,1017.9758911132812,1026.5683543037608,1004.9170669476492,1008.8846136182149,25842539.0,RELIANCE.NS
2020-09-30,,1013.1241455078125,1027.928578554187,1008.8845241351473,1024.754589473698,24465159.0,RELIANCE.NS
2020-10-01,,1008.9979248046875,1026.4776536649397,1003.8968020817645,1026.4776536649397,20783227.0,RELIANCE.NS
2020-10-05,,1003.0806274414062,1019.8348626021702,1000.2693849664739,1017.4997065200467,18922799.0,RELIANCE.NS
2020-10-06,,1002.2417602539062,1012.9200316663944,998.2968817912705,1008.9978810960307,18412175.0,RELIANCE.NS
2020-10-07,,1023.62109375,1046.9727737786616,1006.6173920088511,1013.4188487180892,53170865.0,RELIANCE.NS
2020-10-08,,1015.345947265625,1028.3821636698403,1007.5696492243518,1024.3012173405473,21077808.0,RELIANCE.NS
2020-10-09,,1012.716064453125,1021.5806624419674,1005.3024535496829,1013.4188900706193,18545499.0,RELIANCE.NS
2020-10-12,,1014.3484497070312,1022.8275734890677,1009.4514579814905,1013.4189447872923,14226473.0,RELIANCE.NS
2020-10-13,,1034.1407470703125,1036.4305673579886,1009.2699549272937,1011.423767661742,23112012.0,RELIANCE.NS
2020-10-14,,1037.2239990234375,1044.7056133384592,1028.608748631058,1033.3245163972065,26742011.0,RELIANCE.NS
2020-10-15,,1000.4960327148438,1038.3575230267356,995.2815705789496,1038.3575230267356,20036197.0,RELIANCE.NS
2020-10-16,,986.5757446289062,1012.285249528179,985.1474254749343,1004.3502763795697,21583600.0,RELIANCE.NS
2020-10-19,,986.7570190429688,1010.5621766967382,977.2123240387696,993.0370533155368,31200385.0,RELIANCE.NS
2020-10-20,,977.5525512695312,994.3748516393613,975.8974927608745,988.0268126324809,18482288.0,RELIANCE.NS
2020-10-21,,963.3601684570312,993.9214519641914,951.18551250082,983.0391077416422,34082321.0,RELIANCE.NS
2020-10-22,,955.35693359375,966.9421018379,948.1247264007278,964.6296137675083,30802210.0,RELIANCE.NS
2020-10-23,,958.1229858398438,968.075764596618,950.573367065108,954.9262685377893,23422125.0,RELIANCE.NS
2020-10-26,,920.0572509765625,953.0896904842623,915.250871932962,953.0896904842623,37324416.0,RELIANCE.NS
2020-10-27,,922.5059814453125,934.0004191107241,909.129746090359,922.6873248555474,36478896.0,RELIANCE.NS
2020-10-28,,912.0543212890625,933.0255097674074,910.2179195551136,925.8159103792913,29924017.0,RELIANCE.NS
2020-10-29,,919.059814453125,925.9066672658702,902.7816655110513,905.5022363151312,30655304.0,RELIANCE.NS
2020-10-30,,931.5745239257812,936.3809035347286,916.7473024873174,922.0524364064571,34021563.0,RELIANCE.NS
2020-11-02,,851.2945556640625,919.1051761545775,842.9967754989971,919.1051761545775,99366895.0,RELIANCE.NS
2020-11-03,,839.0291748046875,865.600239943717,832.0917105106013,856.9850494031045,88691623.0,RELIANCE.NS
2020-11-04,,867.504638671875,874.6689020903103,832.953205081128,832.953205081128,80180117.0,RELIANCE.NS
2020-11-05,,886.4581298828125,889.1560327894556,876.0292050636682,886.4354619573483,37205373.0,RELIANCE.NS
2020-11-06,,920.0800170898438,924.9997362683603,896.955016187128,902.3282137896616,66674086.0,RELIANCE.NS
2020-11-09,,929.8514404296875,938.1492199552745,923.1859913130511,935.0205666821017,35838510.0,RELIANCE.NS
2020-11-10,,945.2001342773438,947.6713579150476,925.5439246746041,941.7767378395364,36934242.0,RELIANCE.NS
2020-11-11,,905.5928344726562,949.9384288213167,896.9323084725518,947.217858238175,56724780.0,RELIANCE.NS
2020-11-12,,897.7938842773438,910.6940326424576,890.9924272689508,898.247362719015,40046527.0,RELIANCE.NS
2020-11-13,,905.2301635742188,923.4807818666762,898.5874420075651,898.7007816340105,45388670.0,RELIANCE.NS
2020-11-14,,907.9053955078125,913.8000155522184,904.7540741586882,913.6186721505104,5226220.0,RELIANCE.NS
2020-11-17,,903.8018188476562,945.4041769988106,900.0610116001939,945.4041769988106,46542562.0,RELIANCE.NS
2020-11-18,,901.05859375,909.8098520291383,888.7705994600573,903.8018324500739,30402290.0,RELIANCE.NS
2020-11-19,,894.6879272460938,911.6008986042735,892.4434427638029,901.0586339089177,27796343.0,RELIANCE.NS
2020-11-20,,861.292724609375,899.5169641211087,859.2522514859126,895.5267495451352,57471248.0,RELIANCE.NS
2020-11-23,,884.5083618164062,893.2595600473776,873.4219475565428,884.644369365096,45327567.0,RELIANCE.NS
2020-11-24,,890.5616455078125,895.0732820966707,876.0291671598031,890.538977583329,30936268.0,RELIANCE.NS
2020-11-25,,883.193359375,903.6657931642695,880.654192057057,897.7938413094128,32637879.0,RELIANCE.NS
2020-11-26,,885.369873046875,890.9924179780169,875.1450197156285,885.5739443403047,25838637.0,RELIANCE.NS
2020-11-27,,875.0315551757812,886.9568018403075,871.2227443709401,879.8832703592948,47336811.0,RELIANCE.NS
2020-12-01,,886.4127197265625,891.5591779283297,875.1449626736697,879.8152745444881,19750687.0,RELIANCE.NS
2020-12-02,,887.8864135742188,889.6321436054803,877.3894853981996,888.0450890461269,22188887.0,RELIANCE.NS
2020-12-03,,890.5616455078125,898.2926670858094,888.1130898872199,894.166445181224,27785372.0,RELIANCE.NS
2020-12-04,,882.7173461914062,892.806192431299,879.6566964271353,892.806192431299,18464552.0,RELIANCE.NS
2020-12-07,,887.9090576171875,890.9923750186222,879.9286890581647,879.9286890581647,18242188.0,RELIANCE.NS
2020-12-08,,904.028564453125,913.3239128258733,884.1909519390108,889.2467387240156,43403061.0,RELIANCE.NS
2020-12-09,,919.08251953125,922.1885651259229,906.5225094998519,911.3742252800819,29175254.0,RELIANCE.NS
2020-12-10,,910.0365600585938,919.7853272816659,907.3159891974719,916.6566737897788,16065507.0,RELIANCE.NS
2020-12-11,,909.4924926757812,924.0929759507371,895.1866924423914,912.7571538037538,26944202.0,RELIANCE.NS
2020-12-14,,902.9176635742188,913.6639990942831,900.6731791916262,910.4672819578382,17312747.0,RELIANCE.NS
2020-12-15,,895.2320556640625,902.1921882018914,889.2240359631435,902.1921882018914,18551265.0,RELIANCE.NS
2020-12-16,,896.2295532226562,904.5727289498443,891.3098338764274,901.4213476389596,18561011.0,RELIANCE.NS
2020-12-17,,900.3331298828125,909.1297243018021,896.5016507528353,899.8343755485606,20252358.0,RELIANCE.NS
2020-12-18,,903.031005859375,909.0843613071538,890.9924186751066,897.8392714360722,18466344.0,RELIANCE.NS
2020-12-21,,879.5205688476562,916.8379694209409,841.2283275836958,911.3968279822237,44135540.0,RELIANCE.NS
2020-12-22,,878.1603393554688,888.2265172786522,856.2822534289644,883.7375484737753,28140001.0,RELIANCE.NS
2020-12-23,,881.40234375,884.8484079017386,870.8826879671385,875.1223093610237,19501410.0,RELIANCE.NS
2020-12-24,,904.2100830078125,906.3185001238459,882.3319946655577,882.8307490429305,20776988.0,RELIANCE.NS
2020-12-28,,908.35888671875,915.0243362502358,904.7314189530317,909.900545527166,17221499.0,RELIANCE.NS
2020-12-29,,902.3509521484375,912.439798429375,898.9501635431251,910.9434754302608,18611939.0,RELIANCE.NS
2020-12-30,,904.822021484375,910.1271552061415,895.7760806552021,904.7086818653785,22043630.0,RELIANCE.NS
2020-12-31,,900.197021484375,912.2582756026694,897.1590400316046,903.9151605691493,18781189.0,RELIANCE.NS
2021-01-01,,901.1947021484375,905.5022677403856,898.7008105101149,901.4213814086115,10015175.0,RELIANCE.NS
2021-01-04,,902.7136840820312,906.3637598470406,892.352762889534,904.6407576146281,24513534.0,RELIANCE.NS
2021-01-05,,891.4912719726562,899.4263054198029,886.9115713255545,892.8061915878011,24123091.0,RELIANCE.NS
2021-01-06,,867.9808349609375,891.4458559107388,863.8546128646693,891.4005200596658,46401468.0,RELIANCE.NS
2021-01-07,,866.5751953125,881.9238397966232,863.8546244352824,870.814757093236,32325918.0,RELIANCE.NS
2021-01-08,,876.800048828125,878.9311936650147,867.0059456976594,869.6811807226603,27540187.0,RELIANCE.NS
2021-01-11,,860.2724609375,879.1125050229124,858.1186482532938,879.1125050229124,33307825.0,RELIANCE.NS
2021-01-12,,887.3876953125,888.7252828199374,861.4740587259083,862.87970997784,41161546.0,RELIANCE.NS
2021-01-13,,879.112548828125,895.5040980209848,869.8852636562669,890.3349713085404,26619458.0,RELIANCE.NS
2021-01-14,,888.997314453125,891.8539526683576,879.225879879633,881.9237826562116,21553242.0,RELIANCE.NS
2021-01-15,,878.5004272460938,894.9826476255291,870.6107298685408,888.9973558240713,20593268.0,RELIANCE.NS
2021-01-18,,899.5850219726562,905.5023104311074,872.1071166758358,883.7829581350744,35100458.0,RELIANCE.NS
2021-01-19,,914.298828125,920.9188817318542,904.4366615381475,904.4366615381475,32006615.0,RELIANCE.NS
2021-01-20,,931.6652221679688,933.1615451092317,907.4973158868203,916.5659852036083,30924537.0,RELIANCE.NS
2021-01-21,,951.9335327148438,961.2742166156673,940.869846715687,944.0438358240183,39087742.0,RELIANCE.NS
2021-01-22,,929.352783203125,959.1659039809861,922.8006730227185,957.1934345680818,30532660.0,RELIANCE.NS
2021-01-25,,880.1100463867188,922.7099125187834,876.0291603627637,922.7099125187834,54207104.0,RELIANCE.NS
2021-01-27,,859.2523193359375,872.8552946623277,856.0783297395525,872.8552946623277,42370131.0,RELIANCE.NS
2021-01-28,,850.886474609375,872.0844035148573,847.9164965706553,852.5188051471522,34067814.0,RELIANCE.NS
2021-01-29,,835.19775390625,867.4593698333902,829.7792200753853,858.9348503983574,43712383.0,RELIANCE.NS
2021-02-01,,859.3883666992188,863.7866041822916,837.9410296272273,843.1101565318523,34180952.0,RELIANCE.NS
2021-02-02,,873.218017578125,879.6567282728388,841.092407917175,867.9808869129354,41470034.0,RELIANCE.NS
2021-02-03,,875.4171142578125,885.0978176672972,861.5193971120666,874.3515418529886,30301696.0,RELIANCE.NS
2021-02-04,,872.5377807617188,879.656648554206,863.7865225405493,872.4017132446297,25626981.0,RELIANCE.NS
2021-02-05,,872.288330078125,881.7650813571979,870.5879959278572,875.1449682096818,20248046.0,RELIANCE.NS
2021-02-08,,884.8485107421875,892.8062122999959,874.6916604980441,876.5053344964492,21183400.0,RELIANCE.NS
2021-02-09,,886.9795532226562,902.1468540671391,885.2338830875444,889.6095123241837,19604141.0,RELIANCE.NS
2021-02-10,,895.2093505859375,899.9477267102546,873.8980819416108,885.8913937556059,21234156.0,RELIANCE.NS
2021-02-11,,932.11865234375,935.9728593397923,894.2798277886045,897.7938959649373,42539278.0,RELIANCE.NS
2021-02-12,,925.7252807617188,942.2301692248576,913.8453687465834,932.027983547643,30497029.0,RELIANCE.NS
2021-02-15,,921.6443481445312,934.6578356915304,918.1982839074868,928.6498762091927,15791099.0,RELIANCE.NS
2021-02-16,,933.8416748046875,942.8649480322981,922.7325927047402,924.8864053509033,21421660.0,RELIANCE.NS
2021-02-17,,944.6107177734375,950.3692703869466,929.8061636594126,934.0683933136262,23742994.0,RELIANCE.NS
2021-02-18,,937.559814453125,956.014443525895,933.6602717704307,945.4041756996926,18646877.0,RELIANCE.NS
2021-02-19,,943.2730712890625,954.4501576444582,931.030412526974,932.7081388605912,23403483.0,RELIANCE.NS
2021-02-22,,910.5352783203125,947.6260001116775,904.5727145749872,943.1370313830363,23804335.0,RELIANCE.NS
2021-02-23,,917.4954833984375,930.8490501461664,913.0291825324456,928.6272336757321,25644108.0,RELIANCE.NS
2021-02-24,,934.5217895507812,936.4488628942796,918.7196681979915,920.4653981529497,10807663.0,RELIANCE.NS
2021-02-25,,972.3153686523438,975.7841010050624,939.9630213818829,941.3233367992898,34855693.0,RELIANCE.NS
2021-02-26,,945.7669067382812,967.576928004242,938.9200542247918,959.9139702500598,37481215.0,RELIANCE.NS
2021-03-01,,952.9765014648438,957.6468737146039,935.2019693603648,956.8306484903325,17680764.0,RELIANCE.NS
2021-03-02,,954.9261474609375,965.8084897149365,947.263190026968,962.1810822756376,17150760.0,RELIANCE.NS
2021-03-03,,998.5009765625,1006.572077071357,955.4703590572257,961.750393670414,31924461.0,RELIANCE.NS
2021-03-04,,986.598388671875,992.991762854271,978.368612759976,988.480126250495,21435754.0,RELIANCE.NS
2021-03-05,,987.890625,1002.9672532884404,976.260120871694,977.5977682721734,25511666.0,RELIANCE.NS
2021-03-08,,993.5133056640625,1012.0132716669716,983.039044773577,983.2657240329895,19506841.0,RELIANCE.NS
2021-03-09,,993.4905395507812,1003.8061245628406,973.3355758572837,997.5487577867862,15154484.0,RELIANCE.NS
2021-03-10,,989.3643188476562,1004.3956118787131,984.0591848216625,1000.7228083320849,11519358.0,RELIANCE.NS
2021-03-12,,969.2546997070312,1000.4507422731192,963.0426687169551,995.2816157511662,16864952.0,RELIANCE.NS
2021-03-15,,956.2411499023438,974.378367439583,943.3636702802955,970.3655452396614,16698099.0,RELIANCE.NS
2021-03-16,,952.4776611328125,963.9948252863043,950.1651731263198,958.5536241227466,13873801.0,RELIANCE.NS
2021-03-17,,931.9599609375,953.5659717866566,922.7779520359184,951.321487384943,19210236.0,RELIANCE.NS
2021-03-18,,910.98876953125,945.3135252330827,907.3159659802869,939.9176595322679,20647480.0,RELIANCE.NS
2021-03-19,,944.0438232421875,950.3238575711216,899.0634664039354,902.7816055754887,41787429.0,RELIANCE.NS
2021-03-22,,935.1565551757812,940.416353017528,921.9163888767762,939.0560976937982,18572478.0,RELIANCE.NS
2021-03-23,,946.5377807617188,956.6039587366939,932.2547090305418,934.9526119187763,17421165.0,RELIANCE.NS
2021-03-24,,928.309814453125,943.0236364808284,925.1811610696235,943.0236364808284,16822814.0,RELIANCE.NS
2021-03-25,,902.9856567382812,931.3477881428614,900.0610147041692,931.3477881428614,22001648.0,RELIANCE.NS
2021-03-26,,904.4366455078125,913.0745041101142,894.937285828174,912.3036747318539,20180202.0,RELIANCE.NS
2021-03-30,,920.1480102539062,929.0352757477536,903.0309690022071,910.4899154033928,20441701.0,RELIANCE.NS
2021-03-31,,908.2681274414062,929.4887232737643,906.40905776399,915.0243084377211,16250796.0,RELIANCE.NS
2021-04-01,,916.7699584960938,920.465429845356,908.2907755247039,915.0242884490825,11723312.0,RELIANCE.NS
2021-04-05,,903.5071411132812,918.1982951252521,889.677488179083,918.1756272004715,14875099.0,RELIANCE.NS
2021-04-06,,899.74365234375,909.1070043382359,892.8061280725167,908.6762538058488,14009194.0,RELIANCE.NS
2021-04-07,,908.15478515625,928.1284651595439,903.8245518752842,906.8625335398098,24266353.0,RELIANCE.NS
2021-04-08,,909.288330078125,916.8379481306634,903.6884533297169,911.850225266319,15369188.0,RELIANCE.NS
2021-04-09,,898.7235107421875,909.7418622564089,897.7939458378843,906.159790104371,14037885.0,RELIANCE.NS
2021-04-12,,866.5751953125,889.3601188333347,861.632807894605,888.271878488836,20901482.0,RELIANCE.NS
2021-04-13,,875.9385375976562,879.9287521472845,869.6131669055775,872.4017415275625,19411189.0,RELIANCE.NS
2021-04-15,,881.6063842773438,889.1786704861084,867.4139846330557,873.4446120904353,19723716.0,RELIANCE.NS
2021-04-16,,876.0745239257812,884.1456245317884,873.5126286216039,878.1149969863354,15656948.0,RELIANCE.NS
2021-04-19,,862.2902221679688,868.9556716698464,856.985088064207,863.3331266419872,18478808.0,RELIANCE.NS
2021-04-20,,862.0408325195312,870.1345408290238,857.1891171314771,866.2803940149797,17203668.0,RELIANCE.NS
2021-04-22,,864.4213256835938,868.0714611843059,850.9544197704057,858.0052836359382,14490954.0,RELIANCE.NS
2021-04-23,,863.4918212890625,870.0892067348701,859.4109352555885,864.2399827290652,11828857.0,RELIANCE.NS
2021-04-26,,878.6817016601562,889.6321078230069,866.7337869207527,870.5879935892407,20846778.0,RELIANCE.NS
2021-04-27,,901.7161254882812,905.5929405224553,878.8631979839778,879.6566953316482,19992524.0,RELIANCE.NS
2021-04-28,,905.6382446289062,910.4899602170952,897.861946907099,905.8876517747103,17122437.0,RELIANCE.NS
2021-04-29,,917.767578125,927.0402589004967,910.1726236848527,917.2460958998795,17412606.0,RELIANCE.NS
2021-04-30,,904.36865234375,923.1860285256435,901.2173310194296,910.7166908105166,19828769.0,RELIANCE.NS
2021-05-03,,888.2944946289062,897.3404357451366,881.0622873144365,891.4458158814281,23640186.0,RELIANCE.NS
2021-05-04,,869.0463256835938,892.2620588404909,866.5071582786076,884.190958253908,21849830.0,RELIANCE.NS
2021-05-05,,870.6333618164062,878.9764773257763,865.1694924935965,872.1070167804479,12393609.0,RELIANCE.NS
2021-05-06,,875.5757446289062,877.3894784194164,864.5119984908221,871.4268548191382,14624666.0,RELIANCE.NS
2021-05-07,,875.9158325195312,886.7528395578353,873.3086014127246,878.6364032493998,12288548.0,RELIANCE.NS
2021-05-10,,873.3992919921875,882.7399763357812,871.0188000480982,879.2032403073009,13941237.0,RELIANCE.NS
2021-05-11,,876.5506591796875,878.9991548596583,866.0536709526697,868.320883202796,13478264.0,RELIANCE.NS
2021-05-12,,867.4819946289062,876.4372641804301,864.6934200952072,875.1676804843173,13177961.0,RELIANCE.NS
2021-05-14,,878.4324951171875,880.5635801213631,864.2400938565802,874.2382089545389,13291616.0,RELIANCE.NS
2021-05-17,,888.884033203125,890.2896245106193,875.3037267948372,878.4324402760395,11873078.0,RELIANCE.NS
2021-05-18,,901.398681640625,908.0414631541172,894.3931533556103,898.2473602910601,12064918.0,RELIANCE.NS
2021-05-19,,905.5248413085938,914.32143492012,894.1664125157001,897.7938200130252,16317002.0,RELIANCE.NS
2021-05-20,,900.242431640625,911.8049324349585,898.2473543943751,905.9103124284246,11422532.0,RELIANCE.NS
2021-05-21,,908.018798828125,911.2154560407943,900.5145161905418,903.2350870037179,10785605.0,RELIANCE.NS
2021-05-24,,900.3558349609375,911.3062425850612,898.7008364416796,910.4900173207081,8551760.0,RELIANCE.NS
2021-05-25,,890.1536254882812,905.5022701330101,888.7253062731775,905.2301950520241,14780102.0,RELIANCE.NS
2021-05-26,,893.2822265625,897.5671839561246,891.1284738713696,895.5267109206686,7480204.0,RELIANCE.NS
2021-05-27,,896.0255126953125,903.6884705135559,889.7454781714291,893.395613685115,26819294.0,RELIANCE.NS
2021-05-28,,949.8477783203125,954.4727544116488,902.3281938924274,902.3281938924274,56469931.0,RELIANCE.NS
2021-05-31,,979.5475463867188,993.7852821100847,945.4268620793822,953.1124880356037,59124142.0,RELIANCE.NS
2021-06-01,,983.4471435546875,998.4557094965295,973.2902334606247,982.1321639562733,28013832.0,RELIANCE.NS
2021-06-02,,998.1156005859375,1001.856407995626,978.0512481274061,978.0512481274061,24630162.0,RELIANCE.NS
2021-06-03,,1001.9243774414062,1020.220331233519,995.7804103170117,1007.0707759680465,23974257.0,RELIANCE.NS
2021-06-04,,993.2412109375,1005.007723278059,990.4072405064371,1004.2595618006808,14468646.0,RELIANCE.NS
2021-06-07,,1009.9727172851562,1016.5928305525485,990.747259262441,998.4556127916534,16336573.0,RELIANCE.NS
2021-06-08,,1004.1688232421875,1009.8593716828784,996.7098768905071,1009.6100245190582,9674735.0,RELIANCE.NS
2021-06-09,,986.2130126953125,1007.0708023507111,978.4819907883092,1006.1639653966724,11409161.0,RELIANCE.NS
2021-06-10,,989.8404541015625,1011.1517216348074,987.3692305170946,994.5561020859403,14155653.0,RELIANCE.NS
2021-06-11,,1007.0098266601562,1013.7668141971928,991.9716855769274,993.2457554895082,13762778.0,RELIANCE.NS
2021-06-14,,1021.4564208984375,1027.530819009634,998.7740423359074,1007.8515792569079,20332436.0,RELIANCE.NS
2021-06-15,,1023.777099609375,1035.1068867541692,1019.3634688990921,1028.7822714120728,15174215.0,RELIANCE.NS
2021-06-16,,1006.3045654296875,1022.434740881434,1003.6882448935254,1021.456501659872,10797349.0,RELIANCE.NS
2021-06-17,,1008.1473388671875,1016.9518526581879,991.8806822040291,1001.0264002407747,15745975.0,RELIANCE.NS
2021-06-18,,1012.6974487304688,1016.9518504435479,993.9054594499104,1012.6292078814683,29369026.0,RELIANCE.NS
2021-06-21,,1017.9756469726562,1022.6394940703871,1001.0947614747922,1002.6190479059233,12186448.0,RELIANCE.NS
2021-06-22,,1012.7429809570312,1028.7822288722177,1009.8308898725479,1025.5970540271667,12871913.0,RELIANCE.NS
2021-06-23,,1003.4607543945312,1024.0499936427696,1001.7999261642769,1023.7770302436452,16653951.0,RELIANCE.NS
2021-06-24,,979.868408203125,1007.6696350296437,973.7257686881059,1004.143316081599,91461975.0,RELIANCE.NS
2021-06-25,,957.550048828125,979.8684182931346,946.9255377961272,979.8684182931346,55355022.0,RELIANCE.NS
2021-06-28,,949.1550903320312,967.5830690553377,946.8800342020979,965.535542609245,20277042.0,RELIANCE.NS
2021-06-29,,949.9740600585938,959.6203313338768,948.2905450727716,950.7475767024226,27144063.0,RELIANCE.NS
2021-06-30,,960.37109375,965.8312041148121,951.4528452867432,953.8188890996875,19762858.0,RELIANCE.NS
2021-07-01,,954.592529296875,966.0587979305755,953.2502184775107,963.715500911565,12534407.0,RELIANCE.NS
2021-07-02,,968.7433471679688,970.4951632609226,952.317400936898,954.1602048328318,14086620.0,RELIANCE.NS
2021-07-05,,978.3668212890625,979.8911076185376,969.8580780772137,972.1103871470752,11702287.0,RELIANCE.NS
2021-07-06,,966.8095092773438,977.7752841489311,964.7164890232146,975.9780344174737,10070124.0,RELIANCE.NS
2021-07-07,,960.09814453125,968.1518891821571,954.6152867923088,968.1518891821571,10454892.0,RELIANCE.NS
2021-07-08,,952.1581420898438,963.2377120648708,946.880007204719,963.2377120648708,11185460.0,RELIANCE.NS
2021-07-09,,942.4208984375,951.7486525291566,940.1003484340649,950.0650773140198,9037675.0,RELIANCE.NS
2021-07-12,,948.2905883789062,956.2077909534229,943.9224517127791,946.3112426024383,8585292.0,RELIANCE.NS
2021-07-13,,955.3887329101562,956.9130192420056,950.0877909959721,955.525214607773,6717133.0,RELIANCE.NS
2021-07-14,,949.1550903320312,958.6420731903104,946.9937689554591,955.6844881859736,8532544.0,RELIANCE.NS
2021-07-15,,947.4943237304688,953.2502049164673,945.7425076403309,953.2502049164673,9448356.0,RELIANCE.NS
2021-07-16,,961.1674194335938,962.2367066615387,949.8831264283724,949.951367281346,8828185.0,RELIANCE.NS
2021-07-19,,955.0474853515625,966.4455126172754,951.9989126340373,955.525231478772,8354449.0,RELIANCE.NS
2021-07-20,,952.7041015625,959.1653183707836,948.2450375383125,955.2976750301373,6741464.0,RELIANCE.NS
2021-07-22,,964.9439697265625,966.4000152300578,954.683470529445,964.1704530749702,7972397.0,RELIANCE.NS
2021-07-23,,958.1188354492188,971.2004383163171,956.4580071605648,971.2004383163171,9937030.0,RELIANCE.NS
2021-07-26,,944.99169921875,965.0804452589716,942.3753787545852,959.1653356602167,12389668.0,RELIANCE.NS
2021-07-27,,935.0496826171875,948.1085383406385,929.1345728588083,944.9689777697635,10824523.0,RELIANCE.NS
2021-07-28,,927.0187377929688,936.414732655119,917.4179602018662,936.414732655119,12897848.0,RELIANCE.NS
2021-07-29,,934.25341796875,943.8769425785124,929.7715466212894,934.5946824013536,13765738.0,RELIANCE.NS
2021-07-30,,926.0859375,940.9420420087474,924.174832733627,936.4146770615433,11350608.0,RELIANCE.NS
2021-08-02,,943.012451171875,946.1520117827725,928.7478263645152,934.7312372274596,10925104.0,RELIANCE.NS
2021-08-03,,949.9512939453125,951.4300863540562,939.2357958963441,950.9750871922383,11817299.0,RELIANCE.NS
2021-08-04,,957.2316284179688,961.8954756587327,949.6101358514545,952.9772263092809,13169800.0,RELIANCE.NS
2021-08-05,,971.1094360351562,980.4598768953389,957.4590392491626,962.0318984025091,21252078.0,RELIANCE.NS
2021-08-06,,950.5429077148438,976.8880893431025,945.8562535112904,969.1528622918455,16620987.0,RELIANCE.NS
2021-08-09,,945.128173828125,950.8841149123823,940.2822912594686,946.8799898333923,7494143.0,RELIANCE.NS
2021-08-10,,950.0877685546875,961.4403616289129,943.5811181110125,947.3349664779623,11919198.0,RELIANCE.NS
2021-08-11,,963.3970336914062,964.6255496425972,947.9721328249349,954.1375197102308,9184963.0,RELIANCE.NS
2021-08-12,,960.3029174804688,967.4466034758628,957.8003316249841,966.8550623942889,8137612.0,RELIANCE.NS
2021-08-13,,976.2965087890625,978.2303606065249,959.5975996548036,963.3969420853272,12780901.0,RELIANCE.NS
2021-08-16,,988.9686279296875,1002.3914951366927,968.3338340297282,977.980105672493,21935444.0,RELIANCE.NS
2021-08-17,,984.7598266601562,994.2923038234345,977.297622981309,986.8529072733435,12658169.0,RELIANCE.NS
2021-08-18,,988.5819091796875,995.0203194571639,979.4589373887336,989.1961972236583,10075860.0,RELIANCE.NS
2021-08-20,,977.4796142578125,988.2861007519195,972.3607078932538,975.09076320503,9426282.0,RELIANCE.NS
2021-08-23,,983.895263671875,989.1961455676026,970.2221199980743,989.1961455676026,9854395.0,RELIANCE.NS
2021-08-24,,993.60986328125,997.3864591310687,980.8239699002178,985.1238660067371,11864472.0,RELIANCE.NS
2021-08-25,,1002.20947265625,1010.1267354530132,991.9717199859176,994.3833180171741,13380559.0,RELIANCE.NS
2021-08-26,,1014.8815307617188,1021.4564824929126,1003.3014677332652,1004.666525440298,18589616.0,RELIANCE.NS
2021-08-27,,1013.4937744140625,1020.4782919319844,1008.3294342208058,1017.8619111430866,10480636.0,RELIANCE.NS
2021-08-30,,1032.9910888671875,1035.539228921763,1017.7709708130757,1023.7771290070833,14027062.0,RELIANCE.NS
2021-08-31,,1027.4854736328125,1039.1337183154053,1020.2507393885751,1036.016904489164,26485463.0,RELIANCE.NS
2021-09-01,,1031.5576171875,1043.296968181422,1029.6921267178896,1034.242238504605,11145486.0,RELIANCE.NS
2021-09-02,,1043.9796142578125,1050.0767599227504,1026.052128476792,1026.052128476792,9956770.0,RELIANCE.NS
2021-09-03,,1086.7962646484375,1089.753849755498,1047.6652497127798,1051.0777738490863,30664428.0,RELIANCE.NS
2021-09-06,,1103.67724609375,1128.4299004209945,1097.4889922462605,1097.944051619568,33641710.0,RELIANCE.NS
2021-09-07,,1110.638916015625,1118.4195769224002,1097.4890117544835,1105.6792381399396,17349882.0,RELIANCE.NS
2021-09-08,,1106.29345703125,1116.5995103115172,1095.054658449374,1115.6895119598441,14301651.0,RELIANCE.NS
2021-09-09,,1103.67724609375,1109.2510915570197,1099.35460328716,1104.7237261918483,8963249.0,RELIANCE.NS
2021-09-13,,1079.0838623046875,1107.0443192185294,1077.4913349676583,1107.0443192185294,16311160.0,RELIANCE.NS
2021-09-14,,1077.6732177734375,1089.2987144742633,1076.5583765209813,1080.6535496243034,8908356.0,RELIANCE.NS
2021-09-15,,1082.1551513671875,1090.09504087413,1077.6960268089388,1077.6960268089388,9071075.0,RELIANCE.NS
2021-09-16,,1104.8602294921875,1108.7505599524602,1077.0135078740498,1083.633953919053,13448882.0,RELIANCE.NS
2021-09-17,,1087.72900390625,1117.441336518829,1080.9265822690465,1112.9594649804742,34882133.0,RELIANCE.NS
2021-09-20,,1089.4580078125,1100.3782281549334,1078.3784384748346,1079.3339306750968,11779819.0,RELIANCE.NS
2021-09-21,,1094.16748046875,1099.5820973964808,1084.7486779581968,1094.3039621775245,9915736.0,RELIANCE.NS
2021-09-22,,1105.9068603515625,1111.139381442334,1091.2326692117995,1095.6690469817631,10995912.0,RELIANCE.NS
2021-09-23,,1132.9344482421875,1136.1649964932392,1112.731907489886,1113.596411926489,15748397.0,RELIANCE.NS
2021-09-24,,1129.6583251953125,1140.009872555042,1124.7897556991463,1139.1453680882425,15192163.0,RELIANCE.NS
2021-09-27,,1148.655029296875,1151.134928281977,1126.2912870102596,1131.6149158288965,15373834.0,RELIANCE.NS
2021-09-28,,1159.3934326171875,1167.0603586138618,1143.354184437372,1153.0004562253168,18035258.0,RELIANCE.NS
2021-09-29,,1150.2022705078125,1169.380959813766,1146.6531442405346,1169.380959813766,9719875.0,RELIANCE.NS
2021-09-30,,1146.2889404296875,1153.273457399079,1137.6892697076169,1148.9053210131074,13590654.0,RELIANCE.NS
2021-10-01,,1148.3138427734375,1155.6395643825463,1135.2550471541776,1138.4173546931033,8958928.0,RELIANCE.NS
2021-10-04,,1163.0791015625,1171.5877855440117,1154.3883216099566,1161.6458028718084,10918552.0,RELIANCE.NS
2021-10-05,,1187.21728515625,1188.4913549848789,1159.0747363088924,1162.6011151090838,13533634.0,RELIANCE.NS
2021-10-06,,1164.7625732421875,1192.1087413964174,1160.78125500237,1192.1087413964174,10258881.0,RELIANCE.NS
2021-10-07,,1170.4730224609375,1182.4625914537355,1168.3344479778266,1180.7562090449592,6336665.0,RELIANCE.NS
2021-10-08,,1215.4510498046875,1221.4344612360428,1174.6136499701672,1176.319912141792,15772493.0,RELIANCE.NS
2021-10-11,,1206.987548828125,1237.6326239992216,1203.6660128198464,1229.1694349795048,14768666.0,RELIANCE.NS
2021-10-12,,1213.881103515625,1220.797380462856,1201.8005463413256,1203.5069288032655,6682011.0,RELIANCE.NS
2021-10-13,,1226.234619140625,1237.4051767394146,1214.563508294983,1218.9771386553036,9959762.0,RELIANCE.NS
2021-10-14,,1228.7144775390625,1236.47251177523,1222.7083196035724,1228.6917305879201,8623469.0,RELIANCE.NS
2021-10-18,,1231.99072265625,1249.0080910419072,1211.3786136242938,1214.2452110768702,13594479.0,RELIANCE.NS
2021-10-19,,1243.0245361328125,1251.8972908980181,1232.1725560059263,1239.3616754056989,8833409.0,RELIANCE.NS
2021-10-20,,1228.7144775390625,1247.9842743668398,1224.6649184645307,1247.9842743668398,12710570.0,RELIANCE.NS
2021-10-21,,1193.26904296875,1241.2728114223185,1184.487275783306,1240.999848015025,20831669.0,RELIANCE.NS
2021-10-22,,1195.49853515625,1212.5615152599457,1188.2638017444342,1192.1313848923699,11027475.0,RELIANCE.NS
2021-10-25,,1183.85009765625,1219.4321011074665,1169.3807520888931,1219.4321011074665,17198417.0,RELIANCE.NS
2021-10-26,,1210.8096923828125,1214.3815653473446,1184.464511564794,1190.8119938799573,9750178.0,RELIANCE.NS
2021-10-27,,1195.49853515625,1217.9761316670556,1192.1086379430944,1206.6918395131022,9896298.0,RELIANCE.NS
2021-10-28,,1182.39404296875,1200.298779292571,1178.7085560280439,1192.1313011797695,9886181.0,RELIANCE.NS
2021-10-29,,1154.0242919921875,1181.2794715076984,1138.303621720808,1181.2794715076984,14233025.0,RELIANCE.NS
2021-11-01,,1154.729736328125,1163.0109514346836,1134.845649078283,1154.0244604038087,15481114.0,RELIANCE.NS
2021-11-02,,1137.89404296875,1159.3706543132414,1135.3687704240997,1158.005596587504,10569130.0,RELIANCE.NS
2021-11-03,,1130.0679931640625,1146.6304223003149,1119.7846857225254,1140.282939394172,11989430.0,RELIANCE.NS
2021-11-04,,1137.0067138671875,1139.7595760808606,1132.9799021702054,1134.3220924997154,1705656.0,RELIANCE.NS
2021-11-08,,1138.41748046875,1146.630454409684,1117.691636338527,1146.357370619063,20337183.0,RELIANCE.NS
2021-11-09,,1147.4039306640625,1150.679973201881,1131.6377653308825,1139.8052450774455,15682497.0,RELIANCE.NS
2021-11-10,,1160.235107421875,1163.920714976533,1139.1908094185892,1145.1287260147478,10253470.0,RELIANCE.NS
2021-11-11,,1162.35107421875,1169.6084350981216,1153.7057882040397,1155.7533749476675,10722478.0,RELIANCE.NS
2021-11-12,,1179.8917236328125,1182.4626105860948,1163.465776749054,1166.1503984605802,8712341.0,RELIANCE.NS
2021-11-15,,1172.929931640625,1184.0322480185664,1169.3808058406628,1183.031141558392,4803269.0,RELIANCE.NS
2021-11-16,,1145.6748046875,1171.6559135252794,1135.255016670807,1170.3136027722971,11337581.0,RELIANCE.NS
2021-11-17,,1121.149658203125,1137.0523041547756,1119.7846004549367,1137.0523041547756,10202029.0,RELIANCE.NS
2021-11-18,,1125.381103515625,1132.5248489990865,1114.8020873378032,1119.3294522857677,8505625.0,RELIANCE.NS
2021-11-22,,1075.5347900390625,1114.3246032878988,1069.7333541956211,1108.4549265855226,24124307.0,RELIANCE.NS
2021-11-23,,1085.5904541015625,1092.597718814344,1050.6228528101806,1061.5658216102945,25326999.0,RELIANCE.NS
2021-11-24,,1069.9154052734375,1096.5335515396243,1066.343532034508,1082.9287078531017,16820296.0,RELIANCE.NS
2021-11-25,,1134.3221435546875,1138.4400635861748,1072.5315589664726,1079.7435455818988,42401936.0,RELIANCE.NS
2021-11-26,,1097.7620849609375,1127.3378152568512,1092.7114193284249,1122.8786907081894,15763138.0,RELIANCE.NS
2021-11-29,,1110.911865234375,1137.530130735484,1091.6193215192616,1109.819891228915,24325354.0,RELIANCE.NS
2021-11-30,,1094.48583984375,1126.5642137673601,1086.9553960411952,1122.9695939867834,32172299.0,RELIANCE.NS
2021-12-01,,1122.5147705078125,1125.699825172228,1103.4496957163708,1107.044315866843,10104610.0,RELIANCE.NS
2021-12-02,,1129.7265625,1135.800961053092,1120.0575440347766,1123.7431517479451,12720411.0,RELIANCE.NS
2021-12-03,,1095.78271484375,1136.8475802217874,1092.028866217897,1136.8020863205188,19222481.0,RELIANCE.NS
2021-12-06,,1075.0113525390625,1103.404119692969,1072.5315739182363,1099.309066908383,10332254.0,RELIANCE.NS
2021-12-07,,1083.7703857421875,1093.8488493527543,1073.8284038337267,1081.1768723394634,11235122.0,RELIANCE.NS
2021-12-08,,1100.2645263671875,1106.4981533356588,1094.8954038300121,1102.994641711683,8744178.0,RELIANCE.NS
2021-12-09,,1117.7142333984375,1126.1091818377997,1103.4041151302852,1107.9542272517804,13213547.0,RELIANCE.NS
2021-12-10,,1118.851806640625,1122.0596079618992,1105.8383850496557,1110.343003210938,8364414.0,RELIANCE.NS
2021-12-13,,1096.419677734375,1125.7451889893634,1093.8487910647625,1125.4722255996962,12901733.0,RELIANCE.NS
2021-12-14,,1082.996826171875,1094.758924705155,1079.925506579218,1082.9285853235253,12991523.0,RELIANCE.NS
2021-12-15,,1079.8345947265625,1094.3039423247055,1074.3288697386265,1084.7486582787296,9366969.0,RELIANCE.NS
2021-12-16,,1093.80322265625,1099.0813569765323,1077.7640971670983,1094.6222331236886,9761279.0,RELIANCE.NS
2021-12-17,,1064.9329833984375,1095.669050195776,1055.627915388533,1091.1416846044397,21049821.0,RELIANCE.NS
2021-12-20,,1036.2216796875,1054.6495980178693,1022.4574879615027,1054.6495980178693,14325846.0,RELIANCE.NS
2021-12-21,,1051.646484375,1067.4581418231853,1042.9785726603923,1051.6919782743073,12836561.0,RELIANCE.NS
2021-12-22,,1076.6038818359375,1079.2430094666254,1056.5379426212896,1057.8573860824001,17658543.0,RELIANCE.NS
2021-12-23,,1076.2171630859375,1082.9285964305648,1072.9411209146308,1080.1984810516549,9072401.0,RELIANCE.NS
2021-12-24,,1079.6524658203125,1088.3886176795922,1063.6132198144076,1078.378396033955,7886494.0,RELIANCE.NS
2021-12-27,,1078.4921875,1082.0185663686743,1068.413724480792,1074.5336166000147,4017223.0,RELIANCE.NS
2021-12-28,,1091.3009033203125,1094.2357415301187,1079.7663934022717,1080.926608302519,6374613.0,RELIANCE.NS
2021-12-29,,1093.1663818359375,1100.6740785888855,1083.884061988693,1087.9337410579972,15425312.0,RELIANCE.NS
2021-12-30,,1073.4189453125,1094.2812707813944,1067.276305271878,1092.02896140955,29333171.0,RELIANCE.NS
2021-12-31,,1077.5367431640625,1084.703115610681,1073.828388538488,1079.7435583793856,9477290.0,RELIANCE.NS
2022-01-03,,1093.7806396484375,1095.6462506930534,1075.4437086416906,1076.1034905748938,5421611.0,RELIANCE.NS
2022-01-04,,1118.4649658203125,1119.7845295836617,1093.8487950722674,1099.2635318209977,10847728.0,RELIANCE.NS
2022-01-05,,1123.6976318359375,1127.0647821675334,1107.021469888781,1120.2396140596422,11643813.0,RELIANCE.NS
2022-01-06,,1099.5364990234375,1116.5994791465537,1096.1238548571225,1115.3254092772324,14447422.0,RELIANCE.NS
2022-01-07,,1108.4093017578125,1118.4422714413886,1097.2842377517782,1106.111498715673,13112115.0,RELIANCE.NS
2022-01-10,,1109.3193359375,1117.9646215781718,1099.3318598320666,1115.6895654128748,9246731.0,RELIANCE.NS
2022-01-11,,1117.3048095703125,1126.1319502273575,1107.9542483452858,1108.409307707792,16205164.0,RELIANCE.NS
2022-01-12,,1147.130859375,1148.8827357783716,1121.604686652831,1124.471284081761,14800442.0,RELIANCE.NS
2022-01-13,,1153.5919189453125,1156.185552589028,1141.3521345231045,1147.199063341914,11856712.0,RELIANCE.NS
2022-01-14,,1155.2755126953125,1168.1523329319614,1149.2921017722908,1153.455515914101,19930176.0,RELIANCE.NS
2022-01-17,,1161.3043212890625,1167.1057561240766,1154.3654186486065,1154.82047798332,8036453.0,RELIANCE.NS
2022-01-18,,1147.44921875,1165.8998821993202,1144.696356607209,1162.4418646639435,6215029.0,RELIANCE.NS
2022-01-19,,1147.3582763671875,1156.6404758295853,1141.6250823732196,1151.1803655784236,9755485.0,RELIANCE.NS
2022-01-20,,1127.2696533203125,1142.0575796806486,1117.0545865844654,1137.5529609143537,16494486.0,RELIANCE.NS
2022-01-21,,1127.4515380859375,1138.5538554378697,1115.6895591579548,1115.6895591579548,13338594.0,RELIANCE.NS
2022-01-24,,1081.9730224609375,1139.6912967231897,1071.598729229798,1126.1545759538076,21868937.0,RELIANCE.NS
2022-01-25,,1079.8572998046875,1086.8644436444313,1048.802657948011,1069.0734401117095,24510205.0,RELIANCE.NS
2022-01-27,,1063.8634033203125,1072.0536281784766,1051.555379263059,1062.9079111872215,20020431.0,RELIANCE.NS
2022-01-28,,1062.83984375,1081.0630398643073,1059.4500666597933,1076.103482458547,14667727.0,RELIANCE.NS
2022-01-31,,1085.931884765625,1094.9411228295262,1072.0994499584988,1073.91956734709,12143683.0,RELIANCE.NS
2022-02-01,,1082.337158203125,1101.402112704543,1067.9587979070466,1095.6690383601324,13200509.0,RELIANCE.NS
2022-02-02,,1084.5438232421875,1095.2138271372608,1080.6989871423398,1095.2138271372608,10017691.0,RELIANCE.NS
2022-02-03,,1070.5294189453125,1092.6885576552872,1068.0041465713055,1088.3886622160464,9572839.0,RELIANCE.NS
2022-02-04,,1060.76953125,1068.5730594354839,1056.1284310635565,1065.183161923649,11061241.0,RELIANCE.NS
2022-02-07,,1054.3084716796875,1072.372440138568,1048.802746440698,1065.6382591326399,10714467.0,RELIANCE.NS
2022-02-08,,1072.031005859375,1073.8283759531457,1051.0776952115107,1060.4737500675897,12060849.0,RELIANCE.NS
2022-02-09,,1084.5211181640625,1086.204633140618,1072.918368570495,1078.901658786714,11486225.0,RELIANCE.NS
2022-02-10,,1083.406494140625,1090.0723137940836,1076.1490130370194,1090.0723137940836,12464491.0,RELIANCE.NS
2022-02-11,,1081.29052734375,1084.9761347999724,1066.593591416207,1079.857228868873,15943370.0,RELIANCE.NS
2022-02-14,,1064.0684814453125,1071.5306852913075,1052.4428632313213,1064.841998172486,10719633.0,RELIANCE.NS
2022-02-15,,1100.1962890625,1102.903657466319,1062.77153947328,1069.824176996969,11212671.0,RELIANCE.NS
2022-02-16,,1097.9212646484375,1107.0442358991004,1090.1860980638264,1105.6791781831728,10392840.0,RELIANCE.NS
2022-02-17,,1111.8218994140625,1117.0090469039765,1096.5790346237516,1101.174641012644,12853252.0,RELIANCE.NS
2022-02-18,,1103.1312255859375,1117.6915612787002,1101.1973736454247,1112.2314504381943,6775458.0,RELIANCE.NS
2022-02-21,,1091.9833984375,1109.091873871227,1085.021748188729,1097.4890031023695,11107193.0,RELIANCE.NS
2022-02-22,,1087.023681640625,1090.1633625619224,1067.9814753307442,1070.5977356852184,13494914.0,RELIANCE.NS
2022-02-23,,1080.2213134765625,1095.0092390254035,1077.468571284383,1092.5294602510214,7310110.0,RELIANCE.NS
2022-02-24,,1026.3934326171875,1064.6828130643278,1020.7740927277775,1048.8027920240986,24846650.0,RELIANCE.NS
2022-02-25,,1039.224853515625,1050.1450756675365,1035.7212210618118,1037.4729771115954,14570089.0,RELIANCE.NS
2022-02-28,,1073.6236572265625,1077.172783570844,1020.5920864050885,1020.5920864050885,21297446.0,RELIANCE.NS
2022-03-02,,1091.3690185546875,1092.4838597770897,1059.8139450476658,1062.2027357830907,21471786.0,RELIANCE.NS
2022-03-03,,1082.1551513671875,1098.785820478749,1078.4013026500006,1092.0288927878125,10186748.0,RELIANCE.NS
2022-03-04,,1058.1531982421875,1075.7848524224223,1055.787154408625,1070.643199306108,10805667.0,RELIANCE.NS
2022-03-07,,1019.022216796875,1052.0333374144284,1011.0367133096933,1036.8358471079189,17983310.0,RELIANCE.NS
2022-03-08,,1017.1793212890625,1021.9570232050447,991.92617525868,1006.2590402981642,21289374.0,RELIANCE.NS
2022-03-09,,1071.143798828125,1077.01347494328,1016.565078233395,1017.406956117863,20414228.0,RELIANCE.NS
2022-03-10,,1088.50244140625,1094.3038764083778,1073.8283721325647,1092.028820377732,17980493.0,RELIANCE.NS
2022-03-11,,1091.6419677734375,1097.0339575128753,1081.1311923906428,1081.1311923906428,12257423.0,RELIANCE.NS
2022-03-14,,1100.6055908203125,1103.1309832994898,1080.198330239399,1086.0680052720195,8340678.0,RELIANCE.NS
2022-03-15,,1075.398193359375,1104.7464533796308,1065.1148867530296,1104.7464533796308,15925769.0,RELIANCE.NS
2022-03-16,,1093.55322265625,1095.6235563592827,1081.6091471404573,1083.8387095081287,11149828.0,RELIANCE.NS
2022-03-17,,1129.203369140625,1136.3469946247096,1098.8994972340938,1106.9304944761457,21422098.0,RELIANCE.NS
2022-03-21,,1122.6966552734375,1130.249846191458,1109.7743416930666,1112.0493977484434,11999466.0,RELIANCE.NS
2022-03-22,,1151.7037353515625,1153.4327442921551,1116.417558596963,1119.3750232146147,22557065.0,RELIANCE.NS
2022-03-23,,1155.3665771484375,1167.0376894069477,1147.9954813767026,1147.9954813767026,15462187.0,RELIANCE.NS
2022-03-24,,1173.316650390625,1175.8192962308133,1142.08015447494,1142.08015447494,13168266.0,RELIANCE.NS
2022-03-25,,1181.14306640625,1190.3115323247282,1172.5660212405173,1175.0686673806458,14222488.0,RELIANCE.NS
2022-03-28,,1193.018798828125,1196.5678044575318,1176.8885634283017,1187.5813149251485,9891424.0,RELIANCE.NS
2022-03-29,,1193.2918701171875,1200.321761515582,1186.3984604316122,1200.321761515582,8684065.0,RELIANCE.NS
2022-03-30,,1216.224365234375,1223.0722800944307,1190.8119310722573,1201.1862248102987,15811550.0,RELIANCE.NS
2022-03-31,,1198.8428955078125,1214.7456618708436,1196.0446595036312,1212.584340487485,13223718.0,RELIANCE.NS
2022-04-01,,1208.443603515625,1212.6752582349072,1193.0415116671982,1199.4116203413212,7922880.0,RELIANCE.NS
2022-04-04,,1212.015625,1217.1572786813153,1201.9826544660282,1208.2617761125623,7929162.0,RELIANCE.NS
2022-04-05,,1194.8843994140625,1214.836726034793,1192.450114468768,1206.2824277666361,13149870.0,RELIANCE.NS
2022-04-06,,1191.69921875,1198.7291094168588,1177.1616311168914,1177.1616311168914,12257215.0,RELIANCE.NS
2022-04-07,,1170.677734375,1185.7613700217532,1168.015859682402,1180.8016922079776,15496499.0,RELIANCE.NS
2022-04-08,,1190.15234375,1194.40674604813,1164.8308932448695,1164.8308932448695,15152495.0,RELIANCE.NS
2022-04-11,,1187.6724853515625,1200.572052745213,1175.296097837182,1183.0312648122701,9254209.0,RELIANCE.NS
2022-04-12,,1165.30859375,1184.2143186613282,1162.737706900729,1177.116066491659,13217742.0,RELIANCE.NS
2022-04-13,,1161.0313720703125,1179.664132404293,1158.2330158892628,1171.4284128604863,10354235.0,RELIANCE.NS
2022-04-18,,1157.4822998046875,1164.7397805103374,1147.4493300930017,1152.545489452205,9974224.0,RELIANCE.NS
2022-04-19,,1201.595703125,1213.972089786732,1160.7584292751112,1163.920736701103,26141820.0,RELIANCE.NS
2022-04-20,,1236.9273681640625,1244.0028730390352,1205.3722941596611,1209.0124078704498,25072240.0,RELIANCE.NS
2022-04-21,,1265.888916015625,1269.0284764486553,1243.0927417436083,1251.692532864583,21708633.0,RELIANCE.NS
2022-04-22,,1255.2872314453125,1274.9437261640837,1248.6440386176957,1255.3327253469529,15054154.0,RELIANCE.NS
2022-04-25,,1226.2574462890625,1255.1051538112451,1211.9928211860372,1247.825046254362,17063215.0,RELIANCE.NS
2022-04-26,,1262.9541015625,1271.7586153913803,1232.0360622414871,1233.0825422871724,12227666.0,RELIANCE.NS
2022-04-27,,1264.1827392578125,1286.7740721528176,1253.5808548135026,1253.9449263825297,19338945.0,RELIANCE.NS
2022-04-28,,1283.0657958984375,1297.2394339221792,1267.7090756457555,1278.56117721433,25614076.0,RELIANCE.NS
2022-04-29,,1269.597412109375,1299.5827089210004,1263.7049887259216,1299.5827089210004,18214862.0,RELIANCE.NS
2022-05-02,,1265.13818359375,1276.5362108883514,1254.9458650066724,1256.7432351242765,9467006.0,RELIANCE.NS
2022-05-04,,1225.64306640625,1269.4835388914837,1217.7486714056079,1267.2084828840266,19247660.0,RELIANCE.NS
2022-05-05,,1201.6412353515625,1242.18280014838,1197.591676403661,1239.2252151754037,17210669.0,RELIANCE.NS
2022-05-06,,1192.42724609375,1209.8769247815503,1180.0963532492094,1188.582409796725,19649948.0,RELIANCE.NS
2022-05-09,,1145.8568115234375,1181.711782557566,1140.715158224648,1171.6331985147315,18083752.0,RELIANCE.NS
2022-05-10,,1125.9954833984375,1149.633416525882,1118.4195452683007,1135.2550569441219,19511677.0,RELIANCE.NS
2022-05-11,,1114.4609375,1130.6821606199796,1102.0163098457965,1125.0854480941018,16643899.0,RELIANCE.NS
2022-05-12,,1091.755859375,1107.8859741719987,1078.378486557952,1104.5416911448524,20490321.0,RELIANCE.NS
2022-05-13,,1104.132080078125,1127.5196744148523,1099.0131741208802,1103.8591166926499,19308778.0,RELIANCE.NS
2022-05-16,,1104.4051513671875,1128.8847193240686,1099.6047027471154,1107.7039403213957,13437911.0,RELIANCE.NS
2022-05-17,,1150.7935791015625,1155.6850157625827,1106.5891549718588,1107.9997065605392,16551828.0,RELIANCE.NS
2022-05-18,,1154.979736328125,1169.3808421611643,1141.2839062872033,1155.5712773721964,17276788.0,RELIANCE.NS
2022-05-19,,1128.361572265625,1143.2177387581737,1122.0824507846328,1130.2499303127915,14699118.0,RELIANCE.NS
2022-05-20,,1194.15625,1203.2337272058603,1138.4400638194588,1143.2176453948912,21793091.0,RELIANCE.NS
2022-05-23,,1186.1708984375,1207.3971730449673,1179.8461630484092,1197.364082975496,15252755.0,RELIANCE.NS
2022-05-24,,1190.2432861328125,1200.3217504414995,1181.9848186867473,1186.2164738705715,13527818.0,RELIANCE.NS
2022-05-25,,1188.491455078125,1208.8304783808387,1183.713752995507,1198.956737262974,12714544.0,RELIANCE.NS
2022-05-26,,1177.16162109375,1198.9111951609145,1159.3706180239299,1194.1334932703796,17882023.0,RELIANCE.NS
2022-05-27,,1171.701416015625,1185.3744993862058,1155.7760235250337,1179.8688949887019,16521973.0,RELIANCE.NS
2022-05-30,,1212.5159912109375,1216.7020315446362,1180.392124401247,1189.8562993151577,13853398.0,RELIANCE.NS
2022-05-31,,1197.8873291015625,1218.886133257268,1190.1749097343077,1201.8686470065388,70620653.0,RELIANCE.NS
2022-06-01,,1198.274169921875,1208.1479107227306,1190.4024014083636,1198.638121118035,9776989.0,RELIANCE.NS
2022-06-02,,1239.5894775390625,1243.297832801303,1198.5018592532958,1198.5018592532958,22126569.0,RELIANCE.NS
2022-06-03,,1264.705810546875,1281.9280190654463,1247.6428306711036,1248.552949338414,23939791.0,RELIANCE.NS
2022-06-06,,1259.2685546875,1280.4038420032741,1252.102061607887,1264.9335082984549,11093152.0,RELIANCE.NS
2022-06-07,,1261.6346435546875,1269.9840987331656,1252.2159612910536,1260.3378265980741,12358255.0,RELIANCE.NS
2022-06-08,,1239.4755859375,1265.3884552322884,1235.949206752914,1261.6346065371608,12479250.0,RELIANCE.NS
2022-06-09,,1273.4649658203125,1275.3986973973456,1233.082627965682,1233.082627965682,17278305.0,RELIANCE.NS
2022-06-10,,1235.016357421875,1269.4380277636071,1229.2149225576165,1261.2478021770742,18093057.0,RELIANCE.NS
2022-06-13,,1211.6514892578125,1216.156107684235,1190.4479609930536,1205.7819334162448,17620803.0,RELIANCE.NS
2022-06-14,,1195.817138671875,1215.7239712861199,1189.151198531051,1205.8047355842045,14714312.0,RELIANCE.NS
2022-06-15,,1181.34765625,1200.0031636736535,1175.9330397958033,1191.0166743810375,11195535.0,RELIANCE.NS
2022-06-16,,1164.830810546875,1209.8997420887063,1162.1006949883244,1193.4965424947006,17111475.0,RELIANCE.NS
2022-06-17,,1178.4810791015625,1194.3382305909047,1163.0562400137392,1164.830742811065,24457187.0,RELIANCE.NS
2022-06-20,,1157.118408203125,1190.8120593552974,1147.1308115234453,1185.3063342518615,12066797.0,RELIANCE.NS
2022-06-21,,1175.796630859375,1180.0281654943678,1150.4069416324683,1164.830795221328,11720049.0,RELIANCE.NS
2022-06-22,,1140.0780029296875,1164.057137590061,1137.9849226393887,1163.9661497975553,10617206.0,RELIANCE.NS
2022-06-23,,1121.581787109375,1148.905326422505,1112.5043100555831,1144.3779613702993,19446323.0,RELIANCE.NS
2022-06-24,,1137.5528564453125,1142.5351607614082,1122.9696539988313,1128.429884986889,14240234.0,RELIANCE.NS
2022-06-27,,1134.1856689453125,1157.9828298757552,1129.1350035879693,1157.9828298757552,15474529.0,RELIANCE.NS
2022-06-28,,1150.1339111328125,1152.9777615415514,1129.3854414043199,1129.3854414043199,13572847.0,RELIANCE.NS
2022-06-29,,1173.999267578125,1181.6663139665932,1137.985067118919,1140.8061704616555,19205146.0,RELIANCE.NS
2022-06-30,,1181.052001953125,1190.2659611777156,1167.5608938992502,1173.9310028878358,23112959.0,RELIANCE.NS
2022-07-01,,1095.9874267578125,1179.3911062938287,1076.103462886294,1171.610445710058,81997149.0,RELIANCE.NS
2022-07-04,,1098.262451171875,1111.139270756361,1076.6038647303487,1082.45079365179,41857728.0,RELIANCE.NS
2022-07-05,,1107.157958984375,1121.5590649917854,1099.8094906293034,1102.4941121326237,17647327.0,RELIANCE.NS
2022-07-06,,1097.4207763671875,1111.1166075291421,1086.5687955560873,1101.1746251311279,23943726.0,RELIANCE.NS
2022-07-07,,1086.6142578125,1107.1580039571165,1080.6535938667357,1103.813720771296,23301033.0,RELIANCE.NS
2022-07-08,,1088.1158447265625,1100.2191487523794,1084.0889121323955,1100.2191487523794,19010108.0,RELIANCE.NS
2022-07-11,,1102.9036865234375,1105.1331283386687,1078.3785026593284,1081.336087585235,13847467.0,RELIANCE.NS
2022-07-12,,1101.333740234375,1110.0927598985188,1093.8487904297283,1093.8487904297283,10778989.0,RELIANCE.NS
2022-07-13,,1081.8138427734375,1107.4993634434227,1079.7436294761944,1104.4507905221294,14224132.0,RELIANCE.NS
2022-07-14,,1090.73193359375,1107.4764556314449,1081.5407222618398,1086.5686402982146,16970315.0,RELIANCE.NS
2022-07-15,,1092.847900390625,1098.8540583216684,1084.33921677306,1098.8540583216684,9603210.0,RELIANCE.NS
2022-07-18,,1102.15283203125,1103.4040345430283,1088.525123257814,1101.584037969047,15160908.0,RELIANCE.NS
2022-07-19,,1108.909912109375,1113.4145306244031,1092.1653876854057,1092.1653876854057,16439888.0,RELIANCE.NS
2022-07-20,,1138.89501953125,1156.8679986086788,1131.2735877067614,1155.730530749646,23924246.0,RELIANCE.NS
2022-07-21,,1131.2962646484375,1137.5300117770723,1122.651100250388,1134.7998965175696,16523230.0,RELIANCE.NS
2022-07-22,,1138.940673828125,1144.9468316984942,1135.2550660118313,1137.5301221641155,10969995.0,RELIANCE.NS
2022-07-25,,1101.3111572265625,1122.7195298133436,1093.3940142099802,1122.7195298133436,23110452.0,RELIANCE.NS
2022-07-26,,1101.8116455078125,1112.003964591019,1097.193292295004,1101.629669898458,11303288.0,RELIANCE.NS
2022-07-27,,1100.76513671875,1104.3141424256505,1092.938861823789,1101.1063409773997,8655086.0,RELIANCE.NS
2022-07-28,,1118.010009765625,1122.9468197968529,1101.5840648849116,1108.409232735442,12496073.0,RELIANCE.NS
2022-07-29,,1141.8299560546875,1145.3108414909532,1121.1497270683567,1126.018296934473,15130683.0,RELIANCE.NS
2022-08-01,,1171.5875244140625,1177.4571995811536,1140.9879461378214,1146.2433333809258,15700044.0,RELIANCE.NS
2022-08-02,,1176.0467529296875,1186.580275301345,1165.535977507085,1170.5184018297261,13917913.0,RELIANCE.NS
2022-08-03,,1185.9205322265625,1187.5813002703721,1168.220637135406,1183.0311881851292,14250977.0,RELIANCE.NS
2022-08-04,,1170.2454833984375,1191.1078085473182,1153.4555848310504,1187.5814291745087,14467127.0,RELIANCE.NS
2022-08-05,,1153.00048828125,1173.3850064214535,1149.792686697798,1172.1110567812314,13942438.0,RELIANCE.NS
2022-08-08,,1168.0841064453125,1175.546309977684,1151.6354129424305,1151.6354129424305,10165178.0,RELIANCE.NS
2022-08-10,,1175.068603515625,1178.4356336498447,1163.4884798945134,1172.5204636099309,10724688.0,RELIANCE.NS
2022-08-11,,1178.981689453125,1187.5358669102814,1174.0220116644236,1184.4418001629217,8198226.0,RELIANCE.NS
2022-08-12,,1198.046630859375,1201.845973401522,1174.9321182963517,1178.6176057306407,12650587.0,RELIANCE.NS
2022-08-16,,1206.373291015625,1209.1034064115306,1195.4530701404663,1204.052741070798,6607378.0,RELIANCE.NS
2022-08-17,,1212.67529296875,1218.0216687174445,1208.3071564277768,1212.6070521185068,6595965.0,RELIANCE.NS
2022-08-18,,1214.87451171875,1218.3894546289891,1205.24240897424,1214.2810405952932,7410035.0,RELIANCE.NS
2022-08-19,,1193.213623046875,1215.0569809988342,1189.1507309375147,1209.7159828214287,9460724.0,RELIANCE.NS
2022-08-22,,1189.904052734375,1201.1795211355932,1180.500282384016,1194.6517009933089,9471680.0,RELIANCE.NS
2022-08-23,,1208.2552490234375,1211.1768414672938,1182.9424687305054,1184.1522321085429,9678484.0,RELIANCE.NS
2022-08-24,,1205.0369873046875,1218.846089361482,1203.0284828486285,1205.1968562417935,10369622.0,RELIANCE.NS
2022-08-25,,1201.5218505859375,1215.6046836675666,1197.2079256645413,1209.2366122809538,7871946.0,RELIANCE.NS
2022-08-26,,1195.108154296875,1209.716117387308,1190.0867726380989,1201.9555917154182,10742038.0,RELIANCE.NS
2022-08-29,,1185.8184814453125,1211.9985882371661,1176.8711343003506,1180.0437597555986,19838975.0,RELIANCE.NS
2022-08-30,,1204.21533203125,1207.547826665914,1176.2092881324143,1193.2823008817281,23139054.0,RELIANCE.NS
2022-09-01,,1168.81396484375,1189.150886984996,1164.385933490136,1178.9710757031155,19909939.0,RELIANCE.NS
2022-09-02,,1155.1646728515625,1175.638520959865,1152.9734784565321,1168.8139049237643,12999345.0,RELIANCE.NS
2022-09-05,,1173.1051025390625,1178.446101569222,1155.3929766209455,1155.3929766209455,11327815.0,RELIANCE.NS
2022-09-06,,1185.4532470703125,1189.6302455363334,1174.1093147173583,1174.5658588505653,10899618.0,RELIANCE.NS
2022-09-07,,1178.5601806640625,1184.563114237557,1173.1963605855797,1175.478839783805,7488501.0,RELIANCE.NS
2022-09-08,,1180.226318359375,1185.978218827882,1173.6528558204227,1181.527366464761,7057077.0,RELIANCE.NS
2022-09-09,,1172.8768310546875,1191.4561604892992,1170.4573041604863,1191.4561604892992,8314850.0,RELIANCE.NS
2022-09-12,,1186.0010986328125,1192.369291715923,1173.4474025715353,1173.4474025715353,7435419.0,RELIANCE.NS
2022-09-13,,1195.906982421875,1200.4491194045427,1187.3477160754526,1195.1081207827935,8888657.0,RELIANCE.NS
2022-09-14,,1181.572998046875,1191.4561336808906,1174.451706778856,1175.4787801044877,8678219.0,RELIANCE.NS
2022-09-15,,1169.8638916015625,1188.5116835520153,1167.1476896556205,1179.1307346574977,10365600.0,RELIANCE.NS
2022-09-16,,1140.8763427734375,1165.4359048168926,1137.133067391258,1161.213264147553,20217708.0,RELIANCE.NS
2022-09-19,,1142.35986328125,1151.6038847358493,1132.7277612467549,1140.8762459554318,7580254.0,RELIANCE.NS
2022-09-20,,1142.54248046875,1158.4514907194557,1138.8220264150539,1151.4898271317024,8411448.0,RELIANCE.NS
2022-09-21,,1145.6925048828125,1156.3060391967588,1138.9591731329301,1139.7580348153278,9207309.0,RELIANCE.NS
2022-09-22,,1134.896240234375,1142.6110027498532,1128.5053470017444,1134.8505978968233,10308170.0,RELIANCE.NS
2022-09-23,,1113.62353515625,1139.3927402184245,1112.0714541784876,1134.394179751921,9528051.0,RELIANCE.NS
2022-09-26,,1085.252197265625,1103.7175409409906,1084.2479451217905,1092.8756748841324,12479523.0,RELIANCE.NS
2022-09-27,,1093.8800048828125,1107.4607728213189,1077.3776445528867,1092.8528108642224,16154822.0,RELIANCE.NS
2022-09-28,,1064.7554931640625,1085.5489575446488,1062.3132660155625,1077.491757249726,16997059.0,RELIANCE.NS
2022-09-29,,1061.4915771484375,1080.7556609643932,1055.8766040342564,1077.3320028920632,14671827.0,RELIANCE.NS
2022-09-30,,1085.434814453125,1096.5047707006538,1054.9636064469146,1054.9636064469146,18613024.0,RELIANCE.NS
2022-10-03,,1081.6688232421875,1103.3294933419215,1078.7015883112226,1091.7117072217247,11852723.0,RELIANCE.NS
2022-10-04,,1101.61767578125,1103.808870249341,1091.095426399377,1094.587668996287,8948850.0,RELIANCE.NS
2022-10-06,,1105.680419921875,1118.4166846220046,1103.87730611944,1108.830344904405,13352162.0,RELIANCE.NS
2022-10-07,,1110.359619140625,1115.6321543527151,1102.2795971833257,1102.2795971833257,7714340.0,RELIANCE.NS
2022-10-10,,1098.2396240234375,1103.6262649687026,1090.1139598954956,1097.8743645838504,6329527.0,RELIANCE.NS
2022-10-11,,1076.3734130859375,1101.9828714622417,1073.269250949044,1101.9828714622417,9215177.0,RELIANCE.NS
2022-10-12,,1084.293701171875,1087.2381151547559,1069.6172735984808,1073.6801664299744,7417103.0,RELIANCE.NS
2022-10-13,,1087.7401123046875,1092.8527780894253,1077.3776122421918,1082.5360411069073,7328492.0,RELIANCE.NS
2022-10-14,,1082.216552734375,1103.0556611703817,1081.48615457156,1102.4393688537991,9106089.0,RELIANCE.NS
2022-10-17,,1099.5863037109375,1101.982888862092,1069.845609321564,1075.0496814411536,16729355.0,RELIANCE.NS
2022-10-18,,1118.9873046875,1124.3511243615108,1104.7902440911478,1105.634748048647,12415820.0,RELIANCE.NS
2022-10-19,,1138.4569091796875,1153.9550179585947,1114.6277458530562,1120.4709308445554,19247142.0,RELIANCE.NS
2022-10-20,,1141.5155029296875,1149.9150215278255,1134.3942113183082,1134.3942113183082,8717053.0,RELIANCE.NS
2022-10-21,,1128.2769775390625,1148.9106943491454,1126.177188586748,1144.7565172867282,8243452.0,RELIANCE.NS
2022-10-24,,1132.0430908203125,1142.382770547029,1120.836206695688,1122.9816380159375,3370033.0,RELIANCE.NS
2022-10-25,,1114.5592041015625,1140.7849504711187,1112.9386597912353,1140.7849504711187,12233241.0,RELIANCE.NS
2022-10-27,,1118.941650390625,1126.8391025996318,1110.5649536618178,1122.0686333408069,12513059.0,RELIANCE.NS
2022-10-28,,1153.1790771484375,1157.2190279737692,1122.7306857391648,1125.2641978503823,17609592.0,RELIANCE.NS
2022-10-31,,1163.8837890625,1169.065039404331,1155.9406944170403,1159.957944449031,12419943.0,RELIANCE.NS
2022-11-01,,1154.8680419921875,1186.8912136799254,1144.8936213637878,1186.8912136799254,13963166.0,RELIANCE.NS
2022-11-02,,1162.08056640625,1164.1576549471247,1148.0890168960855,1155.986348539346,8981896.0,RELIANCE.NS
2022-11-03,,1166.4173583984375,1168.4259835133787,1152.676841200972,1154.8680356681098,6693449.0,RELIANCE.NS
2022-11-04,,1183.58154296875,1186.8910951526373,1164.5684922927214,1165.8465983843867,12575815.0,RELIANCE.NS
2022-11-07,,1189.904052734375,1191.5931814379082,1175.0223567357784,1182.7827614663586,11789748.0,RELIANCE.NS
2022-11-09,,1188.7171630859375,1196.9112902936065,1182.3489707407007,1191.5931131291466,11254205.0,RELIANCE.NS
2022-11-10,,1174.337646484375,1185.3163193750859,1170.0008998356418,1182.3262632089597,5966242.0,RELIANCE.NS
2022-11-11,,1201.407958984375,1203.3251787933696,1181.4133535308406,1186.8912796597394,12310132.0,RELIANCE.NS
2022-11-14,,1195.58740234375,1206.0640083384951,1189.2420312652064,1200.9284005914947,9043112.0,RELIANCE.NS
2022-11-15,,1190.2237548828125,1198.9427700567662,1182.3263018305277,1197.0711926191022,7086433.0,RELIANCE.NS
2022-11-16,,1183.3990478515625,1194.1723297469184,1178.3775455967132,1191.4561277313167,9716161.0,RELIANCE.NS
2022-11-17,,1186.45751953125,1192.825591205946,1177.7612057960014,1180.020863607493,6661451.0,RELIANCE.NS
2022-11-18,,1185.8184814453125,1190.9997319984882,1173.6985088451027,1189.9725379072304,5303197.0,RELIANCE.NS
2022-11-21,,1164.4771728515625,1181.4131345958851,1160.9164671915146,1181.4131345958851,6390268.0,RELIANCE.NS
2022-11-22,,1170.9366455078125,1172.5115476255721,1157.9037056180239,1161.783907991267,6611488.0,RELIANCE.NS
2022-11-23,,1167.2845458984375,1176.8025419691705,1165.0933516897298,1175.4786728280303,6413408.0,RELIANCE.NS
2022-11-24,,1177.3505859375,1184.152381470378,1163.2448083737015,1171.3704732897338,9389439.0,RELIANCE.NS
2022-11-25,,1194.9256591796875,1198.2580330465703,1178.7199717595092,1181.8698970100845,7349922.0,RELIANCE.NS
2022-11-28,,1235.987548828125,1242.1502306285356,1142.154626734269,1190.9541361505962,31527484.0,RELIANCE.NS
2022-11-29,,1238.110107421875,1246.9889910362924,1229.8018737736188,1234.3440108402901,11058913.0,RELIANCE.NS
2022-11-30,,1246.85205078125,1253.288707028199,1231.7192011093234,1238.247142030381,26164986.0,RELIANCE.NS
2022-12-01,,1243.17724609375,1257.6481612150444,1239.8448724818554,1251.6224067137045,9485801.0,RELIANCE.NS
2022-12-02,,1242.6522216796875,1254.4526976676975,1232.8147284105949,1246.235748845341,11589592.0,RELIANCE.NS
2022-12-05,,1224.5294189453125,1240.1872774344642,1222.4980932976318,1238.0189040182454,14828536.0,RELIANCE.NS
2022-12-06,,1228.067138671875,1231.1713003979203,1214.737403586102,1216.6091015367565,8594245.0,RELIANCE.NS
2022-12-07,,1209.9443359375,1230.258436618436,1206.132596960368,1225.693478313524,8462111.0,RELIANCE.NS
2022-12-08,,1209.37353515625,1216.5634100007333,1205.1966579940977,1214.2809311328976,7757008.0,RELIANCE.NS
2022-12-09,,1191.04541015625,1214.2811038799705,1187.7357368415526,1207.8900896926802,12655763.0,RELIANCE.NS
2022-12-12,,1192.8712158203125,1197.3905313761602,1180.0436672450348,1180.2719996623723,9479842.0,RELIANCE.NS
2022-12-13,,1198.3037109375,1201.9555809304147,1189.9497141999723,1192.8713067918438,8333348.0,RELIANCE.NS
2022-12-14,,1193.9669189453125,1204.6717371538757,1191.9126515922892,1204.0782660411908,7268947.0,RELIANCE.NS
2022-12-15,,1177.008056640625,1193.7386297598832,1173.6528618480468,1188.0324923462415,8688551.0,RELIANCE.NS
2022-12-16,,1171.187744140625,1195.4734533972091,1167.78690686101,1173.6529134607251,15837349.0,RELIANCE.NS
2022-12-19,,1186.5716552734375,1188.7172073020977,1171.6898388274747,1178.2177795852808,7729933.0,RELIANCE.NS
2022-12-20,,1196.843017578125,1198.7602374146065,1171.3704856304953,1179.541792973625,7467588.0,RELIANCE.NS
2022-12-21,,1179.8155517578125,1201.9555872542346,1175.9809916475376,1196.477661489117,8527550.0,RELIANCE.NS
2022-12-22,,1176.7569580078125,1189.013856887232,1171.7126347696108,1185.9781586267084,7451122.0,RELIANCE.NS
2022-12-23,,1142.245849609375,1182.554553491853,1137.703712598857,1170.137785137051,10257115.0,RELIANCE.NS
2022-12-26,,1152.22021484375,1160.414342154975,1137.7721216907048,1147.9748739735228,5990242.0,RELIANCE.NS
2022-12-27,,1161.64697265625,1163.518549950611,1148.2031310835503,1154.9364624540497,5763271.0,RELIANCE.NS
2022-12-28,,1161.5328369140625,1163.9750640999512,1151.0562304776126,1158.5884232916014,7459393.0,RELIANCE.NS
2022-12-29,,1161.0078125,1163.5641454874342,1152.882148696241,1153.566904464591,6930648.0,RELIANCE.NS
2022-12-30,,1162.7880859375,1176.3916749175478,1160.0035413220228,1161.829476176333,7289476.0,RELIANCE.NS
2023-01-02,,1175.8896484375,1177.3048023328713,1163.244668797144,1164.066351583663,5316175.0,RELIANCE.NS
2023-01-03,,1167.2845458984375,1174.5657054277967,1163.0620263922654,1170.9365362462836,7658932.0,RELIANCE.NS
2023-01-04,,1149.7095947265625,1169.1107276232437,1147.6325061253483,1167.2618507099899,9264891.0,RELIANCE.NS
2023-01-05,,1147.6553955078125,1157.858149023016,1143.0676158255733,1151.969321148222,13637099.0,RELIANCE.NS
2023-01-06,,1158.086181640625,1163.1305046928026,1149.595379440652,1153.4071180013361,6349597.0,RELIANCE.NS
2023-01-09,,1185.4302978515625,1187.8041821914996,1161.0306065888913,1161.9207528429104,10722753.0,RELIANCE.NS
2023-01-10,,1167.90087890625,1189.6301316742909,1162.2403842296717,1189.6301316742909,8047142.0,RELIANCE.NS
2023-01-11,,1153.1790771484375,1167.7184566325625,1150.873655990327,1165.2077656913489,11509553.0,RELIANCE.NS
2023-01-12,,1128.2769775390625,1156.077627831873,1125.2641003718309,1152.5855061360771,17688773.0,RELIANCE.NS
2023-01-13,,1126.451171875,1128.8705782042637,1111.3867843100481,1122.2513519945564,20618583.0,RELIANCE.NS
2023-01-16,,1115.723388671875,1131.951774613395,1107.917221092014,1128.7791493112115,13623855.0,RELIANCE.NS
2023-01-17,,1131.56396484375,1133.4811846812154,1118.690771838856,1122.0687880986452,10751000.0,RELIANCE.NS
2023-01-18,,1129.692138671875,1137.178689301756,1123.1414974309203,1129.1444306357287,13448286.0,RELIANCE.NS
2023-01-19,,1128.4825439453125,1132.6366004638107,1121.4524163802744,1128.8705038207283,11940054.0,RELIANCE.NS
2023-01-20,,1115.0615234375,1129.8291140692525,1112.596474928504,1129.8291140692525,14930286.0,RELIANCE.NS
2023-01-23,,1109.4237060546875,1125.811961602633,1107.004299933337,1117.960272105855,10954118.0,RELIANCE.NS
2023-01-24,,1102.873046875,1115.51790607312,1089.8171651533376,1113.851719292168,16488755.0,RELIANCE.NS
2023-01-25,,1087.6259765625,1102.302402806859,1086.461976225218,1101.2753294802073,12385018.0,RELIANCE.NS
2023-01-27,,1066.992431640625,1089.817223588686,1055.260418546103,1088.4706538388855,25830975.0,RELIANCE.NS
2023-01-30,,1077.218017578125,1082.764407064242,1050.3987961919847,1064.4132886312711,21772103.0,RELIANCE.NS
2023-01-31,,1074.5244140625,1089.9540573273835,1068.6584086670991,1087.3747826880974,22691594.0,RELIANCE.NS
2023-02-01,,1068.1563720703125,1086.4390237052419,1052.2245419941687,1086.4390237052419,19347800.0,RELIANCE.NS
2023-02-02,,1062.2447509765625,1071.85391093282,1054.9635914721293,1058.1590377354637,13662663.0,RELIANCE.NS
2023-02-03,,1063.1806640625,1072.3105805967245,1046.7467660021255,1072.3105805967245,24699575.0,RELIANCE.NS
2023-02-06,,1055.169189453125,1059.528757546533,1052.5900349184292,1056.7897340697052,14837879.0,RELIANCE.NS
2023-02-07,,1052.6356201171875,1062.4502927137798,1046.7467924098464,1055.4202857843334,15135435.0,RELIANCE.NS
2023-02-08,,1073.6573486328125,1077.28651848918,1053.1378561171298,1055.876758827137,21160332.0,RELIANCE.NS
2023-02-09,,1075.52880859375,1082.284961068636,1065.463103759131,1074.341987106508,13172763.0,RELIANCE.NS
2023-02-10,,1066.6728515625,1075.0039060071294,1059.6655455942528,1075.0039060071294,10790445.0,RELIANCE.NS
2023-02-13,,1060.6014404296875,1072.7670546240697,1056.127767130611,1068.293381324993,10352493.0,RELIANCE.NS
2023-02-14,,1085.5947265625,1087.329376978281,1060.738487756277,1063.6144381671827,14321920.0,RELIANCE.NS
2023-02-15,,1110.1768798828125,1112.5735854842064,1083.2664969637603,1084.6358877756606,33503591.0,RELIANCE.NS
2023-02-16,,1109.3094482421875,1124.7162706791198,1107.0269694456317,1118.1655094417106,17264487.0,RELIANCE.NS
2023-02-17,,1113.94287109375,1117.2753650050747,1100.4305676175113,1104.7216712307097,11809520.0,RELIANCE.NS
2023-02-20,,1102.16552734375,1118.3026298698114,1100.2025445254703,1116.13425652598,8836937.0,RELIANCE.NS
2023-02-21,,1111.1585693359375,1116.9559918914763,1101.2296696771075,1106.5479683974272,13311592.0,RELIANCE.NS
2023-02-22,,1085.959716796875,1109.2866925279875,1084.2022454513722,1107.4379365148654,11024335.0,RELIANCE.NS
2023-02-23,,1080.7557373046875,1093.1953270218976,1077.9483712962124,1085.5490279902117,9851910.0,RELIANCE.NS
2023-02-24,,1088.1510009765625,1093.8344379808216,1080.9840672539892,1082.8100022510873,9434053.0,RELIANCE.NS
2023-02-27,,1080.91552734375,1090.8672478016565,1073.543202799622,1087.3750050988056,11199715.0,RELIANCE.NS
2023-02-28,,1060.2362060546875,1080.5274845520237,1056.1734344203933,1075.5516247048565,21994038.0,RELIANCE.NS
2023-03-01,,1069.982421875,1070.712820002187,1060.5557097259696,1070.0280642112666,11551145.0,RELIANCE.NS
2023-03-02,,1061.8338623046875,1073.5202315216086,1059.8024162422653,1066.8325430044117,9333535.0,RELIANCE.NS
2023-03-03,,1088.9271240234375,1092.6019362119685,1068.9098180563456,1072.3791189632545,14643807.0,RELIANCE.NS
2023-03-06,,1099.5633544921875,1106.8216933590497,1095.5918675399987,1095.5918675399987,10171916.0,RELIANCE.NS
2023-03-08,,1103.5120849609375,1104.265304210858,1088.7443751303776,1099.5632986303585,15782657.0,RELIANCE.NS
2023-03-09,,1076.9896240234375,1103.3066574341256,1075.095225544964,1102.8958764013148,16235128.0,RELIANCE.NS
2023-03-10,,1060.3046875,1070.0280749321848,1056.8124450060086,1068.8868957671646,13334091.0,RELIANCE.NS
2023-03-13,,1042.8665771484375,1070.0281154160118,1038.5298305140532,1063.1806779260546,12771592.0,RELIANCE.NS
2023-03-14,,1038.9635009765625,1052.2018311560978,1035.8136967949142,1040.812257084253,16027522.0,RELIANCE.NS
2023-03-15,,1021.205810546875,1049.1662111592916,1016.800600298463,1042.6840329673732,21728555.0,RELIANCE.NS
2023-03-16,,1016.1157836914062,1028.9433330363881,1005.2968594074098,1023.921951504309,18363159.0,RELIANCE.NS
2023-03-17,,1014.8377075195312,1028.007574780085,1010.0901194945558,1024.7208434439497,34014213.0,RELIANCE.NS
2023-03-20,,1004.8632202148438,1013.4225471579439,995.1626537042278,1011.1400680229121,19524589.0,RELIANCE.NS
2023-03-21,,1036.1102294921875,1038.0732119172073,1012.0528577510236,1012.9430039303461,21400360.0,RELIANCE.NS
2023-03-22,,1039.26025390625,1046.0392280531037,1036.2473765076484,1043.0948141638403,10920094.0,RELIANCE.NS
2023-03-23,,1026.1131591796875,1036.2016854580306,1023.9447859117854,1035.3343603002547,16249370.0,RELIANCE.NS
2023-03-24,,1005.7989501953125,1027.117362031003,1003.3795441878093,1024.9489888672188,12375945.0,RELIANCE.NS
2023-03-27,,1021.4338989257812,1028.9432703448797,1004.3838307288752,1012.2812223607901,14054323.0,RELIANCE.NS
2023-03-28,,1026.2044677734375,1030.0846702786253,1021.1829653124684,1024.8349561252708,12576424.0,RELIANCE.NS
2023-03-29,,1020.1329956054688,1024.743595933455,1009.3596536883372,1022.0958575091914,18804065.0,RELIANCE.NS
2023-03-31,,1064.116455078125,1069.7770709600845,1029.2629756900762,1029.3999027039445,28171201.0,RELIANCE.NS
2023-04-03,,1064.299072265625,1072.3106311531849,1056.7896998650788,1070.4846960590223,10293043.0,RELIANCE.NS
2023-04-05,,1061.74267578125,1071.8540232011114,1053.8453439607506,1071.8540232011114,16262928.0,RELIANCE.NS
2023-04-06,,1068.8638916015625,1074.592970502133,1058.2275373074351,1058.2275373074351,18435046.0,RELIANCE.NS
2023-04-10,,1061.2861328125,1072.9496819536614,1059.779694186431,1072.7671126043012,12961408.0,RELIANCE.NS
2023-04-11,,1066.535888671875,1068.6586196822263,1060.9210357303307,1065.4631729553812,10542367.0,RELIANCE.NS
2023-04-12,,1071.23779296875,1080.8925957399235,1063.6599579243734,1066.5357872569193,18179087.0,RELIANCE.NS
2023-04-13,,1075.27783203125,1079.9797173840186,1069.1151503508545,1074.1365320735108,12378208.0,RELIANCE.NS
2023-04-17,,1080.73291015625,1106.9814803229494,1072.333391852291,1106.9814803229494,17929479.0,RELIANCE.NS
2023-04-18,,1068.3619384765625,1085.0925121063174,1061.8111761257844,1085.0925121063174,10405576.0,RELIANCE.NS
2023-04-19,,1073.6800537109375,1076.3733137885806,1064.64142217666,1067.768405195298,12273475.0,RELIANCE.NS
2023-04-20,,1070.9637451171875,1076.875393044396,1064.5956738732273,1074.638556551585,7007330.0,RELIANCE.NS
2023-04-21,,1072.310546875,1077.7884724738815,1066.5586465106753,1073.0637661728558,7647317.0,RELIANCE.NS
2023-04-24,,1076.4190673828125,1086.8727319946267,1071.8539885727766,1084.1794719407253,12936186.0,RELIANCE.NS
2023-04-25,,1084.6588134765625,1086.7359021827194,1072.995384428631,1080.0710338352167,9236126.0,RELIANCE.NS
2023-04-26,,1078.290771484375,1089.2467445727555,1074.6159592843226,1086.005534613959,8617834.0,RELIANCE.NS
2023-04-27,,1085.1153564453125,1088.2879820525134,1079.158065119624,1084.1795677314856,9167125.0,RELIANCE.NS
2023-04-28,,1104.9500732421875,1106.5022750107378,1087.2608896802224,1087.374995527852,15565210.0,RELIANCE.NS
2023-05-02,,1114.3311767578125,1116.4995501680314,1108.4195276994035,1112.1171610071847,12981805.0,RELIANCE.NS
2023-05-03,,1104.7674560546875,1116.1342091904096,1101.549188303151,1116.1342091904096,7061872.0,RELIANCE.NS
2023-05-04,,1117.503662109375,1119.717677582049,1102.2567073883076,1105.2467632974385,8635233.0,RELIANCE.NS
2023-05-05,,1114.650634765625,1123.5979821409157,1112.0258380416835,1114.3083172243437,8746585.0,RELIANCE.NS
2023-05-08,,1128.4139404296875,1133.7777597410543,1115.7461404298203,1118.4165791288924,9153782.0,RELIANCE.NS
2023-05-09,,1131.90625,1135.2159233997013,1124.4653410768628,1129.8291612797643,6464721.0,RELIANCE.NS
2023-05-10,,1139.6895751953125,1141.173192717246,1132.659447469911,1136.6766978121202,10872255.0,RELIANCE.NS
2023-05-11,,1132.2486572265625,1145.578272899187,1130.536707274967,1140.7622816578707,10557860.0,RELIANCE.NS
2023-05-12,,1134.097412109375,1135.4897449397138,1121.3839680276494,1127.4553650769165,6955341.0,RELIANCE.NS
2023-05-15,,1136.334228515625,1143.318592964205,1128.9846046154787,1136.6310244600713,6833343.0,RELIANCE.NS
2023-05-16,,1120.1513671875,1141.058816015231,1118.4850597805391,1138.5024831085086,8717229.0,RELIANCE.NS
2023-05-17,,1113.5322265625,1125.2641183192468,1108.830341392445,1124.3511508366894,8798967.0,RELIANCE.NS
2023-05-18,,1111.1356201171875,1121.6122266625744,1107.9856952056505,1118.2112689036005,10525531.0,RELIANCE.NS
2023-05-19,,1114.7418212890625,1116.5678769225615,1104.1967514891073,1111.1355938507186,8050447.0,RELIANCE.NS
2023-05-22,,1120.6990966796875,1125.720598669704,1110.3595382742935,1111.5691808774143,7434906.0,RELIANCE.NS
2023-05-23,,1120.49365234375,1126.6335119735163,1119.0784985578177,1123.2783175836105,6092034.0,RELIANCE.NS
2023-05-24,,1113.9659423828125,1124.8078096781505,1110.8617801773491,1116.5452176617491,8112254.0,RELIANCE.NS
2023-05-25,,1113.8289794921875,1117.9603357408223,1102.9187697829475,1111.0672556833676,11487863.0,RELIANCE.NS
2023-05-26,,1144.2088623046875,1145.3500415058625,1118.7591533794464,1122.0687058844728,12626260.0,RELIANCE.NS
2023-05-29,,1150.645263671875,1154.9363674405995,1144.5282250956022,1150.8278330032474,10010304.0,RELIANCE.NS
2023-05-30,,1150.3486328125,1158.451475420254,1147.7921790871794,1150.645307987406,11342504.0,RELIANCE.NS
2023-05-31,,1127.5009765625,1145.7381091276332,1123.4382047768395,1141.2416143873527,27107927.0,RELIANCE.NS
2023-06-01,,1124.46533203125,1134.34858906371,1122.068746948841,1132.1802156805027,14592692.0,RELIANCE.NS
2023-06-02,,1120.7904052734375,1133.412563645759,1118.8731857024297,1128.003101699598,15800644.0,RELIANCE.NS
2023-06-05,,1130.856201171875,1133.8234358683376,1122.2739934203582,1126.2684221252366,10908682.0,RELIANCE.NS
2023-06-06,,1131.81494140625,1135.626680467698,1123.8947880782737,1133.6866395560062,7493309.0,RELIANCE.NS
2023-06-07,,1140.3970947265625,1141.241598708449,1128.7335456658939,1135.3071289198083,10312545.0,RELIANCE.NS
2023-06-08,,1141.0816650390625,1148.9334747780272,1137.1329993758209,1143.9804362633743,12071109.0,RELIANCE.NS
2023-06-09,,1133.001953125,1145.1447480583759,1131.1987183736474,1144.437171009834,5877018.0,RELIANCE.NS
2023-06-12,,1134.006103515625,1136.311403822295,1125.2641468372988,1130.0574375493186,6391969.0,RELIANCE.NS
2023-06-13,,1150.759521484375,1151.946463788879,1134.9647365494955,1138.9591656822827,11248016.0,RELIANCE.NS
2023-06-14,,1164.910888671875,1166.3488637759137,1149.0019986007082,1150.827933567815,13277380.0,RELIANCE.NS
2023-06-15,,1165.23046875,1169.7954267696327,1157.4471223513988,1164.888030487722,11813494.0,RELIANCE.NS
2023-06-16,,1176.574462890625,1178.856942021871,1168.72265257123,1168.72265257123,24171579.0,RELIANCE.NS
2023-06-19,,1164.8880615234375,1179.5873088461865,1160.7111839901809,1179.5873088461865,6798554.0,RELIANCE.NS
2023-06-20,,1167.3074951171875,1170.457299404325,1157.2189687814275,1162.9480481347903,6921096.0,RELIANCE.NS
2023-06-21,,1170.59423828125,1173.127750027222,1163.1533304634168,1167.2617442064677,6961603.0,RELIANCE.NS
2023-06-22,,1157.4471435546875,1174.702723824018,1155.8494202932393,1166.8053921892115,7619166.0,RELIANCE.NS
2023-06-23,,1147.974853515625,1156.4884770186727,1146.7194478373872,1154.434209748897,6628570.0,RELIANCE.NS
2023-06-26,,1139.210205078125,1148.2716583591261,1136.0832218598148,1144.437098137329,12641159.0,RELIANCE.NS
2023-06-27,,1139.62109375,1145.578264166708,1135.1474200849475,1139.666736088607,9689466.0,RELIANCE.NS
2023-06-28,,1154.708251953125,1158.519990797568,1140.2600374666351,1147.1760589375283,11354006.0,RELIANCE.NS
2023-06-30,,1164.1805419921875,1167.1021346662303,1156.511421596289,1162.423070452648,11151555.0,RELIANCE.NS
2023-07-03,,1194.0582275390625,1196.9341777415286,1166.5086096788432,1167.741194264735,12154387.0,RELIANCE.NS
2023-07-04,,1181.755615234375,1198.3036177471888,1174.6798459927943,1198.3036177471888,8061643.0,RELIANCE.NS
2023-07-05,,1179.8155517578125,1190.9997357239995,1175.8440646341217,1190.9997357239995,10248062.0,RELIANCE.NS
2023-07-06,,1204.5804443359375,1207.1824197013011,1175.958111582341,1175.958111582341,19117987.0,RELIANCE.NS
2023-07-07,,1202.2296142578125,1216.5407819731026,1199.6731602419495,1202.8687277617782,13375267.0,RELIANCE.NS
2023-07-10,,1248.5411376953125,1258.1047776229054,1221.128565671655,1227.4738168988026,33240016.0,RELIANCE.NS
2023-07-11,,1262.076171875,1264.4955779542368,1249.705166712445,1256.6895309307056,20069348.0,RELIANCE.NS
2023-07-12,,1263.4683837890625,1279.1034182559108,1260.6837185366455,1262.8064492251153,18733835.0,RELIANCE.NS
2023-07-13,,1252.170166015625,1277.7339788902639,1249.545369524751,1270.8408996155135,14682934.0,RELIANCE.NS
2023-07-14,,1251.1202392578125,1260.3414396091937,1243.9988277461352,1255.365580017741,15124144.0,RELIANCE.NS
2023-07-17,,1276.6842041015625,1285.060901535764,1245.3228457945552,1253.9963391795925,22220040.0,RELIANCE.NS
2023-07-18,,1287.52587890625,1295.286283587151,1274.995004828538,1285.9509768018002,25867313.0,RELIANCE.NS
2023-07-19,,1297.294921875,1303.7543992835303,1276.8210735612868,1291.8854597114334,39122156.0,RELIANCE.NS
2023-07-20,,1295.723876953125,1301.213635792283,1276.014839753512,1276.014839753512,38717624.0,RELIANCE.NS
2023-07-21,,1255.6134033203125,1293.2755748788927,1248.1205739980844,1290.3576048302098,30249238.0,RELIANCE.NS
2023-07-24,,1230.216796875,1243.8424839995957,1221.2649818512405,1227.0515368964086,23727866.0,RELIANCE.NS
2023-07-25,,1229.425537109375,1239.0203294862108,1226.5569523456327,1233.4810641733905,12026020.0,RELIANCE.NS
2023-07-26,,1249.4063720703125,1259.6936470475673,1229.029726310642,1229.029726310642,12911012.0,RELIANCE.NS
2023-07-27,,1237.7838134765625,1255.06933898356,1231.6758304667376,1253.2889256301971,17226898.0,RELIANCE.NS
2023-07-28,,1250.2225341796875,1257.6412248805652,1236.7204929547063,1242.4081558253793,20827852.0,RELIANCE.NS
2023-07-31,,1260.8065185546875,1263.1062644351005,1245.3261593927457,1250.222567835286,8551174.0,RELIANCE.NS
2023-08-01,,1242.9769287109375,1265.6286894674379,1239.0697997346808,1263.6503718598296,9536632.0,RELIANCE.NS
2023-08-02,,1229.697509765625,1242.383422770223,1218.4458286875906,1240.9985763343113,12748214.0,RELIANCE.NS
2023-08-03,,1224.5291748046875,1236.8936606795558,1215.7010043381908,1224.23249959185,10168350.0,RELIANCE.NS
2023-08-04,,1241.171630859375,1244.3616435147105,1222.4023686926273,1235.8549028515122,22885610.0,RELIANCE.NS
2023-08-07,,1248.244140625,1250.494380069662,1238.9212715800145,1246.8345411789287,5982870.0,RELIANCE.NS
2023-08-08,,1240.7264404296875,1253.486611833248,1236.2258407843067,1250.2965991690858,9844072.0,RELIANCE.NS
2023-08-09,,1248.911865234375,1250.7912910864598,1227.1009863432985,1238.8472469851743,11486586.0,RELIANCE.NS
2023-08-10,,1254.4759521484375,1261.1775274732204,1240.627728317359,1248.7882887892447,15470598.0,RELIANCE.NS
2023-08-11,,1259.767822265625,1265.5544976220099,1242.5565564009414,1252.4975295128647,22179330.0,RELIANCE.NS
2023-08-14,,1274.6546630859375,1277.1523130180672,1248.8128913733601,1255.737002454242,9575812.0,RELIANCE.NS
2023-08-16,,1273.6160888671875,1277.3996937112483,1261.672044700447,1261.672044700447,10203112.0,RELIANCE.NS
2023-08-17,,1255.2425537109375,1275.0752365265755,1252.695518025622,1269.6348629683328,13673744.0,RELIANCE.NS
2023-08-18,,1264.54052734375,1274.8278021449016,1240.6770733077956,1251.9040005908723,18639978.0,RELIANCE.NS
2023-08-21,,1250.74267578125,1268.3374245054665,1248.5836072167706,1260.6443643964944,9221746.0,RELIANCE.NS
2023-08-22,,1250.44482421875,1259.6517042081298,1240.319812990251,1249.204008079304,7713044.0,RELIANCE.NS
2023-08-23,,1251.8345947265625,1262.0838090060652,1249.2288807667073,1252.8272476636503,9517952.0,RELIANCE.NS
2023-08-24,,1230.7904052734375,1260.6195534341234,1226.4227081001463,1260.6195534341234,14140020.0,RELIANCE.NS
2023-08-25,,1225.1075439453125,1243.2978613921046,1212.3271367872899,1218.9778633049934,22222400.0,RELIANCE.NS
2023-08-28,,1212.8978271484375,1232.8749678308823,1206.6193456890517,1226.9190501118926,12580826.0,RELIANCE.NS
2023-08-29,,1201.2838134765625,1217.7121468384466,1195.2285336373561,1217.0173382536789,16876644.0,RELIANCE.NS
2023-08-30,,1200.1422119140625,1212.5255327642963,1198.628391987628,1207.0659417448908,12168946.0,RELIANCE.NS
2023-08-31,,1194.65771484375,1203.5915905675504,1191.133748727762,1202.5989377093504,21638600.0,RELIANCE.NS
2023-09-01,,1197.4619140625,1203.9141576589248,1192.0023233270636,1194.4343955405523,18112842.0,RELIANCE.NS
2023-09-04,,1196.494140625,1202.921543874001,1193.8140262826475,1197.4619529612135,9347626.0,RELIANCE.NS
2023-09-05,,1202.8968505859375,1208.033756715794,1197.3627378820318,1201.1100268699734,8675876.0,RELIANCE.NS
2023-09-06,,1205.4281005859375,1209.125708635972,1199.745186611218,1201.6560920331103,8200370.0,RELIANCE.NS
2023-09-07,,1207.06591796875,1210.1679582595825,1196.6430625915527,1201.9537313347682,13652572.0,RELIANCE.NS
2023-09-08,,1215.1064453125,1218.9778160313297,1202.5742018862823,1211.0365924741222,23109288.0,RELIANCE.NS
2023-09-11,,1228.20947265625,1229.326207160582,1216.9924464989115,1216.9924464989115,13271074.0,RELIANCE.NS
2023-09-12,,1210.4659423828125,1232.3787090583842,1209.0265228175713,1232.3787090583842,16255666.0,RELIANCE.NS
2023-09-13,,1216.52099609375,1222.2783103355039,1204.2120756300537,1211.0365644667,12803338.0,RELIANCE.NS
2023-09-14,,1217.6376953125,1223.8417758931353,1213.5181615722684,1220.9630582690309,9209636.0,RELIANCE.NS
2023-09-15,,1219.8961181640625,1224.9337835939812,1215.7517434819517,1224.9337835939812,25468592.0,RELIANCE.NS
2023-09-18,,1209.274658203125,1216.4962329024152,1207.0908701058952,1211.061482045193,7516300.0,RELIANCE.NS
2023-09-20,,1182.323974609375,1204.8821081322808,1168.8487603007638,1202.623798606989,57081884.0,RELIANCE.NS
2023-09-21,,1173.712890625,1186.2699748730859,1171.3304992731428,1178.750555955457,12226182.0,RELIANCE.NS
2023-09-22,,1168.8240966796875,1182.47307577697,1166.3673046768697,1179.2717940052096,19176786.0,RELIANCE.NS
2023-09-25,,1161.6273193359375,1171.6779308453931,1158.9720452955405,1166.5657437194718,14254884.0,RELIANCE.NS
2023-09-26,,1162.6446533203125,1166.4663425671888,1159.2200494490667,1160.684188171601,10087782.0,RELIANCE.NS
2023-09-27,,1175.7476806640625,1177.1871000752483,1160.6594050312615,1163.1410372849095,11722778.0,RELIANCE.NS
2023-09-28,,1158.4755859375,1182.7459002555731,1153.9589668880435,1182.7459002555731,14518346.0,RELIANCE.NS
2023-09-29,,1163.8856201171875,1175.847137006539,1158.475709840611,1162.2973995824232,12342014.0,RELIANCE.NS
2023-10-03,,1150.55908203125,1159.220075299941,1149.492028660551,1156.415758225436,8859056.0,RELIANCE.NS
2023-10-04,,1148.5738525390625,1150.981084388904,1139.1189302205564,1146.0178196869251,10286386.0,RELIANCE.NS
2023-10-05,,1148.549072265625,1156.14276991832,1146.017758932428,1151.105104982258,10953682.0,RELIANCE.NS
2023-10-06,,1150.4847412109375,1153.8597853939605,1147.5316229908371,1150.0132553057874,5431026.0,RELIANCE.NS
2023-10-09,,1140.6822509765625,1147.4818990309532,1139.0691900320726,1145.5711149238573,7576878.0,RELIANCE.NS
2023-10-10,,1145.719970703125,1150.435072150941,1143.4121010954177,1144.8018394410437,10236032.0,RELIANCE.NS
2023-10-11,,1163.910400390625,1166.2182699823193,1148.0031129607796,1148.7227620999727,9814118.0,RELIANCE.NS
2023-10-12,,1166.0693359375,1171.0078811502246,1160.485663265934,1163.3148210249558,12554450.0,RELIANCE.NS
2023-10-13,,1166.0198974609375,1170.0897506197043,1156.0188455521982,1161.4040366702475,10150316.0,RELIANCE.NS
2023-10-16,,1163.4140625,1168.6254903286665,1159.4186102633319,1163.885548402189,5929036.0,RELIANCE.NS
2023-10-17,,1168.972900390625,1171.18152891328,1162.0491704758838,1169.3451452373686,7928180.0,RELIANCE.NS
2023-10-18,,1153.4627685546875,1174.8048077319042,1151.9737890772074,1168.9729714451066,8918320.0,RELIANCE.NS
2023-10-19,,1144.603271484375,1152.37085365543,1142.0472385636656,1147.5068298823098,12032556.0,RELIANCE.NS
2023-10-20,,1141.104248046875,1148.846868358942,1139.7145096810816,1141.5508934053469,8913312.0,RELIANCE.NS
2023-10-23,,1123.2861328125,1144.6530132953733,1119.3403612940447,1136.5877075106362,7853962.0,RELIANCE.NS
2023-10-25,,1120.6802978515625,1132.219887961399,1113.2602415640138,1116.7593673158804,11620688.0,RELIANCE.NS
2023-10-26,,1105.0709228515625,1120.7052071856403,1101.9937228681183,1117.2309217780673,15222534.0,RELIANCE.NS
2023-10-27,,1124.5765380859375,1128.3982276638756,1109.761144511754,1111.7712909465938,11771084.0,RELIANCE.NS
2023-10-30,,1147.7548828125,1153.958963260135,1126.6361687340607,1128.6463150337838,16813304.0,RELIANCE.NS
2023-10-31,,1135.5452880859375,1155.4480281047179,1133.0636557231696,1155.4480281047179,12808438.0,RELIANCE.NS
2023-11-01,,1140.2603759765625,1150.236586425296,1129.2419526519689,1136.1656826268284,10309190.0,RELIANCE.NS
2023-11-02,,1151.57666015625,1153.6116471680004,1145.4966608528325,1148.4746196953226,10562104.0,RELIANCE.NS
2023-11-03,,1151.3284912109375,1158.897469898072,1149.3680258840427,1155.0509397455937,8850156.0,RELIANCE.NS
2023-11-06,,1160.9075927734375,1161.4039192346488,1154.256866662586,1157.5822297180116,10647304.0,RELIANCE.NS
2023-11-07,,1153.3634033203125,1160.9572220726066,1151.2540159543112,1158.4507493206686,6960204.0,RELIANCE.NS
2023-11-08,,1159.368896484375,1161.900209827792,1152.3459257444151,1157.4332718147846,7884494.0,RELIANCE.NS
2023-11-09,,1146.787109375,1159.3689122452765,1143.6353879313751,1159.344192861405,14513610.0,RELIANCE.NS
2023-11-10,,1148.946044921875,1149.6658152095554,1140.5830169850344,1144.3054653415224,7734954.0,RELIANCE.NS
2023-11-13,,1148.7972412109375,1153.7605056745233,1147.3578218124285,1152.9166537769547,3854810.0,RELIANCE.NS
2023-11-15,,1169.5684814453125,1172.2982770196893,1154.9516911953863,1161.4039352802765,12220648.0,RELIANCE.NS
2023-11-16,,1171.6778564453125,1178.3534231349859,1164.8533675821152,1166.9131951067154,13134910.0,RELIANCE.NS
2023-11-17,,1169.121826171875,1177.9067803474445,1167.3846835483773,1167.8064883385834,7758634.0,RELIANCE.NS
2023-11-20,,1166.044677734375,1170.5363354915235,1159.617152805321,1165.647592311094,4490186.0,RELIANCE.NS
2023-11-21,,1180.7109375,1185.227556641674,1171.4296571663483,1174.3083747965666,8214450.0,RELIANCE.NS
2023-11-22,,1185.326904296875,1188.4289448727575,1177.3856804226161,1178.7754188353035,8534814.0,RELIANCE.NS
2023-11-23,,1188.9500732421875,1191.1835423841578,1185.3268657327444,1185.3268657327444,8531542.0,RELIANCE.NS
2023-11-24,,1188.1558837890625,1192.474021001291,1186.7414260587238,1187.0144298509326,6749486.0,RELIANCE.NS
2023-11-28,,1188.404052734375,1191.034607263244,1178.899449291774,1188.1558894990753,13792174.0,RELIANCE.NS
2023-11-29,,1191.5308837890625,1197.1145563492605,1190.2156671664848,1195.1540911072586,12531306.0,RELIANCE.NS
2023-11-30,,1179.9913330078125,1191.530923348677,1176.2440439527552,1188.5529645510346,28439984.0,RELIANCE.NS
2023-12-01,,1188.3544921875,1189.3967050711567,1180.0658643673892,1180.2643464861462,14342842.0,RELIANCE.NS
2023-12-04,,1201.209228515625,1215.9997806950958,1190.4886500919326,1215.9997806950958,15590990.0,RELIANCE.NS
2023-12-05,,1209.9197998046875,1211.4584602643838,1201.9288955146308,1210.540207865299,12693624.0,RELIANCE.NS
2023-12-06,,1221.5091552734375,1227.3905513904704,1208.5549856031337,1214.560584514323,16422442.0,RELIANCE.NS
2023-12-07,,1219.4990234375,1221.4346482742724,1212.0292855470004,1220.9631623446442,8142096.0,RELIANCE.NS
2023-12-08,,1218.853759765625,1229.251775342433,1213.5182500771466,1222.874052744466,10204894.0,RELIANCE.NS
2023-12-11,,1220.6405029296875,1224.7351961410227,1217.1909371644088,1218.9777608532804,7066138.0,RELIANCE.NS
2023-12-12,,1203.1202392578125,1223.41994400905,1201.1844932637518,1220.9631521449135,9197124.0,RELIANCE.NS
2023-12-13,,1208.03369140625,1210.2176004047437,1194.3103140708777,1202.102614795848,10031182.0,RELIANCE.NS
2023-12-14,,1223.0228271484375,1228.3831772791464,1212.3518080035872,1217.9851619285064,16972354.0,RELIANCE.NS
2023-12-15,,1238.6324462890625,1240.8162343922088,1225.951280138882,1229.8970515295573,15932152.0,RELIANCE.NS
2023-12-18,,1251.239013671875,1258.1379030406688,1236.3243792186838,1238.6323699765335,14165188.0,RELIANCE.NS
2023-12-19,,1269.6527099609375,1277.4945707453207,1253.3234974409622,1268.1140495332209,16820604.0,RELIANCE.NS
2023-12-20,,1254.2913818359375,1289.8780864366483,1250.7426960684581,1276.080186427869,17736722.0,RELIANCE.NS
2023-12-21,,1271.8614501953125,1277.2962009364337,1249.8741628164655,1254.2170195322976,13765454.0,RELIANCE.NS
2023-12-22,,1273.1021728515625,1280.968874306117,1264.4660199985942,1270.3972179591544,16541784.0,RELIANCE.NS
2023-12-26,,1279.554443359375,1286.453332624264,1271.935783794956,1274.5663382448713,7465664.0,RELIANCE.NS
2023-12-27,,1283.922119140625,1290.3990823415181,1277.0976304877347,1281.514887400953,9204156.0,RELIANCE.NS
2023-12-28,,1293.203369140625,1296.4046504171113,1283.9220890250845,1285.3862277761266,12302636.0,RELIANCE.NS
2023-12-29,,1282.9791259765625,1297.397434632089,1280.174929799553,1295.9581362918193,10864584.0,RELIANCE.NS
2024-01-01,,1285.6097412109375,1293.8488097378856,1277.1225094292433,1280.7953983035607,4030540.0,RELIANCE.NS
2024-01-02,,1296.255859375,1297.8937610136477,1277.0480485996618,1283.0039664322292,7448800.0,RELIANCE.NS
2024-01-03,,1282.16015625,1307.3238832997818,1279.132516403198,1295.412048372221,9037536.0,RELIANCE.NS
2024-01-04,,1288.7860107421875,1295.337616733607,1280.0755785995668,1284.4928354763001,9612778.0,RELIANCE.NS
2024-01-05,,1294.2705078125,1300.3009471094986,1289.456165302221,1291.8881165287519,8086406.0,RELIANCE.NS
2024-01-08,,1284.17041015625,1306.3064992127524,1275.0379299096924,1295.412156841061,7734652.0,RELIANCE.NS
2024-01-09,,1280.7703857421875,1293.8237954235035,1279.132484246134,1290.4487513775189,5403074.0,RELIANCE.NS
2024-01-10,,1315.3148193359375,1319.7320764251056,1278.0654937339266,1279.0333061103788,11102740.0,RELIANCE.NS
2024-01-11,,1349.9088134765625,1352.489686993197,1318.7394856296971,1319.7321386109766,23725852.0,RELIANCE.NS
2024-01-12,,1360.6541748046875,1363.2350482099334,1335.8626919019084,1349.9087552154863,15012164.0,RELIANCE.NS
2024-01-15,,1383.8822021484375,1386.190071634762,1355.9638397810568,1364.8977157386187,8610594.0,RELIANCE.NS
2024-01-16,,1364.5255126953125,1386.0413130880693,1360.4308194226976,1379.7627106993223,9069024.0,RELIANCE.NS
2024-01-17,,1351.5714111328125,1376.0900120502974,1345.0696069219948,1349.5117047016763,12197382.0,RELIANCE.NS
2024-01-18,,1357.8995361328125,1360.92717605878,1341.3222805612156,1341.4712027363942,10279438.0,RELIANCE.NS
2024-01-19,,1357.4031982421875,1365.890429247957,1349.015329468004,1365.890429247957,10422704.0,RELIANCE.NS
2024-01-23,,1318.8138427734375,1361.6716823004633,1312.8332056966303,1361.6716823004633,20055420.0,RELIANCE.NS
2024-01-24,,1334.00146484375,1339.5851376107455,1314.1980872328543,1325.4149927095905,21919128.0,RELIANCE.NS
2024-01-25,,1343.1337890625,1354.1274927557365,1325.390118278632,1333.0831783387705,11808872.0,RELIANCE.NS
2024-01-29,,1437.4111328125,1441.8283899094502,1350.1817560391485,1354.474931519067,23893438.0,RELIANCE.NS
2024-01-30,,1397.2830810546875,1449.2484377227322,1394.1066401470152,1449.2235971647833,14093978.0,RELIANCE.NS
2024-01-31,,1416.1434326171875,1423.7124109217216,1392.1956815880876,1393.6846609266845,15130226.0,RELIANCE.NS
2024-02-01,,1416.1683349609375,1432.745590517861,1407.631543948549,1424.4569627393994,13349362.0,RELIANCE.NS
2024-02-02,,1446.990234375,1464.0639387350582,1422.6455164089482,1422.6455164089482,19652588.0,RELIANCE.NS
2024-02-05,,1428.452392578125,1459.6961190035063,1421.007495677393,1450.0177530325548,8814432.0,RELIANCE.NS
2024-02-06,,1417.3099365234375,1431.256637826339,1409.3934322746634,1431.256637826339,9047984.0,RELIANCE.NS
2024-02-07,,1431.554443359375,1438.8504181404362,1418.7491963623445,1425.3752031215413,9296568.0,RELIANCE.NS
2024-02-08,,1439.4708251953125,1448.752105824393,1417.0368932886952,1439.3467435794867,14694634.0,RELIANCE.NS
2024-02-09,,1450.0177001953125,1461.1602045826953,1440.2896534634558,1443.31729322881,12556798.0,RELIANCE.NS
2024-02-12,,1441.679443359375,1450.2659153474917,1431.7529141646626,1450.017752117624,6674430.0,RELIANCE.NS
2024-02-13,,1454.335693359375,1468.1335924657844,1443.3172707540573,1444.806250056761,7715594.0,RELIANCE.NS
2024-02-14,,1470.4912109375,1472.749520552248,1446.7916226083244,1446.7916226083244,7117888.0,RELIANCE.NS
2024-02-15,,1459.79541015625,1473.8166331337911,1455.7503978374216,1472.4517353218182,10006782.0,RELIANCE.NS
2024-02-16,,1449.843994140625,1466.1483668657747,1447.8339689108675,1465.6271998466532,9767498.0,RELIANCE.NS
2024-02-19,,1463.17041015625,1468.6300012389227,1442.8458657695369,1451.3082561823699,6729828.0,RELIANCE.NS
2024-02-20,,1460.21728515625,1464.659382736365,1451.0600862084646,1464.1878968342883,7117496.0,RELIANCE.NS
2024-02-21,,1456.916748046875,1477.5888193115914,1446.8414171157522,1463.170510366537,12720292.0,RELIANCE.NS
2024-02-22,,1470.863525390625,1474.0399663973683,1447.2880175600008,1457.36346935178,18493728.0,RELIANCE.NS
2024-02-23,,1482.6512451171875,1486.5474563697878,1472.4517119404402,1478.556551746289,14438584.0,RELIANCE.NS
2024-02-26,,1476.3974609375,1483.5446346905887,1471.607959051116,1482.5768223248915,7513106.0,RELIANCE.NS
2024-02-27,,1474.73486328125,1488.9297276070065,1467.1907251784094,1472.1291493159843,10826044.0,RELIANCE.NS
2024-02-28,,1444.930419921875,1480.3185210789975,1439.5205099276588,1472.1042938560004,8647950.0,RELIANCE.NS
2024-02-29,,1450.0675048828125,1468.1088998815815,1443.8385832706604,1454.2365988812116,23628976.0,RELIANCE.NS
2024-03-01,,1481.1622314453125,1488.979373154373,1451.7548888255137,1452.7475417409498,12132926.0,RELIANCE.NS
2024-03-04,,1496.3250732421875,1501.337897909408,1476.2982516112518,1479.5243736818861,10024420.0,RELIANCE.NS
2024-03-05,,1489.177978515625,1496.3251528023525,1475.1320355384912,1494.712091681268,7107668.0,RELIANCE.NS
2024-03-06,,1491.957275390625,1497.9131926576536,1467.6372798835923,1482.4773919378927,7805676.0,RELIANCE.NS
2024-03-07,,1468.059326171875,1492.056638756749,1464.7091224345347,1491.9325571368477,8315726.0,RELIANCE.NS
2024-03-11,,1455.8248291015625,1478.060279979328,1452.747629113329,1478.060279979328,11277130.0,RELIANCE.NS
2024-03-12,,1464.5849609375,1477.0675227494196,1454.261346490045,1455.8247263461558,9432678.0,RELIANCE.NS
2024-03-13,,1421.6527099609375,1472.2034859914554,1417.2850129833478,1468.9029635812572,13522134.0,RELIANCE.NS
2024-03-14,,1420.957763671875,1437.8825438227764,1415.0266869213976,1429.1223094125826,18571102.0,RELIANCE.NS
2024-03-15,,1407.80517578125,1422.694969713975,1402.5193474045138,1415.4733954219128,19223818.0,RELIANCE.NS
2024-03-18,,1428.899169921875,1431.1326391984185,1406.1178317705178,1409.56727675182,9169392.0,RELIANCE.NS
2024-03-19,,1414.778564453125,1427.0378036957165,1406.8373411480031,1418.252849649116,8275764.0,RELIANCE.NS
2024-03-20,,1433.1427001953125,1434.3835163859578,1413.562644941621,1417.4587350761735,8488806.0,RELIANCE.NS
2024-03-21,,1440.3145751953125,1447.1887452733042,1434.060934378195,1441.8532357214951,13006936.0,RELIANCE.NS
2024-03-22,,1444.3348388671875,1449.2732629085037,1436.716179238339,1439.321893152815,19527608.0,RELIANCE.NS
2024-03-26,,1430.983642578125,1441.7291835759677,1428.4276096750873,1434.3835274360674,11415906.0,RELIANCE.NS
2024-03-27,,1481.8818359375,1488.979328303771,1436.368725370371,1437.3613782559069,16326644.0,RELIANCE.NS
2024-03-28,,1474.933349609375,1494.8856495085238,1467.786296896486,1481.90676076149,21854364.0,RELIANCE.NS
2024-04-01,,1473.8662109375,1482.9985690062601,1471.60790139039,1481.5095896793896,5013880.0,RELIANCE.NS
2024-04-02,,1476.025146484375,1483.0233977342266,1464.1629930776332,1473.0968689675985,8910166.0,RELIANCE.NS
2024-04-03,,1460.7880859375,1473.5436523631188,1458.1079713887636,1471.186101560143,7008292.0,RELIANCE.NS
2024-04-04,,1452.1767578125,1468.8780939901114,1439.3466709144527,1468.8780939901114,14490272.0,RELIANCE.NS
2024-04-05,,1449.3724365234375,1459.9938949751336,1445.3025839763254,1450.1417667351745,7442298.0,RELIANCE.NS
2024-04-08,,1475.057373046875,1480.0206375610207,1450.2658910334067,1452.226356281804,8357118.0,RELIANCE.NS
2024-04-09,,1452.896484375,1478.8543827139295,1451.7549092714805,1478.060211901015,7071414.0,RELIANCE.NS
2024-04-10,,1468.7044677734375,1476.0749645358123,1455.5766564963697,1455.5766564963697,9138330.0,RELIANCE.NS
2024-04-12,,1456.370849609375,1475.5538200544618,1452.3257159957793,1465.0317226594827,15551012.0,RELIANCE.NS
2024-04-15,,1454.062744140625,1471.2356878788278,1435.6986653849476,1450.2658952456557,12902062.0,RELIANCE.NS
2024-04-16,,1454.98095703125,1460.3661473678603,1440.2649265731254,1442.6720371000315,9366184.0,RELIANCE.NS
2024-04-18,,1453.5665283203125,1475.0823301585979,1448.628103973215,1452.7476380801534,19005692.0,RELIANCE.NS
2024-04-19,,1459.323974609375,1463.1705049395248,1432.4231028577299,1446.0720814485837,15741778.0,RELIANCE.NS
2024-04-22,,1468.9774169921875,1471.9305352298081,1457.0160218672338,1461.6317610616636,10350362.0,RELIANCE.NS
2024-04-23,,1448.603271484375,1482.5272357774581,1444.8561033979943,1468.1337674689391,14605554.0,RELIANCE.NS
2024-04-24,,1439.5205078125,1457.7605053579202,1438.8504186169605,1452.7475596039474,10462776.0,RELIANCE.NS
2024-04-25,,1449.2484130859375,1457.189636393573,1430.9091747445573,1431.9018276580116,15943926.0,RELIANCE.NS
2024-04-26,,1441.8780517578125,1454.236532179651,1439.3467383348082,1453.194198141131,9413848.0,RELIANCE.NS
2024-04-29,,1454.2613525390625,1457.1152296530197,1439.3467183436048,1439.3467183436048,7247974.0,RELIANCE.NS
2024-04-30,,1456.221923828125,1472.178772035999,1452.1272302795285,1457.214576809603,11474262.0,RELIANCE.NS
2024-05-02,,1455.775146484375,1466.4708844514234,1453.3679147531318,1461.1850562736174,14512646.0,RELIANCE.NS
2024-05-03,,1423.46435546875,1464.1134460205978,1405.7455242326487,1460.1925152681529,17226958.0,RELIANCE.NS
2024-05-06,,1409.095703125,1429.4202480421582,1407.5818831415143,1424.9533097670264,7394208.0,RELIANCE.NS
2024-05-07,,1391.17822265625,1410.311631866643,1381.772860502106,1405.571689953147,14517472.0,RELIANCE.NS
2024-05-08,,1408.1278076171875,1422.42191231512,1387.2324157830615,1387.2324157830615,9439002.0,RELIANCE.NS
2024-05-09,,1383.8822021484375,1413.2895438420787,1379.7875090012217,1402.6185253372132,11009612.0,RELIANCE.NS
2024-05-10,,1397.0845947265625,1399.6406275450738,1377.8766636438304,1386.4879762578594,10505096.0,RELIANCE.NS
2024-05-13,,1392.394287109375,1396.6379028351905,1373.8317248456565,1389.6149314683873,8456620.0,RELIANCE.NS
2024-05-14,,1409.6416015625,1416.5901722719507,1389.7389824487905,1390.681954289976,7188300.0,RELIANCE.NS
2024-05-15,,1405.86962890625,1419.468926315315,1402.6435067088078,1410.063563528233,5046534.0,RELIANCE.NS
2024-05-16,,1414.8778076171875,1417.0120356183081,1387.75361519461,1408.1278405018506,14711774.0,RELIANCE.NS
2024-05-17,,1425.15185546875,1426.6408349602225,1402.8668442157614,1412.5948920294334,10916476.0,RELIANCE.NS
2024-05-21,,1425.57373046875,1431.231803864575,1415.1260338425998,1415.1260338425998,11176128.0,RELIANCE.NS
2024-05-22,,1449.91845703125,1457.9837617014118,1425.722543020764,1425.722543020764,10281604.0,RELIANCE.NS
2024-05-23,,1475.1319580078125,1481.2615172416956,1444.3100355832012,1447.8340020088174,14608260.0,RELIANCE.NS
2024-05-24,,1469.37451171875,1477.5638984586112,1465.2549777906743,1472.724715385057,7094776.0,RELIANCE.NS
2024-05-27,,1455.4774169921875,1473.990419113941,1450.8119965034373,1469.3497180106694,6629010.0,RELIANCE.NS
2024-05-28,,1445.501220703125,1467.637430621861,1442.0766163922278,1457.2145743340495,7820162.0,RELIANCE.NS
2024-05-29,,1430.1895751953125,1447.287997987601,1427.8815843874524,1435.8724890871501,7383556.0,RELIANCE.NS
2024-05-30,,1414.3814697265625,1429.817270893488,1409.6663684202383,1424.9532474164846,13206858.0,RELIANCE.NS
2024-05-31,,1419.8907470703125,1431.653659822201,1411.800601617005,1420.7841589242364,31069832.0,RELIANCE.NS
2024-06-03,,1499.228515625,1503.3728901534053,1448.2806515244756,1472.1043222829317,21527942.0,RELIANCE.NS
2024-06-04,,1387.0091552734375,1487.0437791255476,1349.3131842665355,1487.0437791255476,36709098.0,RELIANCE.NS
2024-06-05,,1410.3116455078125,1420.6352601794422,1373.9308915121778,1411.5524616660985,17464890.0,RELIANCE.NS
2024-06-06,,1421.0819091796875,1433.0929853880773,1410.9072166555904,1424.4569533735907,17855722.0,RELIANCE.NS
2024-06-07,,1459.1500244140625,1461.1850112482903,1416.0193060772324,1418.004611799037,18558696.0,RELIANCE.NS
2024-06-10,,1460.5894775390625,1482.3781598703026,1457.2888339961758,1459.150058153404,9251760.0,RELIANCE.NS
2024-06-11,,1445.9727783203125,1462.847878399236,1443.9874724286744,1458.20717740815,11774902.0,RELIANCE.NS
2024-06-12,,1452.57373046875,1465.155654220818,1444.4837064170613,1446.7915758989445,10081742.0,RELIANCE.NS
2024-06-13,,1454.4847412109375,1461.433311890669,1449.3725542618724,1461.1851486521073,9181160.0,RELIANCE.NS
2024-06-14,,1466.6944580078125,1468.8038455887872,1446.518713499826,1459.199879544848,8157998.0,RELIANCE.NS
2024-06-18,,1470.1439208984375,1476.4720837189377,1460.5399547367645,1476.4224025999808,7196766.0,RELIANCE.NS
2024-06-19,,1447.9332275390625,1476.571240472528,1445.3026730272272,1476.571240472528,8725874.0,RELIANCE.NS
2024-06-20,,1462.87255859375,1471.9553570393568,1439.4459739347105,1448.2806091505108,16113776.0,RELIANCE.NS
2024-06-21,,1443.515869140625,1463.8652545834836,1429.9909727182371,1462.7982011333013,31170360.0,RELIANCE.NS
2024-06-24,,1430.88427734375,1438.8503408924523,1426.9385064042085,1434.9045699529108,8878386.0,RELIANCE.NS
2024-06-25,,1443.46630859375,1445.2282918111714,1430.4128980926341,1432.3982039886682,7045386.0,RELIANCE.NS
2024-06-26,,1502.9013671875,1507.8149506909176,1434.5075565031482,1435.425808927042,22014882.0,RELIANCE.NS
2024-06-27,,1519.3050537109375,1526.2039433921725,1494.935374795845,1502.6284353235128,28383030.0,RELIANCE.NS
2024-06-28,,1553.89892578125,1569.3842873036351,1519.7764812043604,1519.7764812043604,28957336.0,RELIANCE.NS
2024-07-01,,1548.6875,1567.7960689891884,1544.2454023527885,1551.0450507194453,7724306.0,RELIANCE.NS
2024-07-02,,1553.675537109375,1561.939323957406,1545.5605512562322,1557.968712393485,7749246.0,RELIANCE.NS
2024-07-03,,1541.019287109375,1563.4283787351976,1531.440162014497,1554.8170660210362,9049620.0,RELIANCE.NS
2024-07-04,,1542.6075439453125,1555.983518377374,1539.4062623766438,1545.5606622734106,6837176.0,RELIANCE.NS
2024-07-05,,1576.9532470703125,1586.755694667964,1536.6267221432645,1542.4088769403465,12269710.0,RELIANCE.NS
2024-07-08,,1589.1380615234375,1596.9800437158895,1570.8980643748457,1577.325467706802,9500806.0,RELIANCE.NS
2024-07-09,,1578.5911865234375,1588.7410386525216,1568.887979750272,1585.8623208770043,6960002.0,RELIANCE.NS
2024-07-10,,1572.5855712890625,1585.7630632323035,1551.6654591589945,1583.2814308954767,7134578.0,RELIANCE.NS
2024-07-11,,1569.036865234375,1592.4634499565013,1558.9614138424095,1575.8365135146928,11940946.0,RELIANCE.NS
2024-07-12,,1584.9937744140625,1593.3569240772113,1562.9320865975437,1572.8586162043875,12924784.0,RELIANCE.NS
2024-07-15,,1585.4901123046875,1594.0517441522056,1573.8512804915936,1592.6620057625546,5329688.0,RELIANCE.NS
2024-07-16,,1564.669189453125,1588.24469666931,1557.5965372882695,1581.792452589091,9386838.0,RELIANCE.NS
2024-07-18,,1575.0177001953125,1582.1895936713806,1546.3795650620239,1564.4210812674708,12298374.0,RELIANCE.NS
2024-07-19,,1543.7242431640625,1578.293333314245,1541.3915329908289,1574.3475621142547,13140390.0,RELIANCE.NS
2024-07-22,,1489.6495361328125,1526.203933085127,1488.2597977476694,1525.9557698439748,19674376.0,RELIANCE.NS
2024-07-23,,1476.96826171875,1494.6870915999891,1452.2511804820083,1489.9719903646578,18052044.0,RELIANCE.NS
2024-07-24,,1484.7109375,1498.4095963901725,1465.552808673545,1474.0895996286229,11913362.0,RELIANCE.NS
2024-07-25,,1481.435302734375,1489.4509269223795,1466.2228234080762,1470.1190347480779,12519876.0,RELIANCE.NS
2024-07-26,,1497.9381103515625,1501.3131545447015,1479.4002684339398,1481.4352554076795,9859940.0,RELIANCE.NS
2024-07-29,,1508.931640625,1516.2772962786503,1500.6678537480493,1500.8414953005092,7538550.0,RELIANCE.NS
2024-07-30,,1502.0328369140625,1513.7957501477324,1498.9059558839842,1505.8793670988641,8228208.0,RELIANCE.NS
2024-07-31,,1494.364501953125,1499.3524857083617,1490.1208866802617,1492.9499231376883,10057346.0,RELIANCE.NS
2024-08-01,,1504.1671142578125,1506.8472288436842,1493.2479314401046,1500.8913109431162,10764222.0,RELIANCE.NS
2024-08-02,,1488.309326171875,1498.2358556077295,1482.303848567256,1493.9426800961044,10268248.0,RELIANCE.NS
2024-08-05,,1436.69140625,1472.997761203301,1422.7198642160924,1469.126390399314,17046704.0,RELIANCE.NS
2024-08-06,,1445.352294921875,1466.6446510309138,1440.6619130584993,1444.4588830824964,10236186.0,RELIANCE.NS
2024-08-07,,1454.062744140625,1461.6814036613468,1450.7622216985117,1458.2071184913539,8174568.0,RELIANCE.NS
2024-08-08,,1438.4781494140625,1454.2365143735713,1435.3017085687702,1446.8164580997684,12387192.0,RELIANCE.NS
2024-08-09,,1463.46826171875,1465.6520496932055,1445.3026646483625,1449.2732763644294,6249776.0,RELIANCE.NS
2024-08-12,,1449.8936767578125,1462.1777566892652,1447.0397996020206,1459.199797918004,8184584.0,RELIANCE.NS
2024-08-13,,1452.8717041015625,1459.2742672925806,1447.28803114191,1450.0178268110735,6265064.0,RELIANCE.NS
2024-08-14,,1451.109619140625,1461.1850703208015,1443.0194737625147,1452.7972017764512,6267466.0,RELIANCE.NS
2024-08-16,,1467.339599609375,1469.5235088888628,1447.3377388233519,1457.8598362701878,9416902.0,RELIANCE.NS
2024-08-19,,1482.4791259765625,1492.3397678065596,1474.6105280885965,1476.6025720306277,13797742.0,RELIANCE.NS
2024-08-20,,1489.9990234375,1497.9423959482733,1484.0976661921165,1491.268975771349,8411808.0,RELIANCE.NS
2024-08-21,,1492.7132568359375,1501.8766102174725,1484.072717714687,1487.30978907883,7769996.0,RELIANCE.NS
2024-08-22,,1492.1654052734375,1500.5070892244864,1484.720165407205,1497.0210123494212,10445782.0,RELIANCE.NS
2024-08-23,,1494.008056640625,1505.3128818837536,1492.4642955105633,1497.768063961028,9249654.0,RELIANCE.NS
2024-08-26,,1506.5828857421875,1516.941539085057,1497.021098650585,1500.9802618699923,8816114.0,RELIANCE.NS
2024-08-27,,1494.481201171875,1507.4544123852302,1493.485179145279,1504.4912711730515,6251156.0,RELIANCE.NS
2024-08-28,,1492.33984375,1501.4782728482842,1487.0608784010915,1499.0131426615155,9610286.0,RELIANCE.NS
2024-08-29,,1514.874755859375,1530.885760314005,1488.0568158159556,1497.1205913811584,38335358.0,RELIANCE.NS
2024-08-30,,1503.6197509765625,1533.599989641746,1497.3447635789732,1527.89778785993,41620730.0,RELIANCE.NS
2024-09-02,,1510.2183837890625,1520.7264647058682,1500.6316718721823,1504.8647654458696,11240852.0,RELIANCE.NS
2024-09-03,,1503.1217041015625,1516.941509382377,1501.5031683479538,1515.1984708784905,10923800.0,RELIANCE.NS
2024-09-04,,1508.525146484375,1511.4633627071519,1493.534966971581,1494.7301447200666,11983304.0,RELIANCE.NS
2024-09-05,,1487.035888671875,1519.7054581926027,1481.1345314015284,1513.0072347057646,16264168.0,RELIANCE.NS
2024-09-06,,1458.997802734375,1491.0448575756723,1455.8105811316245,1486.5627588054047,19394228.0,RELIANCE.NS
2024-09-09,,1456.63232421875,1464.07768593117,1449.809597840599,1460.666261949736,9010298.0,RELIANCE.NS
2024-09-10,,1455.7110595703125,1466.1942153054945,1451.7766997689328,1454.6901127162012,10768260.0,RELIANCE.NS
2024-09-11,,1445.7259521484375,1462.9073318760024,1441.7917138302157,1457.2300550346945,9760202.0,RELIANCE.NS
2024-09-12,,1473.913330078125,1480.088617533546,1440.1232367942907,1451.2039809867947,22349376.0,RELIANCE.NS
2024-09-13,,1466.766845703125,1477.2500011980833,1463.6542770635715,1470.5268529366479,8711328.0,RELIANCE.NS
2024-09-16,,1465.4969482421875,1475.0090069946318,1458.9232273463058,1471.6723576050656,5481774.0,RELIANCE.NS
2024-09-17,,1466.4432373046875,1471.5975781970765,1460.790763828237,1468.1364260685732,5935328.0,RELIANCE.NS
2024-09-18,,1457.6282958984375,1476.10455198121,1454.7399294679985,1464.1522884024148,8574714.0,RELIANCE.NS
2024-09-19,,1463.82861328125,1470.6264144806405,1449.7598031867433,1460.4171894563083,16955902.0,RELIANCE.NS
2024-09-20,,1480.0140380859375,1489.0528890965668,1465.5218693608433,1468.136427109257,30897320.0,RELIANCE.NS
2024-09-23,,1487.434326171875,1495.5270047691104,1483.026880271187,1485.0687739665293,8832314.0,RELIANCE.NS
2024-09-24,,1483.4501953125,1494.530939532627,1481.9561623839436,1482.5786761041754,17137444.0,RELIANCE.NS
2024-09-25,,1488.0069580078125,1490.5468626388433,1474.3116560624171,1477.9970102640052,7069002.0,RELIANCE.NS
2024-09-26,,1491.9910888671875,1498.017070530802,1482.1305684499498,1484.7202013028073,18818998.0,RELIANCE.NS
2024-09-27,,1520.1038818359375,1527.3747692811157,1486.0647823070499,1493.0369361114394,20597478.0,RELIANCE.NS
2024-09-30,,1470.701171875,1518.9086621673466,1468.5348969230117,1513.3558880158446,27008814.0,RELIANCE.NS
2024-10-01,,1458.997802734375,1482.0308103038055,1457.0057588364782,1474.7599230273088,16431642.0,RELIANCE.NS
2024-10-03,,1401.3780517578125,1443.634334423912,1396.4975195620746,1430.8602791168494,37757294.0,RELIANCE.NS
2024-10-04,,1381.0093994140625,1411.711728297617,1376.2782950115372,1398.34020617394,37072876.0,RELIANCE.NS
2024-10-07,,1365.272216796875,1390.9447078848398,1355.9594355150189,1387.9566419173104,22181340.0,RELIANCE.NS
2024-10-08,,1391.791259765625,1395.4267642320656,1359.669551595401,1367.513224520688,17020808.0,RELIANCE.NS
2024-10-09,,1369.1318359375,1395.4019165531051,1367.0402140253339,1391.9656892391695,14310610.0,RELIANCE.NS
2024-10-10,,1365.595947265625,1380.4864268287754,1363.9774115920343,1374.5352199766685,22358646.0,RELIANCE.NS
2024-10-11,,1366.6417236328125,1377.7723178051706,1363.3797273571677,1364.5501018082973,7980122.0,RELIANCE.NS
2024-10-14,,1367.0650634765625,1374.5849563155427,1362.8070452852592,1373.962442591221,12221432.0,RELIANCE.NS
2024-10-15,,1338.678466796875,1366.243302159234,1335.3666207605413,1353.1207855156183,33762794.0,RELIANCE.NS
2024-10-16,,1348.6884765625,1358.5740438069333,1332.3039628645522,1334.6695151768993,20034438.0,RELIANCE.NS
2024-10-17,,1351.0291748046875,1363.0062419523483,1346.6715786036464,1360.2671814831224,15543660.0,RELIANCE.NS
2024-10-18,,1353.8927001953125,1362.9814005892638,1335.9891081789099,1346.796043723323,12082452.0,RELIANCE.NS
2024-10-21,,1363.7532958984375,1368.5342502099143,1352.3239675798945,1361.686598848784,14067408.0,RELIANCE.NS
2024-10-22,,1338.006103515625,1370.5262455038624,1334.8935348257999,1363.7532474009167,15831960.0,RELIANCE.NS
2024-10-23,,1333.2003173828125,1352.0748848775756,1329.689315659354,1332.1793705575924,17214742.0,RELIANCE.NS
2024-10-24,,1334.4703369140625,1338.3547254831988,1317.8616212723593,1329.9633130042932,22155934.0,RELIANCE.NS
2024-10-25,,1322.5677490234375,1339.002111534351,1316.7410448137834,1338.1555171764887,18597496.0,RELIANCE.NS
2024-10-28,,1329.0418701171875,1347.6177038778262,1316.8406011796387,1331.6813526124565,10824350.0,RELIANCE.NS
2024-10-29,,1334.66943359375,1337.856655249044,1315.0478495098762,1322.8167478889227,12008361.0,RELIANCE.NS
2024-10-30,,1338.553955078125,1344.62966480214,1320.0776988278842,1329.6893351932274,11984423.0,RELIANCE.NS
2024-10-31,,1326.7510986328125,1337.6574904459744,1320.8745447599274,1334.6694245700712,9331650.0,RELIANCE.NS
2024-11-01,,1333.3248291015625,1336.6116286385318,1327.6972806767253,1327.7471304089104,2127335.0,RELIANCE.NS
2024-11-04,,1296.9700927734375,1334.6695017714562,1279.9878687625326,1332.5280301195805,19796890.0,RELIANCE.NS
2024-11-05,,1300.1075439453125,1304.3406373759979,1281.0336986406933,1287.8564249120313,16267479.0,RELIANCE.NS
2024-11-06,,1320.0777587890625,1323.0160966964434,1295.0277806900112,1304.7888451117578,21625209.0,RELIANCE.NS
2024-11-07,,1300.4561767578125,1318.7331565363688,1297.4182609581876,1318.7331565363688,9611974.0,RELIANCE.NS
2024-11-08,,1278.6431884765625,1296.4720058402277,1269.9279963447846,1292.4879180085577,19814406.0,RELIANCE.NS
2024-11-11,,1267.6370849609375,1280.884225507143,1261.9598084895413,1273.8622221377802,9056552.0,RELIANCE.NS
2024-11-12,,1269.1810302734375,1284.1712099692156,1262.4578817905294,1270.4759075040322,10671091.0,RELIANCE.NS
2024-11-13,,1247.0693359375,1270.3761523895544,1244.5294313213271,1265.196886863478,14633633.0,RELIANCE.NS
2024-11-14,,1262.5574951171875,1267.537605244334,1246.1231316976048,1248.613186761178,12612633.0,RELIANCE.NS
2024-11-18,,1255.7347412109375,1267.8364328732807,1238.951794764919,1262.55746761959,13620611.0,RELIANCE.NS
2024-11-19,,1236.710693359375,1276.4021442257297,1230.236550606767,1255.734688515481,14183746.0,RELIANCE.NS
2024-11-21,,1218.1348876953125,1239.0014996478671,1212.407761281373,1236.7107220331202,19433843.0,RELIANCE.NS
2024-11-22,,1260.3662109375,1263.8024380613526,1217.586994857739,1224.509420421979,20471957.0,RELIANCE.NS
2024-11-25,,1281.8802490234375,1299.260783408558,1277.3483005192684,1284.868314871977,28923341.0,RELIANCE.NS
2024-11-26,,1290.545654296875,1292.687125909721,1279.0914013187908,1289.7986377983043,9247557.0,RELIANCE.NS
2024-11-27,,1288.0555419921875,1298.6632001168684,1280.8842325588682,1288.3543972122054,9572746.0,RELIANCE.NS
2024-11-28,,1265.7447509765625,1291.442044503892,1264.0017125526565,1284.818474176107,15027412.0,RELIANCE.NS
2024-11-29,,1287.0595703125,1294.3305794929802,1270.177046170391,1274.9081506356404,13202307.0,RELIANCE.NS
2024-12-02,,1303.9422607421875,1306.133460567327,1271.9699779978703,1282.876370557777,11024152.0,RELIANCE.NS
2024-12-03,,1318.035888671875,1321.5219654799555,1301.8006823317874,1311.7609017834461,16869482.0,RELIANCE.NS
2024-12-04,,1303.742919921875,1323.1156203515295,1298.8625094957517,1320.7251432865569,19608540.0,RELIANCE.NS
2024-12-05,,1316.7908935546875,1324.6593698468237,1300.9541199209712,1309.1214514378748,16858723.0,RELIANCE.NS
2024-12-06,,1306.3326416015625,1318.6334884089777,1304.7887589399247,1318.6334884089777,9037514.0,RELIANCE.NS
2024-12-09,,1289.9979248046875,1309.7689372979064,1287.9560310594236,1297.8166732313093,14650002.0,RELIANCE.NS
2024-12-10,,1279.73876953125,1289.7488386952925,1275.107243177966,1284.121290398709,16043729.0,RELIANCE.NS
2024-12-11,,1273.115234375,1284.8683422637005,1270.9738844056644,1279.8882324099652,11724373.0,RELIANCE.NS
2024-12-12,,1257.876220703125,1273.1152845047754,1255.5853214463157,1264.9479526569407,20906813.0,RELIANCE.NS
2024-12-13,,1267.78662109375,1270.1272485556606,1234.6688884780408,1254.9877622795104,28630222.0,RELIANCE.NS
2024-12-16,,1263.2547607421875,1275.904191603511,1261.511722229068,1269.9280595585296,9486781.0,RELIANCE.NS
2024-12-17,,1240.34619140625,1258.8721754853295,1237.8561365143116,1256.033537225462,17462791.0,RELIANCE.NS
2024-12-18,,1248.2645263671875,1254.9378248920182,1235.714673937889,1235.714673937889,12670179.0,RELIANCE.NS
2024-12-19,,1225.55517578125,1239.947766097918,1224.1109925687356,1234.0712121990753,14244653.0,RELIANCE.NS
2024-12-20,,1200.50537109375,1234.5692750261348,1196.7204388413884,1219.1309339507777,20312896.0,RELIANCE.NS
2024-12-23,,1217.437744140625,1222.3181546925216,1208.3738466363206,1210.1667348774333,10052824.0,RELIANCE.NS
2024-12-24,,1217.8858642578125,1228.6429501715868,1216.1428258096823,1217.4377030050357,6734917.0,RELIANCE.NS
2024-12-26,,1211.7105712890625,1222.8161189414398,1209.4196721335327,1219.3798917928577,10016178.0,RELIANCE.NS
2024-12-27,,1216.1927490234375,1223.0154756156849,1212.1588111658666,1213.4536884394554,7000397.0,RELIANCE.NS
2024-12-30,,1205.8837890625,1218.3340640862093,1203.294156174512,1211.5611874241417,8818766.0,RELIANCE.NS
2015-01-01,,367.7707824707031,369.18642718982636,364.51106376443573,366.75559928795536,2002764.0,INFY.NS
2015-01-02,,374.9980773925781,376.0877731142453,367.32377635301776,367.32377635301776,6778320.0,INFY.NS
2015-01-05,,371.775634765625,378.12742589437954,368.3482683281456,374.3834101166207,9937024.0,INFY.NS
2015-01-06,,364.0081481933594,369.7452626229589,360.2641327013001,368.8139143543872,9667316.0,INFY.NS
2015-01-07,,365.7498474121094,367.83605877941375,363.2258840966486,366.01992935893054,7249916.0,INFY.NS
2015-01-08,,367.5938415527344,371.9805010230413,363.2258272383228,369.8570224085106,13564920.0,INFY.NS
2015-01-09,,386.4071044921875,392.8427306301899,356.3431982047694,368.83256582738363,44863328.0,INFY.NS
2015-01-12,,394.1372375488281,394.742613881725,386.5095048495252,389.67608874467794,12758888.0,INFY.NS
2015-01-13,,389.0987243652344,392.61924867524806,386.50959395037523,392.61924867524806,8801236.0,INFY.NS
2015-01-14,,396.5029296875,397.31322097270885,389.78794421360044,390.88691711731343,9921260.0,INFY.NS
2015-01-15,,397.54608154296875,401.00139334995094,393.4481484077009,397.7230286513375,8342452.0,INFY.NS
2015-01-16,,394.57513427734375,402.34257205940094,393.4016260136365,400.10733554795985,6690960.0,INFY.NS
2015-01-19,,391.6319580078125,397.1921255187954,390.160445892258,394.89167703998214,4087744.0,INFY.NS
2015-01-20,,395.674072265625,397.31325465711296,391.4364367553346,392.4702426453526,6804504.0,INFY.NS
2015-01-21,,404.1865234375,405.3134639935255,394.5191461209666,397.0337865707461,8494908.0,INFY.NS
2015-01-22,,409.1319580078125,410.35203329369267,402.58459809095706,405.09923833129517,9958396.0,INFY.NS
2015-01-23,,412.5965881347656,414.44996201577345,403.29242841976634,409.7932208695288,9486328.0,INFY.NS
2015-01-27,,397.9651794433594,413.70496772464367,396.7730716574242,413.70496772464367,13739968.0,INFY.NS
2015-01-28,,399.464599609375,401.37386358212933,396.81025701310676,400.4797601387146,13134356.0,INFY.NS
2015-01-29,,399.6414794921875,400.46104764985586,396.30727140296733,399.5483446799078,15369424.0,INFY.NS
2015-01-30,,398.9709777832031,402.8174736559665,396.18625538309124,402.62188141226795,10833744.0,INFY.NS
2015-02-02,,398.03033447265625,400.85230158383774,396.0186130832642,398.89647018670473,8702540.0,INFY.NS
2015-02-03,,395.059326171875,398.6077724918846,391.53884758805077,398.0303637986403,5265956.0,INFY.NS
2015-02-04,,399.14794921875,400.479759064312,396.0837770069775,398.59841735459065,5160016.0,INFY.NS
2015-02-05,,408.6383361816406,413.5185915452205,400.10717776537547,400.62874184089986,11875936.0,INFY.NS
2015-02-06,,415.4744873046875,418.69696160067997,407.6511613836846,410.72461085265,7453728.0,INFY.NS
2015-02-09,,418.9018859863281,419.85187959195326,409.79331637191535,409.79331637191535,6536868.0,INFY.NS
2015-02-10,,424.3781433105469,428.0476462392454,417.43027642391166,417.80281571567775,8516920.0,INFY.NS
2015-02-11,,425.5982360839844,427.15356040545953,420.2709058023105,424.78794490068435,5796972.0,INFY.NS
2015-02-12,,430.5065002441406,432.5088994200657,423.39100715140216,425.2537040592394,6287536.0,INFY.NS
2015-02-13,,427.69366455078125,433.393487262419,425.81232332209015,428.3456081779148,5657516.0,INFY.NS
2015-02-16,,424.4618835449219,429.70535499656586,421.947243752116,424.7506105422549,6244276.0,INFY.NS
2015-02-18,,427.76824951171875,429.342218952717,420.624790272434,426.6599541938554,8613764.0,INFY.NS
2015-02-19,,433.0211181640625,434.75343529191593,426.9394312720784,427.3026480546937,9673624.0,INFY.NS
2015-02-20,,425.2723388671875,435.1259870793999,424.117430431641,433.7289644325268,6971628.0,INFY.NS
2015-02-23,,422.0125427246094,430.13387228474835,418.7528238071709,428.4202005776357,5090488.0,INFY.NS
2015-02-24,,423.3536376953125,427.6657615772928,420.5223483239829,424.50850034304074,6437676.0,INFY.NS
2015-02-25,,431.69854736328125,434.9023761614966,424.69479052216974,426.3525721719709,6044972.0,INFY.NS
2015-02-26,,420.6155700683594,430.09667830752096,418.249908822035,429.81727379584436,6445776.0,INFY.NS
2015-02-27,,422.04052734375,424.8159273845871,419.3861844044811,423.7448767248821,7801076.0,INFY.NS
2015-03-02,,426.8741760253906,430.0035154474319,424.33161332522747,428.9790323047155,7040992.0,INFY.NS
2015-03-03,,428.01971435546875,428.9696622425128,424.37813376516635,426.5574794777812,4905552.0,INFY.NS
2015-03-04,,423.6982421875,431.0093259673485,419.4606076399445,428.42019601660024,4375228.0,INFY.NS
2015-03-05,,418.6596374511719,428.1873108096255,416.00529523081855,422.28257264972046,5684916.0,INFY.NS
2015-03-09,,407.93994140625,420.78322736497466,405.88165224802117,420.78322736497466,7984720.0,INFY.NS
2015-03-10,,409.420654296875,411.0877584209488,402.3796530577191,409.43929945061274,6329916.0,INFY.NS
2015-03-11,,406.47760009765625,417.24399440564196,404.03749509453655,408.69423610352806,6780912.0,INFY.NS
2015-03-12,,413.2019348144531,414.72001412873044,405.50898989803943,405.8815291629894,5688564.0,INFY.NS
2015-03-13,,413.59307861328125,415.3812852964312,408.3775288427431,414.44993712312083,6179684.0,INFY.NS
2015-03-16,,422.2080383300781,425.06729533881116,411.75833938056445,411.75833938056445,6818632.0,INFY.NS
2015-03-17,,417.337158203125,424.60167468155475,413.0063887640611,422.20809144634296,5539312.0,INFY.NS
2015-03-18,,415.2881774902344,421.5002884006562,413.99361254032897,419.9449186596696,4905564.0,INFY.NS
2015-03-19,,415.4651184082031,418.92042939996315,414.03085124445005,416.2381647164766,6891740.0,INFY.NS
2015-03-20,,420.4945068359375,422.62728571274664,415.9308993849141,417.43037949973586,6430896.0,INFY.NS
2015-03-23,,416.02398681640625,423.76350072708203,414.5431520299433,419.66556797279816,5078700.0,INFY.NS
2015-03-24,,411.92608642578125,419.7400906282395,410.91092573618374,416.2941014504882,6736532.0,INFY.NS
2015-03-25,,413.35107421875,415.22304816334776,409.93300732476854,414.0588626376043,6170968.0,INFY.NS
2015-03-26,,399.7998962402344,412.5686448387401,397.1269084735738,411.28340239664675,15740840.0,INFY.NS
2015-03-27,,410.1937255859375,414.39411563709103,402.90128637386715,403.0875560393197,10074220.0,INFY.NS
2015-03-30,,415.00872802734375,417.24396354634206,408.84318519704703,410.83630658227355,4623088.0,INFY.NS
2015-03-31,,413.2113037109375,423.5119791606892,410.60352856396446,418.1753717824581,8016412.0,INFY.NS
2015-04-01,,404.9409484863281,409.7001477497499,401.9140662854036,409.58836775501015,6738488.0,INFY.NS
2015-04-06,,405.7326354980469,406.94338850045995,402.4170258731621,405.88166034738987,7741752.0,INFY.NS
2015-04-07,,402.2493896484375,406.589482456908,398.2445913722433,405.13656980104264,8542268.0,INFY.NS
2015-04-08,,409.8955993652344,410.7058448831164,404.7731850904276,406.5334238096654,10185576.0,INFY.NS
2015-04-09,,412.5873107910156,413.3137442990768,406.88744081271557,411.91672180204176,10581548.0,INFY.NS
2015-04-10,,416.1171569824219,416.87155830780307,411.6932519288873,411.6932519288873,7123776.0,INFY.NS
2015-04-13,,417.02056884765625,417.9891620888483,412.7922562051474,416.8715440083968,4872336.0,INFY.NS
2015-04-15,,412.3450622558594,418.1753106487422,408.87115191903695,416.59201882668685,6237784.0,INFY.NS
2015-04-16,,408.7967529296875,415.56767428469846,402.4356612694267,413.8912470912595,9007812.0,INFY.NS
2015-04-17,,405.9281311035156,408.8525554869575,401.1223650816364,406.0771559173701,6450316.0,INFY.NS
2015-04-20,,397.15484619140625,406.0678678105813,393.9882619011402,405.3227891540481,12825384.0,INFY.NS
2015-04-21,,399.1014099121094,401.4297807683221,394.91034237092646,400.10724793159596,8881648.0,INFY.NS
2015-04-22,,398.18865966796875,401.4111340153556,390.78444037464607,400.67537792291586,12350984.0,INFY.NS
2015-04-23,,395.26422119140625,400.47977170665575,393.4015245788172,400.23761205182086,11891800.0,INFY.NS
2015-04-24,,371.6452331542969,400.5170317452511,368.81394329089875,397.8533663929515,43565452.0,INFY.NS
2015-04-27,,369.6800231933594,372.9117967041108,362.8718591683249,372.5392574466642,19822640.0,INFY.NS
2015-04-28,,365.2561950683594,369.1864804998452,363.5983904821886,369.1864804998452,10393500.0,INFY.NS
2015-04-29,,365.3027648925781,367.32378624801686,360.98129494098,365.25619747545744,8289056.0,INFY.NS
2015-04-30,,361.78216552734375,366.0197993364554,359.9287919236098,365.0884512465408,13134260.0,INFY.NS
2015-05-04,,371.2540588378906,372.5393240534743,363.20721853353393,364.99540274139144,13361592.0,INFY.NS
2015-05-05,,365.60076904296875,373.22850239704314,363.60769280954133,372.53931376178195,9408516.0,INFY.NS
2015-05-06,,358.0196228027344,367.8825925820781,356.76230254960575,367.8825925820781,10508408.0,INFY.NS
2015-05-07,,362.1081848144531,366.411009006162,355.7750169730481,358.0102526817793,6779984.0,INFY.NS
2015-05-08,,364.7066345214844,366.49484126558065,362.3410191758472,364.7159570987322,5777676.0,INFY.NS
2015-05-11,,371.3565673828125,372.53937535195513,363.6356751858438,366.0199362832959,4785512.0,INFY.NS
2015-05-12,,362.6856689453125,371.5334782467933,361.7356981784371,371.3565311559624,8284892.0,INFY.NS
2015-05-13,,364.4737548828125,366.0011794034214,359.2209607152808,363.55172936274266,7099084.0,INFY.NS
2015-05-14,,360.3945617675781,365.23757312248915,355.4025255834712,365.0885482932933,6233844.0,INFY.NS
2015-05-15,,365.41448974609375,366.31789301053436,359.928857590866,360.4317765559788,5189344.0,INFY.NS
2015-05-18,,371.2447509765625,372.3344239282765,365.3865565895948,366.95122626441275,6469976.0,INFY.NS
2015-05-19,,376.702392578125,379.1890876629484,369.93149587939126,370.1736555005919,10272076.0,INFY.NS
2015-05-20,,381.3498840332031,382.2253423400508,378.7979760482719,379.99010641993357,5882188.0,INFY.NS
2015-05-21,,381.56402587890625,384.0693433820649,379.47781505576995,381.6478381197137,10059312.0,INFY.NS
2015-05-22,,381.1915588378906,382.14155234967825,378.1460542669159,380.7352072394805,6888824.0,INFY.NS
2015-05-25,,375.6686096191406,383.07282762331886,373.8524806747195,381.94588723440415,4675808.0,INFY.NS
2015-05-26,,373.89910888671875,378.3975031209544,372.93981556119576,376.26472454484673,3965040.0,INFY.NS
2015-05-27,,366.6717834472656,374.2157038077504,364.15714332710405,373.8431645306894,8454708.0,INFY.NS
2015-05-28,,375.6312561035156,378.49981237878694,367.91969041788576,367.91969041788576,10980540.0,INFY.NS
2015-05-29,,376.8514099121094,383.0541750047703,372.72553302245825,373.44266655688705,18993044.0,INFY.NS
2015-06-01,,381.4429931640625,384.46055235771905,376.87006422371854,378.6489484521604,5724892.0,INFY.NS
2015-06-02,,374.1505432128906,382.8027822413957,373.4706544315385,381.49889466981426,4673140.0,INFY.NS
2015-06-03,,376.432373046875,379.887661712782,374.02948980481256,375.92943130523605,5495796.0,INFY.NS
2015-06-04,,377.7641906738281,382.7841488839449,374.88631080219534,378.1274074133373,7489464.0,INFY.NS
2015-06-05,,374.7093505859375,380.73516929006735,374.05740680290654,378.1273941579436,6125788.0,INFY.NS
2015-06-08,,372.548583984375,377.1308123520906,370.1177562084933,376.2646540217194,6141048.0,INFY.NS
2015-06-09,,371.0677795410156,373.96428180552147,369.3727302081838,373.2378255948806,7561740.0,INFY.NS
2015-06-10,,377.47540283203125,379.8689630149494,369.74521323542166,370.67656137959153,6385840.0,INFY.NS
2015-06-11,,372.1015625,380.8748582700535,371.6172659684927,379.2356762917277,9229464.0,INFY.NS
2015-06-12,,367.89190673828125,377.29852471300376,364.2503257340566,373.47067404591337,9852924.0,INFY.NS
2015-06-15,,374.57635498046875,377.7342159331754,366.0860287266093,369.4708163566989,5236426.0,INFY.NS
2015-06-16,,377.9422607421875,379.3226565119539,372.51527085171944,376.0513202810113,5223444.0,INFY.NS
2015-06-17,,376.5619201660156,386.13007509892543,375.238261730319,382.348193854078,6412068.0,INFY.NS
2015-06-18,,378.9255065917969,381.1946348036352,376.5996409415562,380.30587907100573,3474426.0,INFY.NS
2015-06-19,,376.4294128417969,382.121160651683,375.57848985021747,382.0833280023992,6670458.0,INFY.NS
2015-06-22,,387.20782470703125,389.06095538010146,377.0534848252356,380.0411796452223,5710868.0,INFY.NS
2015-06-23,,378.33929443359375,388.55037070349897,377.48837141110164,387.6427102464017,6952116.0,INFY.NS
2015-06-24,,376.3348693847656,383.8608198142289,374.8599500351376,383.8608198142289,7073694.0,INFY.NS
2015-06-25,,374.57635498046875,379.511704366893,373.5174330676476,377.88550038476404,7117466.0,INFY.NS
2015-06-26,,380.1734924316406,382.5749770328458,377.46943895990165,377.8098173978702,5320284.0,INFY.NS
2015-06-29,,374.462890625,377.9989395053252,371.5697429354497,373.2715890862991,5690668.0,INFY.NS
2015-06-30,,372.2693786621094,375.7109035899893,370.62426996222,374.40615026795695,6212530.0,INFY.NS
2015-07-01,,377.2048034667969,380.07902366639047,372.8934500846378,374.0280143343882,6880852.0,INFY.NS
2015-07-02,,373.6497802734375,378.71750919851155,372.534120948578,377.8098486772916,4007568.0,INFY.NS
2015-07-03,,374.5196533203125,375.5407657591722,371.3806968534814,373.6498253474946,2695306.0,INFY.NS
2015-07-06,,371.87225341796875,373.6497416232149,368.7332976544884,372.5151776304319,4305602.0,INFY.NS
2015-07-07,,370.8134460449219,374.40623313051776,370.24616387351205,372.51529255915153,3497418.0,INFY.NS
2015-07-08,,362.1150207519531,370.2460629933808,361.09390850508146,370.2460629933808,7024178.0,INFY.NS
2015-07-09,,354.7403869628906,365.32965224536497,353.24653956541687,362.1150538560424,8587772.0,INFY.NS
2015-07-10,,354.5513000488281,360.07283639514844,352.7170972230156,358.5600841816068,7411522.0,INFY.NS
2015-07-13,,359.33538818359375,361.1695910095407,353.2465466739822,355.87495826175683,6531768.0,INFY.NS
2015-07-14,,367.315185546875,368.1661087566361,357.57684214627574,361.1696290319337,5367074.0,INFY.NS
2015-07-15,,372.1369934082031,372.87446462754656,366.08598538530555,366.8423613881677,4129566.0,INFY.NS
2015-07-16,,374.04693603515625,374.9735014975691,370.4352442933625,373.5363913327909,3472938.0,INFY.NS
2015-07-17,,378.88763427734375,379.8898416991028,374.06573733193454,374.7843037569048,3447978.0,INFY.NS
2015-07-20,,378.66082763671875,382.2725193037411,373.4229317884097,378.71756508370464,4377180.0,INFY.NS
2015-07-21,,420.7909851074219,434.5381128653099,391.4246708577857,391.4246708577857,38310112.0,INFY.NS
2015-07-22,,417.1981506347656,420.54510559637845,407.17616745283755,417.89778928417104,12665660.0,INFY.NS
2015-07-23,,415.25048828125,422.43606139358496,412.2249838128985,417.5006887633727,7710748.0,INFY.NS
2015-07-24,,411.31732177734375,418.4461574224522,409.6154755199448,414.32394453140233,4480302.0,INFY.NS
2015-07-27,,402.88372802734375,411.4496499999781,401.04947914394586,411.0525802666119,6752244.0,INFY.NS
2015-07-28,,401.9571228027344,406.9303044367165,398.70471510446873,404.0938943221483,8476602.0,INFY.NS
2015-07-29,,410.4853515625,412.98138365920096,402.77030549180313,406.17399821426903,7071334.0,INFY.NS
2015-07-30,,404.6612243652344,412.22498556832284,400.1229676433813,412.22498556832284,11956598.0,INFY.NS
2015-07-31,,407.3274841308594,408.953665151985,400.8793589940332,407.89476624264336,7931012.0,INFY.NS
2015-08-03,,408.0459289550781,412.98130087960317,404.2640489103931,407.68666881704416,7961012.0,INFY.NS
2015-08-04,,399.83929443359375,408.0459562125542,397.4756192477721,407.6866960505217,9099054.0,INFY.NS
2015-08-05,,410.84454345703125,412.2249389536056,401.6167465996428,401.635674466724,4753476.0,INFY.NS
2015-08-06,,411.0715637207031,418.0869719008604,407.3086103457501,413.7378084663422,7238252.0,INFY.NS
2015-08-07,,414.3428039550781,416.3850285872501,407.87579775781035,408.25398579467435,4988058.0,INFY.NS
2015-08-10,,410.7122497558594,418.4083678547334,403.5266763255082,415.250506659239,3992754.0,INFY.NS
2015-08-11,,419.4672546386719,422.3982118147915,414.38059803370095,415.5530178365729,7574406.0,INFY.NS
2015-08-12,,432.7984313964844,434.53808726469816,420.1669407755262,421.6796930375443,10168440.0,INFY.NS
2015-08-13,,437.9417419433594,441.28869680023473,399.1963964526659,433.78167358293024,9787960.0,INFY.NS
2015-08-14,,434.6325378417969,441.9882756175037,432.3066725219161,440.5889985518324,5109066.0,INFY.NS
2015-08-17,,431.94744873046875,436.2209455824977,424.51604503418105,434.9162154025018,3107436.0,INFY.NS
2015-08-18,,440.3431396484375,445.39193965445236,434.91615168443616,434.91615168443616,4150446.0,INFY.NS
2015-08-19,,444.5789794921875,448.60664528182843,439.7570818671769,442.48001735391074,6869518.0,INFY.NS
2015-08-20,,429.07330322265625,441.912770030322,426.5961528405676,438.319983282108,8369114.0,INFY.NS
2015-08-21,,434.87847900390625,439.05742955570804,422.6251760751959,431.47478631068316,10822142.0,INFY.NS
2015-08-24,,413.000244140625,424.70514484901423,407.91358759160175,419.7697727405231,14122684.0,INFY.NS
2015-08-25,,410.57989501953125,423.1924581541089,395.01744641820085,416.00688469125987,13735078.0,INFY.NS
2015-08-26,,402.6190185546875,414.87232151344256,400.50117455126315,412.14938581840227,11498212.0,INFY.NS
2015-08-27,,409.50201416015625,416.04463932887,407.70562103165025,411.46857343462415,15343392.0,INFY.NS
2015-08-28,,420.185791015625,425.42368552205374,416.6118867575654,416.6118867575654,7208820.0,INFY.NS
2015-08-31,,413.8890075683594,429.1866955921507,409.3885605792317,429.1866955921507,9917064.0,INFY.NS
2015-09-01,,411.8468017578125,421.52840696455854,409.1994853094152,412.22498982186926,9071550.0,INFY.NS
2015-09-02,,415.7988586425781,421.67970164746356,412.22499981680295,415.25050440261435,11171830.0,INFY.NS
2015-09-03,,415.760986328125,420.54507396560575,413.1704076505614,419.8454353688228,8590536.0,INFY.NS
2015-09-04,,406.1549987792969,420.1668831507611,403.526610550731,417.1413790416648,7318888.0,INFY.NS
2015-09-07,,400.40655517578125,410.3339904280734,398.98835013973957,410.3150625613814,5180988.0,INFY.NS
2015-09-08,,400.4255065917969,406.17394620974466,397.9672843847547,401.63568982751286,5459496.0,INFY.NS
2015-09-09,,411.7333679199219,415.85562746221404,405.4176450867454,411.12827619021374,9148664.0,INFY.NS
2015-09-10,,408.6132507324219,412.7922470547549,401.257511795781,410.2962152154277,8363004.0,INFY.NS
2015-09-11,,412.50860595703125,418.4272580351779,410.523118740644,412.8111748562175,9883810.0,INFY.NS
2015-09-14,,415.9123229980469,417.5196222685554,409.44531634275506,415.6286819503101,6557076.0,INFY.NS
2015-09-15,,415.7043151855469,417.2170674914121,411.5253646399162,415.77998050016214,5291886.0,INFY.NS
2015-09-16,,416.63092041015625,419.6942347194932,415.36399953620355,419.0324055590885,7478240.0,INFY.NS
2015-09-18,,417.6897888183594,422.77644597847774,415.64761020518864,420.469508021186,11576876.0,INFY.NS
2015-09-21,,417.7654113769531,419.35378261698656,413.1704176364938,416.00682782621806,4351234.0,INFY.NS
2015-09-22,,418.8243408203125,429.6027003305983,416.422855916917,421.6796790866193,9626986.0,INFY.NS
2015-09-23,,422.1524658203125,425.97215638992367,415.04251108764936,418.8243920804405,4758254.0,INFY.NS
2015-09-24,,431.3424377441406,435.93738603307463,419.7887733098044,421.1124316040245,13399262.0,INFY.NS
2015-09-28,,418.10577392578125,432.2121590333402,416.3850000099374,431.11540456860064,9788464.0,INFY.NS
2015-09-29,,424.2702941894531,428.6383850401497,415.061423547052,416.7632699306163,8699370.0,INFY.NS
2015-09-30,,439.43560791015625,442.08292439075746,425.8208374384928,429.0165543179686,9495692.0,INFY.NS
2015-10-01,,443.6335144042969,452.97474085489904,438.69814184235685,442.44221280325615,10864394.0,INFY.NS
2015-10-05,,446.9236145019531,449.79783371836425,439.4544024127519,443.6144699054716,6881760.0,INFY.NS
2015-10-06,,436.6559143066406,451.00817853664967,434.1976919759561,448.9281442568397,8711880.0,INFY.NS
2015-10-07,,428.5627746582031,442.0073812779444,426.7663810230628,437.1854825730941,9182488.0,INFY.NS
2015-10-08,,428.1656188964844,434.76498203926764,425.858680976876,429.77291814222866,9080874.0,INFY.NS
2015-10-09,,441.4967956542969,443.57683019714125,429.621680122041,429.621680122041,11782138.0,INFY.NS
2015-10-12,,424.6673583984375,461.3137886255065,419.4105354210991,453.44745894490336,30404970.0,INFY.NS
2015-10-13,,415.7799072265625,420.1668789073408,410.4096097878356,418.82429300627695,15326862.0,INFY.NS
2015-10-14,,415.0991516113281,421.88765410761835,411.1659870640988,412.7732861107358,8865510.0,INFY.NS
2015-10-15,,415.004638671875,417.65195496597886,411.88458732525254,415.9690366452258,8255666.0,INFY.NS
2015-10-16,,417.88629150390625,420.36712156528927,416.01611798576516,419.4511134553724,6418992.0,INFY.NS
2015-10-19,,424.3935852050781,425.93935148764524,420.0235271614279,420.59602628977154,7347494.0,INFY.NS
2015-10-20,,429.737060546875,431.28282736951064,423.878493404613,424.79450164802245,8788310.0,INFY.NS
2015-10-21,,434.4887390136719,437.7137992303429,429.3744034676804,429.3744034676804,7278098.0,INFY.NS
2015-10-23,,438.87786865234375,440.06102427382814,429.412530500266,435.78638248327115,6033362.0,INFY.NS
2015-10-26,,439.7366638183594,442.1602345516137,436.3016684700948,440.4427368774814,3195942.0,INFY.NS
2015-10-27,,438.68701171875,440.8243324976888,436.6641628123748,438.91600205397583,5263748.0,INFY.NS
2015-10-28,,440.1374206542969,441.9694369564817,434.71777952800744,436.8169435204605,5255472.0,INFY.NS
2015-10-29,,437.0267639160156,441.1678315695587,433.5917691930605,440.09914790860023,5887324.0,INFY.NS
2015-10-30,,433.3627624511719,437.00769240817124,431.28270080457077,437.00769240817124,4044676.0,INFY.NS
2015-11-02,,431.7406921386719,433.4963935457992,425.2142108677181,431.2827114351356,3544988.0,INFY.NS
2015-11-03,,437.1985168457031,439.08774540161966,432.58036636116265,432.58036636116265,3614682.0,INFY.NS
2015-11-04,,433.8780212402344,441.81664780250856,432.1605238689124,438.9541521836385,3205572.0,INFY.NS
2015-11-05,,428.5728759765625,437.00768752696683,427.2370446173097,436.2252533805072,2345306.0,INFY.NS
2015-11-06,,434.4504699707031,436.5877904668585,428.57280366370645,428.61096094951245,3026172.0,INFY.NS
2015-11-09,,433.0384826660156,435.0994895661942,425.6341487009891,427.4661651878399,6125676.0,INFY.NS
2015-11-10,,421.3021545410156,430.3285679676257,419.8709065322541,430.3285679676257,4680052.0,INFY.NS
2015-11-13,,420.1381530761719,422.1227985926429,416.0161396618271,419.8136995483841,3520868.0,INFY.NS
2015-11-16,,412.2757873535156,417.5427992525255,407.31412703333024,413.5925636233229,6808334.0,INFY.NS
2015-11-17,,405.1385498046875,413.3062133533433,401.5127219920219,412.1993723872468,7184106.0,INFY.NS
2015-11-18,,389.2994384765625,398.89835061584324,385.95985996021943,397.3144269157859,10125252.0,INFY.NS
2015-11-19,,399.9097900390625,401.5127691505803,390.7497796151,393.2115308150051,8539622.0,INFY.NS
2015-11-20,,401.6654052734375,405.7873711205168,397.71517053203263,399.9860651475463,6082978.0,INFY.NS
2015-11-23,,402.1616516113281,405.48217546664995,396.1695109772924,400.7495053238507,5616350.0,INFY.NS
2015-11-24,,397.3717041015625,401.05479160683893,395.78778032995507,400.7494400640818,4325802.0,INFY.NS
2015-11-26,,401.6654052734375,404.37522521357374,396.9518383466366,397.29530055798546,9853968.0,INFY.NS
2015-11-27,,406.98956298828125,408.3826533199611,398.8410025414573,403.80266094627933,5142478.0,INFY.NS
2015-11-30,,415.21453857421875,419.1838751321174,403.115695860144,408.38270641063804,18105534.0,INFY.NS
2015-12-01,,411.8177185058594,417.92437605552925,409.5086199838506,415.2527133775487,5898550.0,INFY.NS
2015-12-02,,404.8332824707031,412.18035614497944,404.18446862642065,412.18035614497944,6397616.0,INFY.NS
2015-12-03,,403.70733642578125,406.3981011944639,400.3868598343069,404.9477513096232,5504726.0,INFY.NS
2015-12-04,,400.38690185546875,406.4363011443087,396.97096178585815,400.3677999115178,8375530.0,INFY.NS
2015-12-07,,399.3182067871094,404.1844501673107,396.932793365442,402.772304057726,4513870.0,INFY.NS
2015-12-08,,398.61212158203125,405.61568585654635,396.66563360730373,398.86021388834365,5724372.0,INFY.NS
2015-12-09,,392.42913818359375,399.5853788861499,390.2727382955895,398.07781614752156,6818254.0,INFY.NS
2015-12-10,,399.738037109375,401.36011826401904,393.2306571371612,395.6351259535107,5587746.0,INFY.NS
2015-12-11,,401.8181457519531,405.29129843692834,399.1846399701212,402.276126500921,5390198.0,INFY.NS
2015-12-14,,408.1918640136719,409.5849544945242,400.00514540511654,400.55854257349097,4816672.0,INFY.NS
2015-12-15,,411.264404296875,411.85595891231844,404.108163536687,409.6232211131616,5431808.0,INFY.NS
2015-12-16,,418.2488098144531,419.06940129347635,413.4970852391064,413.4970852391064,5495852.0,INFY.NS
2015-12-17,,422.54254150390625,423.5730679560424,415.25272811331956,419.8327214380988,4958782.0,INFY.NS
2015-12-18,,413.4017028808594,421.1304424780042,411.98951016089734,421.1304424780042,7219820.0,INFY.NS
2015-12-21,,421.14947509765625,422.6570842744729,406.8369951348001,411.05442453322996,4331012.0,INFY.NS
2015-12-22,,413.63067626953125,418.85948371412843,412.23758555046413,418.85948371412843,4109254.0,INFY.NS
2015-12-23,,420.1571350097656,420.7868934199792,414.8901705563931,417.9434994882388,2870928.0,INFY.NS
2015-12-24,,418.43963623046875,421.531122446669,416.05422300961953,420.6151610419444,1230054.0,INFY.NS
2015-12-28,,421.6455383300781,423.6492849480758,416.0159644985609,416.0159644985609,5526952.0,INFY.NS
2015-12-29,,421.6265563964844,423.6494055273864,418.8022642983849,420.30982688021106,3345062.0,INFY.NS
2015-12-30,,414.6039123535156,422.35170640301266,413.34439555926133,420.2525428059896,5153970.0,INFY.NS
2015-12-31,,421.8937683105469,423.6303213257397,414.87110188608233,416.07335956743486,7943938.0,INFY.NS
2016-01-01,,421.8364562988281,423.2486022303571,417.2373611657052,419.83270927727744,1806550.0,INFY.NS
2016-01-04,,411.7796325683594,420.76784275271854,410.69189332185834,419.8136773452426,3975362.0,INFY.NS
2016-01-05,,409.92852783203125,414.2985864086837,405.424848837056,414.2985864086837,4949786.0,INFY.NS
2016-01-06,,408.1346435546875,410.1574925645301,404.14625135936325,410.1574925645301,5588328.0,INFY.NS
2016-01-07,,401.0547790527344,407.58126041146056,399.94793798251703,404.58519067612076,5294088.0,INFY.NS
2016-01-08,,405.8255920410156,407.390413768759,402.8485777569372,405.1385744092741,3156716.0,INFY.NS
2016-01-11,,402.9249267578125,408.363669271654,401.5509379670736,403.15396371468995,5360622.0,INFY.NS
2016-01-12,,400.73028564453125,405.69194472891377,393.4404727693427,405.32938058570966,6565212.0,INFY.NS
2016-01-13,,413.4970703125,416.3977234123846,400.0242380775071,403.4210757533369,8751294.0,INFY.NS
2016-01-14,,432.4277038574219,440.8243583012553,402.40965490269707,406.85607441483825,30227006.0,INFY.NS
2016-01-15,,435.0611877441406,444.2593312466046,434.1642817456402,438.15267377242446,13036614.0,INFY.NS
2016-01-18,,432.0079040527344,443.53420260106276,430.65297064833146,435.06123310819663,10066612.0,INFY.NS
2016-01-19,,434.9657897949219,442.331917733639,430.7293053093238,433.1910330726832,7500436.0,INFY.NS
2016-01-20,,427.943115234375,442.7326766304348,426.32103430706525,432.8093580163044,7507998.0,INFY.NS
2016-01-21,,433.9734191894531,436.05348061411223,428.2293262573601,433.1909851177395,6743000.0,INFY.NS
2016-01-22,,433.6681213378906,439.87019568045673,431.66437424260005,438.1908554635262,6436018.0,INFY.NS
2016-01-25,,434.2024230957031,437.7137323784043,429.2026067902992,435.1947455808059,4579262.0,INFY.NS
2016-01-27,,434.5268249511719,438.7633090516488,433.1909936930875,437.5610516013534,6971962.0,INFY.NS
2016-01-28,,431.12994384765625,436.0916023029977,429.8322700105485,433.57261578984276,7788598.0,INFY.NS
2016-01-29,,444.602783203125,446.5492707061331,431.8932853239132,434.3359573192987,10232108.0,INFY.NS
2016-02-01,,447.8279724121094,450.3279043564849,443.343395103268,446.5494001144185,4251126.0,INFY.NS
2016-02-02,,448.66754150390625,454.1825972632077,444.2592800120788,449.16367941240645,7632702.0,INFY.NS
2016-02-03,,441.85491943359375,448.8012718869838,439.96569047229417,445.7097851366253,5245966.0,INFY.NS
2016-02-04,,450.2705993652344,456.0719056796929,442.75179553253594,442.75179553253594,5549346.0,INFY.NS
2016-02-05,,448.3431091308594,452.90404657399023,447.2553701606895,448.64846061972275,3984224.0,INFY.NS
2016-02-08,,439.2214050292969,447.38902301339675,436.5497420950313,444.16396282164646,4221044.0,INFY.NS
2016-02-09,,422.7525329589844,430.63394850928677,417.351947457584,430.63394850928677,7579572.0,INFY.NS
2016-02-10,,423.0960388183594,430.32859388891956,421.74110531907417,422.88610379505354,5866054.0,INFY.NS
2016-02-11,,411.68426513671875,424.7944900813134,408.8217685728285,424.03115766427607,5214378.0,INFY.NS
2016-02-12,,413.97412109375,421.5120261392215,407.2377054945876,417.8098372261213,7408096.0,INFY.NS
2016-02-15,,416.68402099609375,419.90908134096895,414.71843099739476,418.4015186782393,5093478.0,INFY.NS
2016-02-16,,411.8750915527344,417.0657425862775,409.79498279601734,414.8711619229317,5125448.0,INFY.NS
2016-02-17,,419.0121765136719,420.97776651852035,411.05444654618896,412.86736077190335,4164598.0,INFY.NS
2016-02-18,,428.76373291015625,430.13772163818487,419.83273629281575,419.83273629281575,4189072.0,INFY.NS
2016-02-19,,430.2331848144531,432.88574602712174,425.1188488816489,427.1607535478875,3974018.0,INFY.NS
2016-02-22,,430.0040588378906,432.7901930118203,425.19507598979703,431.6642968153155,3857010.0,INFY.NS
2016-02-23,,428.9544677734375,432.23678636957203,425.95839870469996,431.37803778738083,2501960.0,INFY.NS
2016-02-24,,429.5079650878906,436.5306311163292,426.83630220892735,427.2752275713491,4950714.0,INFY.NS
2016-02-25,,423.76385498046875,431.5116482258993,420.2524991921601,429.5270033034482,4484528.0,INFY.NS
2016-02-26,,427.9049987792969,432.0460670473749,425.93940885589257,427.52333264232925,4235636.0,INFY.NS
2016-02-29,,413.7451477050781,431.4353618383289,407.733906726491,431.0918530358183,8166076.0,INFY.NS
2016-03-01,,429.5461120605469,431.3972299971436,417.8480828651263,417.8480828651263,6386154.0,INFY.NS
2016-03-02,,441.20599365234375,444.06848928590136,429.37434503363903,433.9734399875942,7214898.0,INFY.NS
2016-03-03,,446.2822570800781,455.2704671447918,440.44274622801396,445.78607243875246,5814304.0,INFY.NS
2016-03-04,,446.79742431640625,452.2743234725049,442.38916227436863,448.6866528543655,4281680.0,INFY.NS
2016-03-08,,444.0494079589844,454.3734946593121,437.92369497286654,443.8776768490382,7617746.0,INFY.NS
2016-03-09,,449.7934265136719,451.79717321642687,436.2251802046938,437.0076142199018,6305782.0,INFY.NS
2016-03-10,,436.0535583496094,443.8395568057764,434.85130070878654,443.8395568057764,24381016.0,INFY.NS
2016-03-11,,436.2444152832031,441.1869733557496,434.412399102664,437.4657283434913,4058548.0,INFY.NS
2016-03-14,,435.557373046875,440.5381347266093,434.52689312215267,437.3893891242749,4174262.0,INFY.NS
2016-03-15,,432.9620666503906,440.6335465358084,430.881958290421,436.62605217580324,6720258.0,INFY.NS
2016-03-16,,439.85113525390625,440.82440257094953,431.8743500032787,435.8245853316725,5588850.0,INFY.NS
2016-03-17,,443.4005432128906,446.45387167917266,440.4617332001322,441.5494721482262,6474622.0,INFY.NS
2016-03-18,,455.4803466796875,457.6176675855865,443.4960214632623,443.80137298843425,8477422.0,INFY.NS
2016-03-21,,456.0528869628906,457.6177088427471,450.3851540154282,453.4193812386852,5138392.0,INFY.NS
2016-03-22,,454.16357421875,455.7093406181941,447.312686100941,454.6597588035375,7097950.0,INFY.NS
2016-03-23,,460.9762878417969,462.0830821483732,451.1674421045073,454.1826133092009,6333176.0,INFY.NS
2016-03-28,,459.8694152832031,472.1208856991729,456.37716174194503,470.36523125468835,10787510.0,INFY.NS
2016-03-29,,456.9497375488281,465.2128179196208,454.7742594180873,457.61765322283975,6995356.0,INFY.NS
2016-03-30,,460.2703857421875,461.8161526577916,456.30109409887564,457.0834819406304,5756818.0,INFY.NS
2016-03-31,,464.98388671875,469.4112047172842,458.1138960551296,461.9114555914774,17996320.0,INFY.NS
2016-04-01,,460.0794372558594,466.4723452040856,456.12920196109593,464.1060337339188,5511428.0,INFY.NS
2016-04-04,,474.6780700683594,476.31925279656554,463.1708753918655,463.1708753918655,4577054.0,INFY.NS
2016-04-05,,465.5562744140625,474.1437606864068,463.3425926500425,474.02924223340426,4790716.0,INFY.NS
2016-04-06,,458.2664489746094,468.6859517163959,456.4726370136885,468.6859517163959,4931354.0,INFY.NS
2016-04-07,,450.9385681152344,461.20539713896875,448.45773807482044,461.20539713896875,5657890.0,INFY.NS
2016-04-08,,444.9271545410156,449.41173019261925,443.5150089293124,448.78197195331234,4195578.0,INFY.NS
2016-04-11,,451.8545227050781,452.9422618144191,439.33585550151014,444.9463753440667,5768678.0,INFY.NS
2016-04-12,,451.2056579589844,456.05284552458033,449.83166927688444,450.5568442060793,5842138.0,INFY.NS
2016-04-13,,447.5798034667969,456.07187393817753,445.1562331221978,456.07187393817753,12511386.0,INFY.NS
2016-04-18,,472.76995849609375,483.91464079121425,470.785312660447,477.0828056956293,25015990.0,INFY.NS
2016-04-20,,474.6399230957031,475.7276620949715,467.8462948926657,474.7925988442191,8072848.0,INFY.NS
2016-04-21,,468.0372314453125,477.4643669774086,464.9075409738901,477.4643669774086,5441100.0,INFY.NS
2016-04-22,,462.29315185546875,468.8768933370018,460.67107062088814,468.0372463927919,5143938.0,INFY.NS
2016-04-25,,464.04864501953125,467.4645840286686,458.41907093434077,462.59834202282593,5364134.0,INFY.NS
2016-04-26,,470.2699279785156,473.0942666380026,461.2816720463215,463.8960756997932,5846744.0,INFY.NS
2016-04-27,,473.3232116699219,474.16285843336965,468.8958943360995,469.1439400229598,4486208.0,INFY.NS
2016-04-28,,461.4916076660156,473.11332261943494,460.6710161733696,469.83100323895445,12165168.0,INFY.NS
2016-04-29,,461.0909729003906,466.9877442327196,459.90781688038146,462.3695454799185,5036410.0,INFY.NS
2016-05-02,,458.4001159667969,462.2549344936126,456.52994264484585,461.81600913385324,3615250.0,INFY.NS
2016-05-03,,449.5263366699219,462.6556128129946,447.23634014402336,459.0488869207438,6824810.0,INFY.NS
2016-05-04,,453.74383544921875,455.3277594375391,446.79752950708763,450.7477652101707,5812842.0,INFY.NS
2016-05-05,,455.1177062988281,457.6176378019256,450.7858055342358,456.14823268663633,6302668.0,INFY.NS
2016-05-06,,450.9385681152344,454.10641587980587,449.24017233899394,454.10641587980587,2596720.0,INFY.NS
2016-05-09,,457.6368103027344,458.5909756662861,450.59504196565905,451.12938388726917,5123678.0,INFY.NS
2016-05-10,,462.8846740722656,464.3540792689465,456.7016551732291,458.9534945267652,3395704.0,INFY.NS
2016-05-11,,458.7054443359375,463.6098449521457,455.1368752193249,457.4268720757743,3709888.0,INFY.NS
2016-05-12,,461.8160095214844,462.9610078921988,456.77803532638205,459.48785548571897,3406932.0,INFY.NS
2016-05-13,,460.7663879394531,461.8159696887457,455.0032392886299,460.2893053261383,5652064.0,INFY.NS
2016-05-16,,463.7243347167969,467.0257559651057,459.90767352571214,461.89231870903524,4533878.0,INFY.NS
2016-05-17,,463.43798828125,467.8271477337799,461.109834759231,465.632568007515,3796294.0,INFY.NS
2016-05-18,,461.75872802734375,463.3426516818381,457.19783670654886,457.61766010422065,4256596.0,INFY.NS
2016-05-19,,460.1938781738281,464.1632147429427,458.38096428510687,462.1785231633365,3954400.0,INFY.NS
2016-05-20,,458.6099853515625,465.44181799230705,457.9993288977191,459.90765943479295,3994548.0,INFY.NS
2016-05-23,,453.41937255859375,459.964956152187,452.27437414304177,459.2970404097817,4585946.0,INFY.NS
2016-05-24,,453.3238830566406,454.85054736497705,449.44996305621754,454.58339974705706,3485060.0,INFY.NS
2016-05-25,,461.3006896972656,462.9990850170359,455.7474299248209,455.7474299248209,3857396.0,INFY.NS
2016-05-26,,471.033203125,473.1896258003987,461.854115242064,461.854115242064,6136436.0,INFY.NS
2016-05-27,,476.1283874511719,480.70837995571225,470.05988806463733,470.05988806463733,6180764.0,INFY.NS
2016-05-30,,483.79986572265625,485.47920562617423,473.8383913403265,473.8383913403265,5285700.0,INFY.NS
2016-05-31,,476.5673522949219,483.47549891161754,472.8842653653003,482.80758328257053,13782038.0,INFY.NS
2016-06-01,,480.21234130859375,484.1435213716194,475.55603281753076,475.5751347614716,4840534.0,INFY.NS
2016-06-02,,481.4909362792969,486.58616991679685,478.6093382938779,478.99100443286824,5053552.0,INFY.NS
2016-06-03,,483.53289794921875,488.26556795003097,480.91849390618336,480.91849390618336,3998380.0,INFY.NS
2016-06-06,,483.4754943847656,487.3875716039832,481.31907177029956,482.7694214729749,4225768.0,INFY.NS
2016-06-07,,479.906982421875,485.6701314415898,479.0291317211461,483.57096780863986,5692420.0,INFY.NS
2016-06-08,,472.540771484375,482.4068304837303,471.4911897484841,482.4068304837303,8741370.0,INFY.NS
2016-06-09,,457.7335205078125,473.4675069782413,455.6292393298302,473.4675069782413,12740804.0,INFY.NS
2016-06-10,,455.8415832519531,459.4710276870901,451.7874271253023,453.8338295470253,6383956.0,INFY.NS
2016-06-13,,455.9573974609375,457.50183776251913,450.20434791103065,454.3743555783319,5286722.0,INFY.NS
2016-06-14,,453.6793212890625,456.5365451645471,450.6869683188581,456.5365451645471,2940728.0,INFY.NS
2016-06-15,,459.45159912109375,460.494124453899,455.2430376121262,457.0384114978001,6711572.0,INFY.NS
2016-06-16,,457.9264831542969,459.27786822262743,451.7873244173668,459.27786822262743,5302564.0,INFY.NS
2016-06-17,,455.4168395996094,460.53279816230105,453.7179458201999,459.08488536153925,8515082.0,INFY.NS
2016-06-20,,466.7105712890625,467.8882259165982,455.4940543214932,455.99601629152664,6229566.0,INFY.NS
2016-06-21,,465.6873474121094,469.0465333108381,461.65251602140944,467.656499348563,4761724.0,INFY.NS
2016-06-22,,463.1390075683594,467.94605886474676,458.7566679028352,464.8765028030885,3031258.0,INFY.NS
2016-06-23,,467.81109619140625,469.06595430733415,460.76458523273413,462.2897487608783,3828626.0,INFY.NS
2016-06-24,,461.2278137207031,462.9459847192153,447.88769163827334,458.6987738502317,7808348.0,INFY.NS
2016-06-27,,450.2816162109375,456.84548844219074,447.8877522502201,452.5403981848186,5583778.0,INFY.NS
2016-06-28,,447.55950927734375,452.7140694259552,445.99574459815034,448.968820497808,7655974.0,INFY.NS
2016-06-29,,454.39373779296875,455.57139264806,447.9649941257199,451.3627824273099,5459150.0,INFY.NS
2016-06-30,,452.0576477050781,457.3473363300753,450.9571963995766,455.8028961905056,9346224.0,INFY.NS
2016-07-01,,452.67547607421875,455.6099033131094,451.7874040198141,455.6099033131094,3991912.0,INFY.NS
2016-07-04,,457.1350402832031,461.24712233086126,454.14268696734877,454.14268696734877,5381322.0,INFY.NS
2016-07-05,,453.85308837890625,458.5057338363405,452.1542416817026,457.54045860721135,3596416.0,INFY.NS
2016-07-07,,446.82574462890625,452.13475650071223,445.9569972317016,451.24668475276684,5954876.0,INFY.NS
2016-07-08,,447.1927490234375,450.5905371368008,445.3780502033416,449.046096563924,5551648.0,INFY.NS
2016-07-11,,453.69873046875,455.1079947476169,447.88775411619145,450.74497852586336,6668882.0,INFY.NS
2016-07-12,,454.2778015136719,455.7449914348923,450.97654170891997,455.60986234291573,6197368.0,INFY.NS
2016-07-13,,460.9382019042969,461.71042201327873,453.7565171847057,455.6098642992921,5275420.0,INFY.NS
2016-07-14,,454.1619873046875,461.8069858377469,449.4321387652763,461.401551395623,7413328.0,INFY.NS
2016-07-15,,414.1224060058594,459.43241674845825,406.1878246093648,459.27796328216675,61484126.0,INFY.NS
2016-07-18,,417.7518005371094,418.89085360264664,407.40407821851915,415.9371019344978,14332824.0,INFY.NS
2016-07-19,,419.68243408203125,420.86008896381907,414.72092778085647,420.31952529459534,10404644.0,INFY.NS
2016-07-20,,418.19586181640625,420.8214294871404,413.1378286676461,413.1378286676461,9822896.0,INFY.NS
2016-07-21,,416.960205078125,419.7787798435477,415.29991319861165,416.61269664606766,8668002.0,INFY.NS
2016-07-22,,414.0837097167969,416.96025790668295,411.8635769000907,413.1377589348826,9386538.0,INFY.NS
2016-07-25,,417.3270568847656,418.25373047295653,410.43500160881865,410.43500160881865,8469552.0,INFY.NS
2016-07-26,,420.3580322265625,420.8213926098074,413.27292156737,413.27292156737,7189610.0,INFY.NS
2016-07-27,,419.06451416015625,423.3696504471225,416.4389942198725,418.8135332126289,7431820.0,INFY.NS
2016-07-28,,416.03363037109375,419.68235194219795,414.7015693867428,419.0839095701682,11258562.0,INFY.NS
2016-07-29,,414.6242370605469,415.7439655491391,411.7863378297254,414.14159953378913,8156784.0,INFY.NS
2016-08-01,,419.0260009765625,420.02987784586645,412.5007306272136,413.7169869121278,9096662.0,INFY.NS
2016-08-02,,418.46612548828125,418.9294387333882,415.068337915569,416.9602867428161,6822502.0,INFY.NS
2016-08-03,,418.89080810546875,419.5085747669677,413.25361072885653,419.1803906467253,7213460.0,INFY.NS
2016-08-04,,413.8327331542969,419.6629849574424,413.15704062768066,419.4699299498378,4237278.0,INFY.NS
2016-08-05,,412.3656311035156,414.46991252156204,409.27674997165406,413.9100716694464,5609968.0,INFY.NS
2016-08-08,,416.4969177246094,417.38498974731544,410.2612777392567,412.75166886205386,4643064.0,INFY.NS
2016-08-09,,418.3116455078125,418.73635714432993,413.7169263994002,415.84053171456276,7192664.0,INFY.NS
2016-08-10,,417.90618896484375,420.0491185224251,415.14549277480705,415.4543996573212,5576454.0,INFY.NS
2016-08-11,,415.9757080078125,422.79056071897696,415.16488622199086,417.6552775211388,5038552.0,INFY.NS
2016-08-12,,410.2613525390625,416.5356423817974,409.27675281839896,415.08772934116627,7449928.0,INFY.NS
2016-08-16,,406.110595703125,408.5237836716676,396.92115706588385,402.3266981154193,16429408.0,INFY.NS
2016-08-17,,398.96759033203125,406.43881143693727,397.88646318504624,405.39628587393435,6599316.0,INFY.NS
2016-08-18,,395.14501953125,401.2069282321044,394.411401037705,400.203051566893,8434000.0,INFY.NS
2016-08-19,,394.3342590332031,401.16841283910054,393.23385462276934,397.6934217750468,5686016.0,INFY.NS
2016-08-22,,392.0755310058594,397.69342860936433,389.6237175732013,393.0601071110028,10253518.0,INFY.NS
2016-08-23,,401.4193115234375,402.32666068868724,393.8708414070073,393.8708414070073,7406138.0,INFY.NS
2016-08-24,,408.27288818359375,410.06830983464346,404.25733313661704,404.25733313661704,6129966.0,INFY.NS
2016-08-25,,400.0679016113281,408.34994258300134,398.5041371969928,407.34606597015767,4796562.0,INFY.NS
2016-08-26,,393.9288024902344,403.8711368829063,392.6932455417708,400.01003614788806,6881054.0,INFY.NS
2016-08-29,,394.9133605957031,397.693357712387,390.3572666477896,392.90558359108206,5220282.0,INFY.NS
2016-08-30,,401.7088928222656,403.48498956993444,395.76278881261516,398.6392897416874,4375438.0,INFY.NS
2016-08-31,,399.95208740234375,403.77458633854224,396.8439297674489,400.43472496669773,11139814.0,INFY.NS
2016-09-01,,400.6085205078125,401.728202000632,398.4655907741649,400.7822511856426,2877826.0,INFY.NS
2016-09-02,,398.40771484375,401.5545217241626,396.22618325594357,401.18773596600533,3332592.0,INFY.NS
2016-09-06,,403.48504638671875,404.9908851729554,399.8556020931835,400.8788032641251,8215044.0,INFY.NS
2016-09-07,,407.09515380859375,408.8905751088167,403.09892390330936,404.643364224778,7425470.0,INFY.NS
2016-09-08,,400.64715576171875,403.4850555777832,395.3767434561244,403.4850555777832,9092774.0,INFY.NS
2016-09-09,,399.8170166015625,401.9406221943279,396.3613499900041,400.3961817632258,5053438.0,INFY.NS
2016-09-12,,406.9600830078125,408.50452355053665,395.8594166069827,395.8594166069827,6203096.0,INFY.NS
2016-09-14,,403.7166442871094,408.4272150066934,401.8054184615975,406.94065366177,5152418.0,INFY.NS
2016-09-15,,402.4039001464844,404.18004419240214,399.75905556691015,403.7166838241976,4701722.0,INFY.NS
2016-09-16,,409.3345031738281,411.0140721539563,400.8207592940337,405.02936748661364,9949384.0,INFY.NS
2016-09-19,,409.74005126953125,412.71312755129037,402.07577461243244,403.8711961441792,5809154.0,INFY.NS
2016-09-20,,405.4735412597656,408.17631202854415,403.77464735001706,406.6897975322323,4214004.0,INFY.NS
2016-09-21,,407.6357421875,409.7593477589243,405.82104355222435,406.9600495056832,4231532.0,INFY.NS
2016-09-22,,408.8133544921875,409.6627777796993,406.18778720475365,408.8905576519336,3629514.0,INFY.NS
2016-09-23,,402.5390319824219,408.8133199910091,401.5544325495839,408.11830308164446,5205294.0,INFY.NS
2016-09-26,,399.9714050292969,403.09888696718264,398.07945638234224,402.616249410948,6371798.0,INFY.NS
2016-09-27,,401.4579772949219,405.37700424444205,398.98686322335885,399.6432786742478,6525660.0,INFY.NS
2016-09-28,,401.1490173339844,402.44252370670404,398.94820890344323,401.5544517392509,5434708.0,INFY.NS
2016-09-29,,397.3844909667969,403.46572496374824,395.37673732559733,403.46572496374824,8902638.0,INFY.NS
2016-09-30,,400.0294189453125,403.06037403858176,398.11814552271215,398.11814552271215,6502354.0,INFY.NS
2016-10-03,,400.82086181640625,401.5544803897877,396.18754088883173,399.8169850419473,3656160.0,INFY.NS
2016-10-04,,405.106689453125,405.9561599346109,400.89812715867674,401.554495461688,5066586.0,INFY.NS
2016-10-05,,402.13360595703125,405.3576153588807,400.39611078006857,405.1066344068048,2307574.0,INFY.NS
2016-10-06,,396.68951416015625,403.48504228796406,396.1296262525537,403.48504228796406,3721882.0,INFY.NS
2016-10-07,,390.9558410644531,399.1607055993675,390.0098664512828,397.6741437648645,6288558.0,INFY.NS
2016-10-10,,397.67401123046875,398.36902814568555,389.97113489425,392.6739051360913,5413170.0,INFY.NS
2016-10-13,,406.3229675292969,408.50449909179497,394.37287839850075,394.37287839850075,9778690.0,INFY.NS
2016-10-14,,396.5929870605469,418.04137420968107,384.6621758924241,406.53532184521936,33461690.0,INFY.NS
2016-10-17,,394.7589416503906,402.2494863714513,392.8090669603779,399.6045947082955,8014858.0,INFY.NS
2016-10-18,,401.18768310546875,401.7475238483826,396.65088982798824,397.69336815361277,6388134.0,INFY.NS
2016-10-19,,402.24951171875,403.7553033678182,400.01005433757354,402.3267148839301,3509836.0,INFY.NS
2016-10-20,,400.2610168457031,405.6858350951102,399.1606125634985,403.3884990123921,3535490.0,INFY.NS
2016-10-21,,405.1977844238281,406.25144346403624,399.03179725454083,403.90993658528095,3863620.0,INFY.NS
2016-10-24,,400.826904296875,406.91481206617567,400.2025120504473,404.885525355767,2902974.0,INFY.NS
2016-10-25,,396.9634704589844,405.43192509065045,396.1829681670159,404.4953128126724,5636014.0,INFY.NS
2016-10-26,,395.7926940917969,397.9975986474486,393.88045405963896,396.88539247344215,2775216.0,INFY.NS
2016-10-27,,391.61700439453125,397.25613792117,390.6803921658228,397.2366301287049,7227790.0,INFY.NS
2016-10-28,,389.27545166015625,394.1535901521382,387.5778689925608,392.28038973502424,5840706.0,INFY.NS
2016-11-01,,386.1339416503906,392.90478846213875,384.94368060237906,392.90478846213875,6332798.0,INFY.NS
2016-11-02,,382.8558349609375,385.3729593070542,382.44607607181075,384.3192765785592,5377194.0,INFY.NS
2016-11-03,,377.3142395019531,383.2265527714071,376.631300125833,382.85580948913486,5225108.0,INFY.NS
2016-11-04,,378.933837890625,382.13390184156253,375.03132668680803,377.37283340909823,6005548.0,INFY.NS
2016-11-07,,381.6460266113281,384.78754286175774,380.49478122739737,384.3972918040886,4537672.0,INFY.NS
2016-11-08,,383.4607238769531,385.47052658290454,378.7777106458776,385.13882267331815,5261108.0,INFY.NS
2016-11-09,,373.97760009765625,380.3386878510587,351.61621828256125,362.93349944814867,12764158.0,INFY.NS
2016-11-10,,366.60186767578125,375.6166579386959,364.8847534261617,375.6166579386959,7287330.0,INFY.NS
2016-11-11,,359.63592529296875,368.78731908594625,358.5237190963568,366.83606342940686,7096782.0,INFY.NS
2016-11-15,,360.4163818359375,366.81650910513133,354.562615608883,360.59199958655626,9235850.0,INFY.NS
2016-11-16,,367.18719482421875,373.41167954780155,362.36758042820486,362.93344917190296,12222616.0,INFY.NS
2016-11-17,,362.8554382324219,370.34826350120585,361.52859889275317,364.59206024868445,5706730.0,INFY.NS
2016-11-18,,359.031005859375,364.2018328459366,358.05537812606144,362.93351679262906,6040228.0,INFY.NS
2016-11-21,,355.5577392578125,361.7237252001108,353.9382116137055,361.7237252001108,7940568.0,INFY.NS
2016-11-22,,356.76751708984375,362.40664956433886,355.77238166941146,357.8211996957861,5483126.0,INFY.NS
2016-11-23,,359.1285705566406,360.1627454871078,356.08461677620255,359.85052555554574,8251786.0,INFY.NS
2016-11-24,,363.050537109375,366.7969613782028,360.3187798341818,362.23101945443034,16780644.0,INFY.NS
2016-11-25,,381.470458984375,384.39734230139067,363.10914907277083,363.10914907277083,12631380.0,INFY.NS
2016-11-28,,382.3484802246094,383.7924139262383,378.77767345886826,382.17286248187816,7365712.0,INFY.NS
2016-11-29,,379.5581970214844,384.28024945730664,377.41181604675677,381.977758520439,6125506.0,INFY.NS
2016-11-30,,380.7093811035156,381.27524985123637,375.0507412643724,379.71424575767963,8500918.0,INFY.NS
2016-12-01,,380.72894287109375,383.8314437107206,377.3727931217206,380.8850528301957,4611590.0,INFY.NS
2016-12-02,,376.39715576171875,378.38742668447776,375.07029260052275,376.51422631852193,4453228.0,INFY.NS
2016-12-05,,375.2849426269531,377.99716844776196,373.8605167255936,376.943509637479,3659576.0,INFY.NS
2016-12-06,,377.1777038574219,382.250968368696,375.2849954712155,375.34351884723054,3562110.0,INFY.NS
2016-12-07,,377.13861083984375,379.7142581506626,374.7190496520555,377.76300297003223,3385980.0,INFY.NS
2016-12-08,,384.2607116699219,384.8265566456765,378.5630319630972,378.5630319630972,5941662.0,INFY.NS
2016-12-09,,386.0949401855469,393.4316803754695,383.03147838830415,384.3973573229543,8648384.0,INFY.NS
2016-12-12,,381.41180419921875,383.53867690676174,376.6702688545999,383.53867690676174,5345020.0,INFY.NS
2016-12-13,,386.4266662597656,387.4608174429582,378.972855528661,382.6412256077427,4854282.0,INFY.NS
2016-12-14,,390.1534729003906,392.18278304962564,384.04603466470934,386.73877633837174,5382614.0,INFY.NS
2016-12-15,,387.265625,397.6463173570571,385.9582934930316,389.2364118834779,7966416.0,INFY.NS
2016-12-16,,392.2608642578125,394.03650182502327,389.37299687315897,391.7340110330129,6436742.0,INFY.NS
2016-12-19,,392.0657653808594,393.4706597710986,387.9485973441427,392.63161040365486,4124134.0,INFY.NS
2016-12-20,,394.99261474609375,397.66582494455486,390.7583765089928,391.03155701123063,7636498.0,INFY.NS
2016-12-21,,390.8559875488281,398.83662737108835,389.5681636723962,396.4951207524714,7343976.0,INFY.NS
2016-12-22,,384.2802734375,392.9828684415643,378.34845179155565,391.22673844356325,7060054.0,INFY.NS
2016-12-23,,385.74365234375,392.8266945585527,379.9484100017838,384.35826589008616,7306036.0,INFY.NS
2016-12-26,,383.519287109375,387.9096121971191,380.53385652209386,385.5681054836556,3213828.0,INFY.NS
2016-12-27,,389.8413391113281,390.99258461423676,382.44607604041283,383.51926655991394,4912816.0,INFY.NS
2016-12-28,,389.66571044921875,394.07554296941373,388.29983164443934,391.40233255053124,5476816.0,INFY.NS
2016-12-29,,387.265625,393.37306353991494,385.626589623811,391.71449655574366,6240124.0,INFY.NS
2016-12-30,,394.3877258300781,394.93408686125525,387.421753687264,389.47057182562526,7267768.0,INFY.NS
2017-01-02,,390.68035888671875,395.3048486208634,389.9974194753462,394.58286980884776,2335222.0,INFY.NS
2017-01-03,,387.85101318359375,392.1633065266506,383.2265475699612,391.8510866180053,6778482.0,INFY.NS
2017-01-04,,389.37298583984375,391.89010988069083,387.22660506097213,388.31930323913633,7073586.0,INFY.NS
2017-01-05,,388.74859619140625,393.95843822426207,385.86072886997437,390.87544537622085,8207074.0,INFY.NS
2017-01-06,,379.421630859375,389.80230056123764,377.782571480387,388.2608277759996,14393448.0,INFY.NS
2017-01-09,,378.6801452636719,381.2558168144566,376.5923114068033,379.4216318811031,10545692.0,INFY.NS
2017-01-10,,378.75823974609375,382.83636892917775,377.74359630814797,381.2753643667754,11939854.0,INFY.NS
2017-01-11,,378.19232177734375,381.84118376013,376.1825429553401,380.1826166276916,12241574.0,INFY.NS
2017-01-12,,390.2706298828125,391.96823655532916,381.4899796357759,381.4899796357759,11855740.0,INFY.NS
2017-01-13,,380.8069763183594,405.86109891929993,375.6946970038165,401.9585883527682,31276246.0,INFY.NS
2017-01-16,,372.9434814453125,376.76793754562203,371.6946731340382,376.592319782952,12351372.0,INFY.NS
2017-01-17,,372.8458557128906,376.2020051524046,371.675102584823,373.1775595715631,5560094.0,INFY.NS
2017-01-18,,371.0507507324219,375.03131681939044,370.66049962230807,373.8995790724453,5952962.0,INFY.NS
2017-01-19,,373.8995056152344,374.48488216540056,369.99699528079276,371.12873280539395,8876480.0,INFY.NS
2017-01-20,,370.2312316894531,371.9678538874538,369.17754893186543,370.73855336709534,9124742.0,INFY.NS
2017-01-23,,371.79217529296875,373.86050106742647,366.8359822582264,368.7872374830042,7948580.0,INFY.NS
2017-01-24,,369.001953125,370.73857542633107,366.8750796916412,370.73857542633107,6826010.0,INFY.NS
2017-01-25,,365.5091857910156,369.48975193881853,364.80673854588287,369.2165713937564,9978090.0,INFY.NS
2017-01-27,,367.6750183105469,369.7823595861048,351.67472604275486,364.43591569867016,10635138.0,INFY.NS
2017-01-30,,370.4848937988281,371.32394324022846,362.48474578366813,365.86042752255827,11369208.0,INFY.NS
2017-01-31,,362.38714599609375,367.42139449232303,352.9235572372633,367.42139449232303,24068534.0,INFY.NS
2017-02-01,,357.7626647949219,360.2797889347062,353.23576195643693,359.460247404595,11531782.0,INFY.NS
2017-02-02,,365.2359619140625,368.7872368898327,355.1674659151768,357.8602076486525,11828268.0,INFY.NS
2017-02-03,,365.31396484375,367.18718876702627,359.4406918441881,364.4163922749486,8423958.0,INFY.NS
2017-02-06,,364.9823303222656,368.29946457272194,363.1481454435002,365.7628324988436,6727934.0,INFY.NS
2017-02-07,,367.7140808105469,370.66047170619277,362.36763624084483,364.104258313866,9268002.0,INFY.NS
2017-02-08,,365.47015380859375,368.43605263009306,363.8896416232021,365.2750282593099,6319962.0,INFY.NS
2017-02-09,,369.17755126953125,370.73855571464554,365.4896735041412,365.6652912680241,11907266.0,INFY.NS
2017-02-10,,377.8801574707031,379.324091388975,368.123879399999,369.27512497614975,12252452.0,INFY.NS
2017-02-13,,384.14361572265625,384.8265550675925,375.75321805629693,379.65572859878966,13724268.0,INFY.NS
2017-02-14,,385.45098876953125,385.958310399576,379.46062051993675,382.4460507498327,9338818.0,INFY.NS
2017-02-15,,383.1485290527344,389.7827978191646,378.07526470193477,386.0363967492659,7259486.0,INFY.NS
2017-02-16,,394.97314453125,395.6756155944893,386.3681121969467,386.73885552053684,12815858.0,INFY.NS
2017-02-17,,390.29010009765625,395.6170369289252,387.40225636365335,395.6170369289252,4851208.0,INFY.NS
2017-02-20,,394.2511291503906,402.34883855882475,387.7144239652691,388.88517713275354,4650662.0,INFY.NS
2017-02-21,,395.5584716796875,399.8122178343334,390.27057448970703,398.87560574663905,7613996.0,INFY.NS
2017-02-22,,386.4070739746094,396.104802720498,384.9436325852479,396.104802720498,6607838.0,INFY.NS
2017-02-23,,393.7047424316406,398.05605094755293,387.6558514613592,389.8217637349764,9542656.0,INFY.NS
2017-02-27,,395.0901794433594,399.2268311179453,392.96330641993103,393.09988476220127,5328696.0,INFY.NS
2017-02-28,,395.0901794433594,399.1097605647088,393.86087908679013,394.8755223068858,5940132.0,INFY.NS
2017-03-01,,400.0658874511719,400.7878423913516,394.1925898876775,394.9340764362686,4282448.0,INFY.NS
2017-03-02,,399.3439025878906,401.17808732292093,396.690200159289,399.77319304278905,2948498.0,INFY.NS
2017-03-03,,402.4268798828125,403.63669629690264,390.40717564244665,394.25113911186503,5401612.0,INFY.NS
2017-03-06,,403.4805908203125,404.28057693100953,397.939020862235,398.07559920912763,5286386.0,INFY.NS
2017-03-07,,397.97808837890625,400.31961892363205,395.98781718968695,398.83664560879936,4644496.0,INFY.NS
2017-03-08,,393.2950439453125,396.84634315760445,391.9877123207385,396.84634315760445,6179176.0,INFY.NS
2017-03-09,,394.75848388671875,395.32435272896333,389.86083748887893,393.2950423045533,3480630.0,INFY.NS
2017-03-10,,398.7780456542969,401.0415209115654,395.48044317379345,396.1048353570872,4550324.0,INFY.NS
2017-03-14,,403.8318786621094,406.60265209082274,399.1488413957553,399.1488413957553,7878396.0,INFY.NS
2017-03-15,,394.9146423339844,403.8709106802178,393.17802001279995,403.8709106802178,6373978.0,INFY.NS
2017-03-16,,401.5097961425781,402.62200214313657,395.4413968842521,395.4413968842521,6702956.0,INFY.NS
2017-03-17,,405.97821044921875,406.9928537117848,397.7634063042631,404.0659706631883,9507846.0,INFY.NS
2017-03-20,,398.6414489746094,400.6122358392558,396.14383271822686,400.6122358392558,4427388.0,INFY.NS
2017-03-21,,403.07080078125,403.89031848571113,397.5877781114126,398.40731963490833,4869584.0,INFY.NS
2017-03-22,,401.06103515625,405.84161111624866,398.2122307180337,399.01224070671594,3990852.0,INFY.NS
2017-03-23,,406.0367126464844,407.0318719447223,400.63174477579133,401.2756685782941,4501662.0,INFY.NS
2017-03-24,,402.5049743652344,407.42212845692785,401.061016783071,405.0806219715432,4883896.0,INFY.NS
2017-03-27,,401.5097961425781,406.5830599552938,399.81221354824476,400.8658723618119,7684824.0,INFY.NS
2017-03-28,,403.9684143066406,405.47087143448624,401.9781433296198,402.5439883394346,4796796.0,INFY.NS
2017-03-29,,402.6805419921875,406.4464742044608,400.33903565975663,403.6366856607711,6981186.0,INFY.NS
2017-03-30,,400.2024841308594,404.26110490660716,398.153665952715,403.51961832404544,12157180.0,INFY.NS
2017-03-31,,398.9342041015625,401.68549352990703,393.37312568782096,399.3244552183163,14153854.0,INFY.NS
2017-04-03,,393.6852722167969,402.91469567378124,392.6315895705081,402.79764893634734,4315600.0,INFY.NS
2017-04-05,,388.6705627441406,392.3584401651234,386.7388151599082,392.2023302075759,7398338.0,INFY.NS
2017-04-06,,390.0950012207031,392.51456287390596,387.1291023032529,389.52915616470364,5379008.0,INFY.NS
2017-04-07,,383.0508728027344,390.60224411204587,382.05573749441527,390.60224411204587,6404508.0,INFY.NS
2017-04-10,,372.0653076171875,386.15335898849884,370.77746028034414,384.35821394173297,9528472.0,INFY.NS
2017-04-11,,377.431396484375,379.2070343930102,373.0995945744642,373.0995945744642,8655466.0,INFY.NS
2017-04-12,,378.0947570800781,381.23629739369784,374.77762283208784,378.5435553588913,6696752.0,INFY.NS
2017-04-13,,363.4798889160156,386.3485941534429,361.6261961662895,378.54357204933297,30973188.0,INFY.NS
2017-04-17,,360.9432373046875,363.7530260557026,360.39687625919237,362.93350830649587,7213434.0,INFY.NS
2017-04-18,,360.0651550292969,364.4944950941006,358.6797446918592,360.8846727390466,4647518.0,INFY.NS
2017-04-19,,358.71881103515625,362.9335180943805,356.1626711285139,360.2017604313045,10071702.0,INFY.NS
2017-04-20,,361.8798522949219,362.8164644936692,358.4651550564188,359.61640060349305,4549000.0,INFY.NS
2017-04-21,,360.4750061035156,364.80678451015365,359.46033878244594,364.80678451015365,3577466.0,INFY.NS
2017-04-24,,361.58709716796875,362.3480914615007,356.2992003277869,358.0553300117683,5556666.0,INFY.NS
2017-04-25,,362.6798095703125,364.10423545312864,359.2456050393846,361.3334624815813,4737060.0,INFY.NS
2017-04-26,,356.7870178222656,365.0993603153517,355.2065058541279,362.9139639913877,9084496.0,INFY.NS
2017-04-27,,361.0797424316406,362.54318370061515,357.4699206348369,357.4699206348369,7797208.0,INFY.NS
2017-04-28,,358.6212463378906,361.9188728344374,357.3138908861519,361.70421567826077,5029702.0,INFY.NS
2017-05-02,,360.045654296875,361.5286275278394,357.1187710552928,360.59201536291835,3231126.0,INFY.NS
2017-05-03,,364.611572265625,366.4847726497804,358.11390620005153,361.56761866399313,4659448.0,INFY.NS
2017-05-04,,365.9189453125,366.69944749515855,362.50424826336894,365.66527257552144,5279806.0,INFY.NS
2017-05-05,,363.5188293457031,365.80178831156564,359.0309425636574,365.2749589560689,4432788.0,INFY.NS
2017-05-08,,368.9823913574219,370.17265237218714,363.7140018457083,366.0555082953588,4707098.0,INFY.NS
2017-05-09,,369.4311828613281,371.4995087568659,367.65552144760613,370.9726555239137,5649372.0,INFY.NS
2017-05-10,,368.2605285644531,370.7386139829331,365.72389594246465,369.6264076686008,3364302.0,INFY.NS
2017-05-11,,368.4360046386719,370.67994816314615,365.87986503981665,369.5091950199422,3229482.0,INFY.NS
2017-05-12,,376.2995910644531,376.98253043117626,371.30438217451365,371.90926656409005,10979996.0,INFY.NS
2017-05-15,,371.3434143066406,376.0069195253812,370.3872943868011,376.0069195253812,7297164.0,INFY.NS
2017-05-16,,372.6898498535156,374.6996528122788,369.54833284630706,371.94836313770935,6130168.0,INFY.NS
2017-05-17,,371.83123779296875,374.03616600283124,368.3384857360431,371.36293171611766,2915508.0,INFY.NS
2017-05-18,,375.3240051269531,380.065565642135,367.9482496186785,368.00679681280667,8057848.0,INFY.NS
2017-05-19,,373.8410949707031,375.69478793848094,369.89954405305684,375.2264817933396,4257396.0,INFY.NS
2017-05-22,,375.2069396972656,377.3338130401853,373.2946997040268,374.01667855900126,5503052.0,INFY.NS
2017-05-23,,373.5872802734375,377.37271976497925,372.33847230048144,376.4556394358722,4039982.0,INFY.NS
2017-05-24,,372.6117248535156,376.7874161557657,370.5824144822409,374.64103522479036,5636286.0,INFY.NS
2017-05-25,,383.7338562011719,385.0216799141112,375.0312624706036,375.0312624706036,10438514.0,INFY.NS
2017-05-26,,388.5730285644531,390.25110354589305,382.6802226094879,385.17783919979644,4988004.0,INFY.NS
2017-05-29,,384.4559020996094,388.96329779177955,380.76802423545627,386.69984604955505,6308434.0,INFY.NS
2017-05-30,,388.7681579589844,390.2511074033095,381.91925578786373,383.22658747004994,3716910.0,INFY.NS
2017-05-31,,381.2948303222656,387.7339734356377,380.436273143342,387.7339734356377,7763900.0,INFY.NS
2017-06-01,,384.9005432128906,388.18927054445624,379.8089373332759,384.0684398405302,5508606.0,INFY.NS
2017-06-02,,384.12786865234375,386.5052653029117,382.0476465830968,385.69299295079355,3917966.0,INFY.NS
2017-06-05,,379.8882141113281,385.13829894780804,379.2146134841609,384.3458333121129,5462698.0,INFY.NS
2017-06-06,,388.0506591796875,391.2799668072446,382.1269970041926,382.3647270572061,7008686.0,INFY.NS
2017-06-07,,380.8985900878906,391.83463000138835,374.4400002120643,390.2893123903528,12455046.0,INFY.NS
2017-06-08,,378.9768981933594,381.55241160944746,375.68817051425805,381.55241160944746,6195352.0,INFY.NS
2017-06-09,,375.866455078125,376.797616744589,365.7229042440346,371.8843199499976,14757662.0,INFY.NS
2017-06-12,,381.9089660644531,382.44389484296727,372.4984372749319,373.78619384612955,8591676.0,INFY.NS
2017-06-13,,379.51171875,381.55232706269067,377.05507089141804,377.80792278141377,4937794.0,INFY.NS
2017-06-14,,379.8287353515625,381.13632288015486,376.8966272736963,380.3834709203065,7438110.0,INFY.NS
2017-06-15,,377.2532043457031,383.5335081558408,376.2626224372393,380.24478105656675,5528062.0,INFY.NS
2017-06-16,,372.5578918457031,377.9466482758546,370.87390243826445,376.0645424675408,10948450.0,INFY.NS
2017-06-19,,368.43701171875,372.5578419790344,367.70399080727884,372.4389769912455,6855860.0,INFY.NS
2017-06-20,,373.8654479980469,375.1928423686246,370.1012364544813,370.47766244566395,5184396.0,INFY.NS
2017-06-21,,373.7861328125,376.0248573905304,370.8936387463212,374.4399264847748,3735864.0,INFY.NS
2017-06-22,,372.518310546875,383.8307531811227,370.5173153771894,375.5098636227143,9465242.0,INFY.NS
2017-06-23,,373.74658203125,376.08436518381484,371.66635986781074,374.43998941906307,6403018.0,INFY.NS
2017-06-27,,367.32757568359375,375.6286568506096,366.02001241112936,374.4399585694368,6904660.0,INFY.NS
2017-06-28,,366.396484375,369.6852118623511,364.93041814064884,369.60596046349644,5905224.0,INFY.NS
2017-06-29,,368.5757751464844,375.60890772334574,367.14932247957125,368.5757751464844,15914040.0,INFY.NS
2017-06-30,,370.69561767578125,371.6663929419337,368.10029748726697,368.81351174137376,4216700.0,INFY.NS
2017-07-03,,377.17401123046875,378.40232323433105,370.31916445703433,372.894677651823,5088924.0,INFY.NS
2017-07-04,,381.2354431152344,384.3458612880876,376.18347431995284,377.9466911404108,5167726.0,INFY.NS
2017-07-05,,376.77777099609375,379.9872469326128,374.5984906435084,379.9872469326128,4226228.0,INFY.NS
2017-07-06,,375.23248291015625,379.1948111351843,374.12303584397483,374.44001726515063,3829720.0,INFY.NS
2017-07-07,,370.63623046875,374.6183659130763,369.7050687283478,373.9843788205213,5776886.0,INFY.NS
2017-07-10,,379.2145690917969,380.30420921332,372.4588051751793,373.7267548806866,1464376.0,INFY.NS
2017-07-11,,386.46563720703125,392.072340788882,379.05610347424215,379.05610347424215,11539708.0,INFY.NS
2017-07-12,,385.27691650390625,388.90245595029864,383.8504882341842,386.30713619570867,6275976.0,INFY.NS
2017-07-13,,387.1392822265625,389.6751820155686,382.0080622344513,387.21853362949383,5170392.0,INFY.NS
2017-07-14,,385.1581115722656,398.9470090049072,382.7807146292539,396.01490061900546,22478180.0,INFY.NS
2017-07-17,,389.91290283203125,393.06295859713106,385.93076781613473,386.3270006373012,7698250.0,INFY.NS
2017-07-18,,390.52703857421875,398.13471318210736,388.74399097162603,390.7053481713042,8260180.0,INFY.NS
2017-07-19,,388.24871826171875,391.7355864183638,383.9892154548552,388.88270528298693,5890278.0,INFY.NS
2017-07-20,,384.12786865234375,388.24867500285063,383.1372867146071,388.0307518133744,6809740.0,INFY.NS
2017-07-21,,388.3477478027344,389.3185229750539,384.90054187706176,385.53450466740543,5980754.0,INFY.NS
2017-07-24,,392.4884033203125,393.85541134541006,389.33834765833933,389.69496685936696,6129176.0,INFY.NS
2017-07-25,,393.79595947265625,395.83656807079774,390.76479305646654,392.2704728629527,7145614.0,INFY.NS
2017-07-26,,393.8752136230469,395.8365708378987,392.42897840023386,395.47995164096886,6870024.0,INFY.NS
2017-07-27,,384.7618103027344,397.81768436241,383.07782110100106,394.6478223356179,12676852.0,INFY.NS
2017-07-28,,395.1828308105469,397.4215561293961,381.2948739900105,386.72326897536453,11098428.0,INFY.NS
2017-07-31,,400.67059326171875,404.8310374651022,390.9826969227284,393.02330541994456,19158248.0,INFY.NS
2017-08-01,,398.431884765625,402.96875513469524,395.5790037862523,400.5913583492398,7689398.0,INFY.NS
2017-08-02,,393.5978088378906,401.2847341798604,391.16099183495777,398.6101630066054,4257584.0,INFY.NS
2017-08-03,,389.89306640625,395.7375000744331,388.40719343976275,392.66669594369284,4640348.0,INFY.NS
2017-08-04,,389.7940368652344,391.8742591712496,386.74303931291894,391.4780263510562,5349018.0,INFY.NS
2017-08-07,,383.6523742675781,389.7939821179757,382.6419855548223,389.69492392684026,6073744.0,INFY.NS
2017-08-08,,381.9089660644531,384.44486560138677,378.4221223392671,383.75145821689574,6004648.0,INFY.NS
2017-08-09,,384.0882873535156,385.8911660926553,382.18637459016645,383.41471088409304,3922410.0,INFY.NS
2017-08-10,,388.80340576171875,391.2798605754877,384.0882261226511,384.30617349356606,9140684.0,INFY.NS
2017-08-11,,391.359130859375,395.04409096333023,384.18730286199985,386.72320238737245,6544156.0,INFY.NS
2017-08-14,,388.8827209472656,391.95352542009243,387.1789245927173,391.4780411810217,3816470.0,INFY.NS
2017-08-16,,386.4062805175781,390.72520407612996,383.9496320084578,389.10065906326685,6178080.0,INFY.NS
2017-08-17,,404.4942626953125,407.8226280411006,395.46015927920024,398.2139822019005,25784260.0,INFY.NS
2017-08-18,,365.8218994140625,403.3253402055488,350.34901481452846,403.3253402055488,164404960.0,INFY.NS
2017-08-21,,346.0697021484375,366.11907012445886,344.72250109121126,366.11907012445886,90407176.0,INFY.NS
2017-08-22,,346.8622131347656,355.44063900003846,340.76021815919256,354.707617971837,49242598.0,INFY.NS
2017-08-23,,353.7566833496094,358.0756310846789,346.2678970013043,348.68490771064495,61284190.0,INFY.NS
2017-08-24,,361.423828125,363.8408389990114,357.5407265863599,360.5719177665128,42380524.0,INFY.NS
2017-08-28,,372.8551330566406,377.9863535928125,371.6664344390318,374.02402486744967,40712108.0,INFY.NS
2017-08-29,,367.48614501953125,373.2513278905686,366.7332929647825,373.03340466970957,13369392.0,INFY.NS
2017-08-30,,367.1691589355469,372.0626246769744,366.15874587905415,371.34941042496325,16149664.0,INFY.NS
2017-08-31,,362.533203125,368.0804622932982,361.72093072646817,368.0210176999856,15022452.0,INFY.NS
2017-09-01,,364.514404296875,366.87199452071974,360.5718827204131,362.92947294425784,8433922.0,INFY.NS
2017-09-04,,356.68878173828125,364.9700329879005,354.0340170644856,364.9304193804043,10177108.0,INFY.NS
2017-09-05,,357.36236572265625,358.59067770744946,355.51987356133594,357.40197932830876,9783392.0,INFY.NS
2017-09-06,,354.8660888671875,356.7283878790271,352.6471948429517,356.609522874895,7735910.0,INFY.NS
2017-09-07,,354.9255676269531,356.80767362330033,353.57836629275647,356.60955720263223,6241192.0,INFY.NS
2017-09-08,,350.388671875,356.2132990658508,349.51695484913597,356.2132990658508,8604542.0,INFY.NS
2017-09-11,,348.1697998046875,353.3604403120732,346.1688288083655,352.805728849007,13787642.0,INFY.NS
2017-09-12,,350.2895812988281,351.75564740900046,348.2093592217825,349.695232133958,17241354.0,INFY.NS
2017-09-13,,350.1707458496094,351.69623249450956,349.0811056220717,350.86415326713336,11478228.0,INFY.NS
2017-09-14,,353.59814453125,355.2623028692912,349.31881113591606,350.4678958780205,13698006.0,INFY.NS
2017-09-15,,359.87847900390625,361.85964321532333,353.51894672208425,353.5585603326592,13459460.0,INFY.NS
2017-09-18,,360.2152099609375,363.64263317527707,359.1057630158067,360.57182913593255,8475860.0,INFY.NS
2017-09-19,,361.4634094238281,362.949282578489,357.9963720629528,359.77941984854584,6033330.0,INFY.NS
2017-09-20,,361.6416931152344,363.34548937361694,359.56147084782816,363.34548937361694,5767830.0,INFY.NS
2017-09-21,,360.3935546875,362.6520865863776,359.838843252914,362.5530283819017,8204152.0,INFY.NS
2017-09-22,,355.9359130859375,360.67089979872594,351.85472015519764,359.83882060714626,17604088.0,INFY.NS
2017-09-25,,354.76702880859375,357.3821798064603,352.29057380159753,357.00575380857066,9088700.0,INFY.NS
2017-09-26,,358.947265625,359.9378475213223,354.3509511155875,355.4207844004413,7366478.0,INFY.NS
2017-09-27,,356.53033447265625,359.7398352560946,354.6680351317677,359.02659673701805,6000138.0,INFY.NS
2017-09-28,,355.0246276855469,358.15487682205276,354.3510270149418,355.0642412962334,17537266.0,INFY.NS
2017-09-29,,356.5699157714844,357.5604977975368,354.628365326769,355.8170637580319,5705832.0,INFY.NS
2017-10-03,,358.0161437988281,361.3643158161881,357.24348499726335,360.6114638179186,4947522.0,INFY.NS
2017-10-04,,356.4510192871094,358.7491888878295,355.48026826874735,357.79822048862593,4991492.0,INFY.NS
2017-10-05,,357.8179931640625,358.5708450903043,356.21325530457733,356.6094880690985,8611300.0,INFY.NS
2017-10-06,,364.5936584472656,365.32667952971855,358.17468158399487,358.1944883892251,8574308.0,INFY.NS
2017-10-09,,366.0794677734375,368.1002452372562,362.1567536564609,364.5341502887791,3504832.0,INFY.NS
2017-10-10,,370.656005859375,372.43905359533255,368.3182224874665,372.43905359533255,7143220.0,INFY.NS
2017-10-11,,368.7738037109375,371.6662977800766,367.7039705116323,370.6559091634486,5982504.0,INFY.NS
2017-10-12,,367.4267272949219,370.2201641291063,364.3559226211151,368.496560856817,10280972.0,INFY.NS
2017-10-13,,368.5361022949219,369.8833034326026,367.5257135337263,369.6059356473001,7180728.0,INFY.NS
2017-10-16,,372.0626220703125,373.2513205433806,369.6852251241763,370.85411679285306,5758750.0,INFY.NS
2017-10-17,,368.69464111328125,371.19090305669516,368.29840829102085,371.19090305669516,5625102.0,INFY.NS
2017-10-18,,366.25775146484375,368.4964762901506,365.70304009703494,368.0606299165773,7231852.0,INFY.NS
2017-10-19,,367.2880859375,369.28905721541287,366.5946783729861,368.49659142739694,1091434.0,INFY.NS
2017-10-23,,372.2607116699219,373.25129365946395,367.74364812395766,368.4965001096619,9154096.0,INFY.NS
2017-10-24,,367.1096496582031,375.09374939187904,365.1680994736774,374.8361884259689,14529328.0,INFY.NS
2017-10-25,,370.59649658203125,374.321094209641,362.65203455961597,364.1379074135887,13984134.0,INFY.NS
2017-10-26,,375.37115478515625,377.1343956824057,372.4984668215458,373.25131885807593,33659258.0,INFY.NS
2017-10-27,,374.97491455078125,379.47217150850213,374.0437771098068,378.4023380718914,8524956.0,INFY.NS
2017-10-30,,374.0833435058594,378.26361852104054,372.87483841026534,378.26361852104054,12968326.0,INFY.NS
2017-10-31,,370.36700439453125,373.64139850194556,369.62374905568805,371.63257377881683,9954988.0,INFY.NS
2017-11-01,,372.45623779296875,373.40040025464145,370.9496190452044,371.63262444854877,5633134.0,INFY.NS
2017-11-02,,370.7889404296875,372.0344021616854,369.623812082884,370.8491904685833,4686138.0,INFY.NS
2017-11-03,,372.2955322265625,373.6012684245423,368.398406977465,368.418490322307,3699086.0,INFY.NS
2017-11-06,,373.119140625,375.6502550864656,370.68846740820993,370.889349897561,5066534.0,INFY.NS
2017-11-07,,383.88641357421875,385.6943558673469,371.9740728785594,372.1347886688855,13442820.0,INFY.NS
2017-11-08,,382.6008605957031,386.4377120029328,380.67239321779743,385.794897717562,5369994.0,INFY.NS
2017-11-09,,383.4847717285156,386.8997749340603,380.97373995973277,382.88212410400774,4723232.0,INFY.NS
2017-11-10,,386.51806640625,387.4421211287449,381.6768023960066,385.2123299770005,6589428.0,INFY.NS
2017-11-13,,382.4602966308594,389.47110261786725,381.41569264472236,386.5181143828717,5021216.0,INFY.NS
2017-11-14,,381.315185546875,383.62533450198475,378.9648698969148,382.4602306116131,5733710.0,INFY.NS
2017-11-15,,382.39990234375,383.08290771282896,379.4670228995983,379.7281799448247,7023516.0,INFY.NS
2017-11-16,,397.1044921875,400.11772935650134,381.07406063969836,382.3998800897015,15687502.0,INFY.NS
2017-11-17,,390.0937194824219,395.9393951456637,387.76348745948906,395.9393951456637,8057670.0,INFY.NS
2017-11-20,,385.9154052734375,390.1138548567381,384.58958554234044,389.3103247746439,5661190.0,INFY.NS
2017-11-21,,388.2054443359375,390.31471065703835,385.71449634761274,386.21670261454153,5364656.0,INFY.NS
2017-11-22,,388.2255554199219,390.13393937060005,387.0202602931777,388.34608002823785,6084920.0,INFY.NS
2017-11-23,,398.24951171875,399.53516447934953,389.3102414683165,390.3146538560057,11894618.0,INFY.NS
2017-11-24,,405.6018981933594,409.51910740063266,397.8277543445647,398.1089947817531,18619912.0,INFY.NS
2017-11-27,,401.2628173828125,404.4568542252867,399.07319309949423,404.4568542252867,6017730.0,INFY.NS
2017-11-28,,395.6180725097656,401.72490652715595,394.2520614520804,399.51519862441427,4616868.0,INFY.NS
2017-11-29,,394.814453125,398.5307792123521,393.85020735848514,396.8031946923191,3838070.0,INFY.NS
2017-11-30,,392.1628112792969,397.52638880512046,389.04913249286915,397.52638880512046,17266944.0,INFY.NS
2017-12-01,,385.2123107910156,395.01538745722826,384.5092219795149,393.4886852280422,4085000.0,INFY.NS
2017-12-04,,395.879150390625,400.4793647477486,389.1295029974757,393.7297173545993,17811606.0,INFY.NS
2017-12-05,,395.47735595703125,402.9702827886869,393.3279230808819,395.8791209448564,9976738.0,INFY.NS
2017-12-06,,397.867919921875,399.3946221914433,395.33680503788116,395.7385700836514,7490094.0,INFY.NS
2017-12-07,,401.68463134765625,402.93011752740415,395.97956359595037,397.3455743681155,7549544.0,INFY.NS
2017-12-08,,402.5082702636719,404.5773698985824,399.7561897210422,402.1667798098123,5983244.0,INFY.NS
2017-12-11,,403.8943786621094,404.5372174214453,399.33435539266077,399.73612042157396,5139098.0,INFY.NS
2017-12-12,,405.9835205078125,407.38969796627595,402.56851810868693,402.56851810868693,9320434.0,INFY.NS
2017-12-13,,403.2716979980469,409.3986154520645,400.82094082515755,406.14432812127126,5362398.0,INFY.NS
2017-12-14,,407.0281066894531,407.79146998878826,401.48375466194375,403.8742612869255,6023572.0,INFY.NS
2017-12-15,,410.96539306640625,412.3715704458196,406.52587057968555,406.9879100987792,10384134.0,INFY.NS
2017-12-18,,408.4342956542969,414.09917243522136,404.0952384899941,406.5460197418487,4035448.0,INFY.NS
2017-12-19,,403.3520202636719,408.97673087180016,401.58424426382896,408.7758483500813,7118898.0,INFY.NS
2017-12-20,,408.1330261230469,409.237880037318,402.16682479469995,403.814051730896,4186326.0,INFY.NS
2017-12-21,,410.6239013671875,413.396065073246,401.12217410743943,407.7111052021577,11059162.0,INFY.NS
2017-12-22,,417.5744323730469,419.7640809937773,408.1932296691881,408.1932296691881,12906940.0,INFY.NS
2017-12-26,,416.06781005859375,418.43823328679275,411.0055810392597,413.8179359437317,10808906.0,INFY.NS
2017-12-27,,415.5254211425781,417.4739714426776,412.7733409006994,413.0143900745181,6970172.0,INFY.NS
2017-12-28,,415.1236267089844,417.8355400700157,411.3269430991833,413.8178906462656,8433472.0,INFY.NS
2017-12-29,,418.6592712402344,421.3711852064106,413.81798298688665,413.85814968137265,6601768.0,INFY.NS
2018-01-01,,415.24420166015625,419.64350843561266,413.8179164085027,416.91148703995174,5431340.0,INFY.NS
2018-01-02,,413.6973571777344,418.63908577309974,411.00555157954034,416.7307022247099,6112248.0,INFY.NS
2018-01-03,,410.3226013183594,414.4607760322271,409.23783088301013,413.2153143053607,6846552.0,INFY.NS
2018-01-04,,407.95220947265625,410.2020837668729,405.62195274861466,410.2020837668729,8947614.0,INFY.NS
2018-01-05,,406.586181640625,412.37160747268575,404.175591630898,407.91200124161696,11025976.0,INFY.NS
2018-01-08,,416.2486572265625,417.43384438577914,409.8203925602368,411.7689675671232,5594690.0,INFY.NS
2018-01-09,,418.3779296875,419.80421490747585,413.375975572056,417.83555680228875,9948236.0,INFY.NS
2018-01-10,,422.7572021484375,424.2638208303635,415.0433341144071,420.56760261480247,9468634.0,INFY.NS
2018-01-11,,432.2188415527344,435.2722459908186,423.9625505179648,423.9625505179648,16775298.0,INFY.NS
2018-01-12,,433.283447265625,436.2766259599619,430.1095429812005,436.23645926843363,18016528.0,INFY.NS
2018-01-15,,434.36822509765625,439.10902251367736,427.91987744490405,433.9061855543227,10649250.0,INFY.NS
2018-01-16,,451.1217956542969,455.92291656664565,434.4083823813349,434.4083823813349,22646966.0,INFY.NS
2018-01-17,,462.87347412109375,466.77062427818566,451.18212173698186,451.9253772223112,26154088.0,INFY.NS
2018-01-18,,463.11444091796875,468.01600276237576,454.83809270896046,460.02087040255986,13204970.0,INFY.NS
2018-01-19,,459.39813232421875,461.1860158551698,456.40500293472655,460.0208876410756,5988278.0,INFY.NS
2018-01-22,,462.02984619140625,464.8220939053012,454.7980746858016,454.8583492570662,9650214.0,INFY.NS
2018-01-23,,472.9176025390625,477.29685113343083,464.0386052686133,464.0386052686133,15403796.0,INFY.NS
2018-01-24,,476.4129943847656,490.5752117574663,469.06067468448356,471.9935790344193,20604718.0,INFY.NS
2018-01-25,,472.234619140625,475.44873933345747,466.9513992649403,474.8862584909954,13548914.0,INFY.NS
2018-01-29,,475.247802734375,480.6113553870322,468.1365331909037,468.67895514657783,10823002.0,INFY.NS
2018-01-30,,470.3262634277344,475.3282186597915,467.13220186877584,473.6408250749875,8628312.0,INFY.NS
2018-01-31,,462.130126953125,468.6989739804754,458.87584071461464,465.70584476434567,9213698.0,INFY.NS
2018-02-01,,459.8601989746094,465.2036929733251,449.39425038327795,458.89595318731614,13005454.0,INFY.NS
2018-02-02,,459.3178405761719,467.21253270924535,454.0346209676951,456.1037205458991,10244486.0,INFY.NS
2018-02-05,,457.2889404296875,463.97833803034274,456.34480241191426,458.0121371057087,9860220.0,INFY.NS
2018-02-06,,445.0552062988281,453.33155600241673,439.992976794193,441.92141948741573,10552078.0,INFY.NS
2018-02-07,,445.5774841308594,451.9052827567883,443.3677766741858,448.36973120867935,8342056.0,INFY.NS
2018-02-08,,455.70184326171875,460.58329666366996,448.5906240643056,451.1016547192633,8807244.0,INFY.NS
2018-02-09,,445.6176452636719,450.09733467868296,444.35207574555443,449.173255590895,4382690.0,INFY.NS
2018-02-12,,443.0664978027344,450.2178859606418,441.05767263867335,447.88767819648086,6291972.0,INFY.NS
2018-02-14,,441.03753662109375,448.89206212870323,438.0041911995267,444.3520979302479,8345712.0,INFY.NS
2018-02-15,,447.7469482421875,453.8738639942259,443.14675898349697,443.14675898349697,7986736.0,INFY.NS
2018-02-16,,453.21099853515625,458.6749923728052,449.21340761773695,451.9855957470339,9889222.0,INFY.NS
2018-02-19,,454.69757080078125,456.4050721711398,450.09738084395406,453.3516677646269,6461840.0,INFY.NS
2018-02-20,,456.78668212890625,461.82885233072227,443.4481041844582,443.4481041844582,7188594.0,INFY.NS
2018-02-21,,460.98516845703125,462.79311094780815,458.01209766348234,461.0253351481105,13771358.0,INFY.NS
2018-02-22,,466.3487854003906,467.6545218230064,458.19293520477163,460.2419762105141,17859974.0,INFY.NS
2018-02-23,,464.2997741699219,468.45803248835307,460.7240555368944,467.45361989725455,9459828.0,INFY.NS
2018-02-26,,457.4496765136719,464.0587410179921,455.7421750497072,462.43157294666224,5083608.0,INFY.NS
2018-02-27,,462.1101379394531,463.49625677924627,452.2468354511356,460.0008714404324,6616026.0,INFY.NS
2018-02-28,,471.10955810546875,477.8993953896646,459.03655110331465,461.06543462102854,17268416.0,INFY.NS
2018-03-01,,466.3487854003906,469.90439631171955,464.4605092681959,469.90439631171955,6579852.0,INFY.NS
2018-03-05,,464.4001770019531,470.3864853582763,459.31783990281895,466.34872745873355,8101456.0,INFY.NS
2018-03-06,,462.572021484375,468.2168381137169,459.4583434173046,467.0718179235725,6689734.0,INFY.NS
2018-03-07,,459.6593322753906,466.047405661711,457.2286834220097,464.0385806373071,6370416.0,INFY.NS
2018-03-08,,464.70147705078125,468.37763645121834,461.6279651243969,461.6279651243969,6093014.0,INFY.NS
2018-03-09,,467.4133605957031,468.4579396747709,464.25951549322843,466.9914877735922,4220964.0,INFY.NS
2018-03-12,,476.3929138183594,478.84367084438145,470.7682030501055,472.4757045333255,7676970.0,INFY.NS
2018-03-13,,475.6094055175781,480.91268366487276,472.1341286130389,474.1630123468824,8581052.0,INFY.NS
2018-03-14,,474.4041748046875,478.34144273696813,469.70349445061487,474.0827431579944,4429710.0,INFY.NS
2018-03-15,,475.08709716796875,477.4575204001861,470.8685648041094,474.0826847003832,6101500.0,INFY.NS
2018-03-16,,470.8284912109375,475.0470244089265,469.76380397606096,474.88630857361903,17954826.0,INFY.NS
2018-03-19,,460.7239685058594,474.283535924279,459.07674197633656,467.65441407527385,7526620.0,INFY.NS
2018-03-20,,467.87542724609375,470.0650267704571,461.467246386624,461.467246386624,8553766.0,INFY.NS
2018-03-21,,469.0605773925781,472.2746969807071,466.9312035480135,470.0649897638684,7692994.0,INFY.NS
2018-03-22,,466.5696716308594,473.05813655514623,464.1590818503715,467.85529989635637,6813168.0,INFY.NS
2018-03-23,,469.1007995605469,471.59177196210464,458.9562334106891,460.8244504509628,12008084.0,INFY.NS
2018-03-26,,464.1391296386719,468.81970284084656,459.6192722844758,468.81970284084656,8930722.0,INFY.NS
2018-03-27,,463.6367492675781,466.56965300082464,462.06985616411185,466.04733895181164,3802088.0,INFY.NS
2018-03-28,,454.7176208496094,462.33104755074197,452.4878056085363,462.33104755074197,12558322.0,INFY.NS
2018-04-02,,456.8670959472656,461.84899193469,450.4991302775524,458.41388144403544,8072702.0,INFY.NS
2018-04-03,,458.19281005859375,459.4383206179249,453.23102281658356,455.8826616341673,4077168.0,INFY.NS
2018-04-04,,451.6641540527344,459.84011032565496,449.9767608171002,459.61911997746665,4813302.0,INFY.NS
2018-04-05,,461.0454406738281,462.55205940849027,453.63284707314347,457.831320706549,7763544.0,INFY.NS
2018-04-06,,452.7891845703125,460.42272006883593,450.82052613302943,459.21742499012174,5937742.0,INFY.NS
2018-04-09,,446.46136474609375,452.3070652247682,444.5730888275918,451.9856336012198,7202882.0,INFY.NS
2018-04-10,,447.3251953125,451.7847773477676,444.1110750645835,446.762714460398,8926058.0,INFY.NS
2018-04-11,,451.684326171875,454.5971225825898,448.57064725007643,449.1732947833278,9025574.0,INFY.NS
2018-04-12,,467.0918884277344,471.1698121940433,451.9855371718599,453.773371457023,17044366.0,INFY.NS
2018-04-13,,470.6475524902344,476.4530857082236,462.1301547798379,471.6720727768135,21227038.0,INFY.NS
2018-04-16,,455.2801208496094,458.01214272187514,442.7450712978126,442.7450712978126,24745084.0,INFY.NS
2018-04-17,,452.0660705566406,452.9499832021191,447.96808615721295,452.78926735352377,10397940.0,INFY.NS
2018-04-18,,452.3672790527344,455.9028306460951,447.50593239454753,451.12181736992966,10430380.0,INFY.NS
2018-04-19,,455.1395263671875,457.9318228864423,451.22231713585495,451.5839154890027,8525542.0,INFY.NS
2018-04-20,,473.4598693847656,479.5867846610043,456.7866245346735,457.61026227120294,24272692.0,INFY.NS
2018-04-23,,477.1763000488281,487.90345563064733,464.13904461938876,469.26154868248955,21830638.0,INFY.NS
2018-04-24,,463.83770751953125,480.67167137334775,462.0699316535731,476.0915404163227,8526216.0,INFY.NS
2018-04-25,,466.1880798339844,470.466887552552,460.1013293366068,462.8333513753543,11594178.0,INFY.NS
2018-04-26,,472.656494140625,474.7457019182092,466.04747839631904,471.6721893424815,11302084.0,INFY.NS
2018-04-27,,476.1719055175781,478.7432115808208,471.7524900801117,474.0827469282094,7663370.0,INFY.NS
2018-04-30,,481.9171447753906,485.31203960010214,474.34388390547747,474.76570775320425,5511678.0,INFY.NS
2018-05-02,,480.93280029296875,482.7608015690264,474.4844525941355,481.67605571481977,10295042.0,INFY.NS
2018-05-03,,475.1072998046875,484.0063568077337,472.5158856952593,481.0132266747183,5332230.0,INFY.NS
2018-05-04,,471.3106384277344,476.49341813011085,464.03869978101017,476.0916530220754,6023368.0,INFY.NS
2018-05-07,,475.2879333496094,478.10028798481414,472.27469624046137,474.58484469080815,4638960.0,INFY.NS
2018-05-08,,468.2772521972656,473.23904052879266,466.4693095550716,473.23904052879266,5718556.0,INFY.NS
2018-05-09,,470.3462829589844,472.8372554755692,467.2527119641006,469.0606545297399,3783504.0,INFY.NS
2018-05-10,,469.2615661621094,475.2880417549447,467.1924663998525,472.4756864782882,3182862.0,INFY.NS
2018-05-11,,474.3841552734375,475.3684601789053,468.47822775344537,470.98925969963125,3311706.0,INFY.NS
2018-05-14,,477.8190612792969,478.7029245271302,470.06497834388784,475.8302954063144,4432094.0,INFY.NS
2018-05-15,,479.9284362792969,485.3321563162123,477.33702240924026,477.33702240924026,5611974.0,INFY.NS
2018-05-16,,478.0802307128906,481.3144585030678,475.8906311326242,476.9954848562331,6205004.0,INFY.NS
2018-05-17,,475.247802734375,481.09345374365756,471.4913099952376,480.51091414243723,9519598.0,INFY.NS
2018-05-18,,475.36822509765625,476.71417679007993,471.27024260547086,475.2878917325422,7139660.0,INFY.NS
2018-05-21,,473.8817443847656,477.4574621417838,470.0649774736548,473.9018522490948,8475320.0,INFY.NS
2018-05-22,,479.6471862792969,481.3145210147343,471.63199329719475,472.0739250353195,5636804.0,INFY.NS
2018-05-23,,476.05133056640625,485.1914837837558,474.68531983729594,480.1091470212176,9538442.0,INFY.NS
2018-05-24,,490.5550231933594,493.1866033365195,481.31442898087187,481.31442898087187,9740570.0,INFY.NS
2018-05-25,,493.4879150390625,501.66382208439825,490.474677869265,494.2110625336697,8901438.0,INFY.NS
2018-05-28,,487.9034423828125,495.21554601377323,484.5286064594534,494.57273180065266,5739794.0,INFY.NS
2018-05-29,,488.8274841308594,492.7849088444138,484.60895138707946,487.76284605419954,3388934.0,INFY.NS
2018-05-30,,486.81866455078125,493.6687778919644,484.36790769000356,488.9480388154797,6323066.0,INFY.NS
2018-05-31,,494.8940124511719,498.9919947227732,486.23595943094705,486.8184989055884,19720340.0,INFY.NS
2018-06-01,,490.47479248046875,500.6996933818455,489.02839906612246,494.3317271503601,4998356.0,INFY.NS
2018-06-04,,497.94757080078125,499.3939150501346,486.939199550091,490.5952513881618,4270156.0,INFY.NS
2018-06-05,,490.4947814941406,498.992120897856,488.9479960810715,498.992120897856,4710862.0,INFY.NS
2018-06-06,,497.1640625,498.8113381780972,490.173390975766,492.242441419602,4038184.0,INFY.NS
2018-06-07,,503.1905822753906,505.4203977653174,497.3850973238974,497.3850973238974,6676226.0,INFY.NS
2018-06-08,,506.2439880371094,507.02741013899,500.61927825743754,501.40270035931815,6459878.0,INFY.NS
2018-06-11,,507.1881103515625,510.2415143293854,504.23514761671777,508.45367982180323,5171290.0,INFY.NS
2018-06-12,,505.6212463378906,510.7437500254616,502.3870185098752,508.5340425523918,7839820.0,INFY.NS
2018-06-13,,512.1701049804688,515.8663238203142,508.9559845828344,508.9559845828344,5766928.0,INFY.NS
2018-06-14,,510.276611328125,515.7510842762757,507.971588598382,515.7510842762757,7598848.0,INFY.NS
2018-06-15,,527.379150390625,531.59818359375,508.34204935213415,509.1652753429878,19957760.0,INFY.NS
2018-06-18,,521.6782836914062,531.4952428914078,519.5996181126897,528.511048884854,8214846.0,INFY.NS
2018-06-19,,511.0587463378906,520.0319308121805,509.59755017639515,519.8672755451256,7545700.0,INFY.NS
2018-06-20,,511.69671630859375,515.4835358495953,509.57689928745265,513.8988358322978,5371802.0,INFY.NS
2018-06-21,,513.0960693359375,517.1915975027954,508.75353323792683,512.8490614047846,5798790.0,INFY.NS
2018-06-22,,513.6312255859375,516.7800748005334,510.8939893341457,511.6349127654823,4343118.0,INFY.NS
2018-06-25,,523.7567749023438,526.3705568162724,516.1625375698754,517.4591281559756,7731178.0,INFY.NS
2018-06-26,,525.9795532226562,528.4698314559311,521.2048534592608,522.3367889751644,4483504.0,INFY.NS
2018-06-27,,522.7484130859375,532.400716048174,520.9373061725591,528.4903932731218,6952142.0,INFY.NS
2018-06-28,,530.816162109375,534.2737216669981,525.3211381182638,525.3417388683928,10996818.0,INFY.NS
2018-06-29,,538.0604248046875,541.2710258930641,528.2023148116156,534.2942065321225,9966600.0,INFY.NS
2018-07-02,,549.3798217773438,551.5613906595859,540.8594532288774,540.8594532288774,4830144.0,INFY.NS
2018-07-03,,557.2210083007812,558.9292120226477,548.1655237706855,548.2272757598072,8127452.0,INFY.NS
2018-07-04,,553.7018432617188,556.7683905679689,551.0881104976509,556.5214327922448,5025722.0,INFY.NS
2018-07-05,,528.510986328125,554.5455033727153,521.966330887535,554.4837513859165,17019902.0,INFY.NS
2018-07-06,,528.6138916015625,535.8582689319693,522.3367945823499,531.0835691173182,11215356.0,INFY.NS
2018-07-09,,534.6234741210938,536.3316779257191,526.4735677965934,533.8620002069514,6644998.0,INFY.NS
2018-07-10,,535.6729736328125,541.4561040342962,532.7505324437155,538.5954148219095,5974488.0,INFY.NS
2018-07-11,,543.5143432617188,552.4257743921196,531.536415506497,542.3207058076921,11899832.0,INFY.NS
2018-07-12,,532.771240234375,546.2515650667506,528.696261762619,545.8399520947696,13272240.0,INFY.NS
2018-07-13,,542.2588500976562,548.1037332396074,534.4176041735583,541.2709690783321,19496158.0,INFY.NS
2018-07-16,,548.6182861328125,569.8369528666404,530.0339522118036,542.2588864344154,35344680.0,INFY.NS
2018-07-17,,546.580810546875,555.4716396352801,540.3242639693173,547.3216836609065,11161690.0,INFY.NS
2018-07-18,,544.3787841796875,552.9609050375756,540.8594729900234,551.4791083114059,6919016.0,INFY.NS
2018-07-19,,541.970703125,548.2272495578361,538.8424550314404,544.5638845784221,5118864.0,INFY.NS
2018-07-20,,554.8954467773438,562.7366941232746,543.8642490908273,545.7988099932676,11705738.0,INFY.NS
2018-07-23,,558.1266479492188,563.0866048814443,550.0178916468055,556.5625486386524,7675702.0,INFY.NS
2018-07-24,,566.8529663085938,569.0139349905544,558.1473395692619,565.7210303323287,6172246.0,INFY.NS
2018-07-25,,569.5694580078125,573.7061885328258,562.0369204160859,567.6142963633412,6936922.0,INFY.NS
2018-07-26,,565.24755859375,572.3067316721202,563.5805058267497,567.4291276165246,7362218.0,INFY.NS
2018-07-27,,565.3298950195312,571.7304977237301,563.2101281151246,565.2269917622016,6493232.0,INFY.NS
2018-07-30,,556.0889892578125,565.1444724285541,554.8541506436204,563.909633814362,6409970.0,INFY.NS
2018-07-31,,561.8929443359375,563.9098582576843,549.72980929249,555.0807787504096,7943996.0,INFY.NS
2018-08-01,,557.3446655273438,563.2718531983975,556.0892256376405,561.3578927293919,4675706.0,INFY.NS
2018-08-02,,557.179931640625,562.5720517380083,555.7392861816288,559.6290088226281,5940742.0,INFY.NS
2018-08-03,,561.481201171875,562.3455782963723,558.1471464084025,562.3455782963723,3970390.0,INFY.NS
2018-08-06,,560.0612182617188,565.9678545491411,554.6484974581582,562.2839384305478,6178930.0,INFY.NS
2018-08-07,,563.0659790039062,568.0053349666434,560.0612342740108,565.5562577334105,7351528.0,INFY.NS
2018-08-08,,560.9255981445312,564.9388247685703,557.0358755149069,564.650715775904,3992358.0,INFY.NS
2018-08-09,,568.0052490234375,571.9155719022783,565.4121176827958,565.4121176827958,6409524.0,INFY.NS
2018-08-10,,570.26904296875,571.7302887871174,565.1650834670047,570.413147672934,4779520.0,INFY.NS
2018-08-13,,579.8597412109375,580.3125054051523,567.4907520099773,572.1419984264086,9979746.0,INFY.NS
2018-08-14,,579.6744995117188,586.363209509921,577.9045438446765,582.0000723299038,6151320.0,INFY.NS
2018-08-16,,588.4213256835938,590.6234449652745,580.8887884350049,582.4117362851372,6626774.0,INFY.NS
2018-08-17,,588.7506713867188,591.7554665222267,585.725325747709,588.9770786453489,6390408.0,INFY.NS
2018-08-20,,569.7752075195312,579.5304140191937,565.3503684508406,571.3187560318652,16101876.0,INFY.NS
2018-08-21,,569.6517944335938,574.6117512095894,565.4533619084337,572.1420731957946,8361482.0,INFY.NS
2018-08-23,,575.1879272460938,576.875530235813,570.2279712652931,573.376820277194,7717182.0,INFY.NS
2018-08-24,,567.3260498046875,577.040103675643,566.4204713257253,574.8173840854611,7053000.0,INFY.NS
2018-08-27,,582.596923828125,584.4697324242971,568.6020848649447,569.2606554728923,7012950.0,INFY.NS
2018-08-28,,586.4249267578125,592.0640540989892,580.9916561292802,583.3378297539374,6496890.0,INFY.NS
2018-08-29,,580.4154663085938,590.0883715595737,578.3780021093374,590.0883715595737,5646496.0,INFY.NS
2018-08-30,,582.92626953125,585.1284391230545,574.673459608728,581.5268256261907,11507962.0,INFY.NS
2018-08-31,,593.175537109375,598.6088593409808,584.9432763757892,586.5897285225063,10875864.0,INFY.NS
2018-09-03,,590.3558349609375,604.2066198725079,588.6064800377484,596.4271255767114,10976328.0,INFY.NS
2018-09-04,,606.8409423828125,616.1845354812011,589.4296959312492,594.3690509250864,15370124.0,INFY.NS
2018-09-05,,600.8726806640625,612.5212984779981,597.1681636445447,610.792543967181,8658978.0,INFY.NS
2018-09-06,,598.6088256835938,605.4827429113521,596.0979461044412,603.0542160823443,5598659.0,INFY.NS
2018-09-07,,603.2599487304688,605.1945598046658,595.8509153939287,604.5359388670615,6510605.0,INFY.NS
2018-09-10,,601.6546630859375,614.9497822242837,600.4610256597255,607.334942216821,5629871.0,INFY.NS
2018-09-11,,604.4949340820312,613.0976571451655,602.6015240419754,605.812126030657,6963561.0,INFY.NS
2018-09-12,,611.5745849609375,614.5381783146673,606.1001122359997,612.8094238992791,4636617.0,INFY.NS
2018-09-14,,604.0008544921875,613.3032971378863,600.1728339486758,610.7513169393595,7896514.0,INFY.NS
2018-09-17,,597.6209106445312,609.187225622406,596.5095254233248,605.0710957195519,5427054.0,INFY.NS
2018-09-18,,591.9817504882812,600.9549332891067,590.2529961209445,600.9549332891067,7729732.0,INFY.NS
2018-09-19,,592.5167236328125,598.4851102202914,587.1246051098187,598.4851102202914,4849498.0,INFY.NS
2018-09-21,,580.6212768554688,590.5823414159854,569.6723813100708,587.6598489742441,14350769.0,INFY.NS
2018-09-24,,591.2820434570312,600.913797200499,581.6091384648696,581.6091384648696,8637881.0,INFY.NS
2018-09-25,,597.82666015625,605.8942639477139,590.2529718077593,591.2820041853879,9602273.0,INFY.NS
2018-09-26,,590.9527587890625,602.4779226874019,586.1369068298329,601.9428559395581,6599606.0,INFY.NS
2018-09-27,,596.6741943359375,601.6135503325028,590.6235033384361,594.3691715866859,14592616.0,INFY.NS
2018-09-28,,600.99609375,604.7006105188461,588.7712085110974,593.5459089640209,7490031.0,INFY.NS
2018-10-01,,614.6615600585938,621.453172868709,603.4245078562989,607.1290239345435,8252398.0,INFY.NS
2018-10-03,,599.7201538085938,619.0248139700408,597.9090465207673,612.3155018284549,7792464.0,INFY.NS
2018-10-04,,582.1854248046875,600.7491606587344,578.3162526382472,599.7201281807303,6173037.0,INFY.NS
2018-10-05,,596.5096435546875,602.1899240438261,583.9142936067459,586.9602403872153,8543578.0,INFY.NS
2018-10-08,,588.15380859375,599.8847787515786,583.8730234694673,596.879983840932,7259306.0,INFY.NS
2018-10-09,,590.870361328125,594.6983816774411,578.439670933825,590.3352444205537,6777212.0,INFY.NS
2018-10-10,,576.6286010742188,592.6403551385501,572.4713202608083,592.6403551385501,8866251.0,INFY.NS
2018-10-11,,554.319091796875,570.4131969485989,546.0456822654936,563.9096928019393,10985897.0,INFY.NS
2018-10-12,,558.8057250976562,563.1276610280049,544.5639272239371,556.8300131055008,8909221.0,INFY.NS
2018-10-15,,575.2701416015625,580.374151278974,561.0283462363415,566.8732289381711,6222176.0,INFY.NS
2018-10-16,,572.3477172851562,587.7008980125221,567.5318666231135,584.4902974073512,11588963.0,INFY.NS
2018-10-17,,580.6624145507812,594.2044917296878,577.3695106894411,584.4904353878793,20360697.0,INFY.NS
2018-10-19,,562.716064453125,566.1324721005097,558.1471706715511,565.5562039105539,10421001.0,INFY.NS
2018-10-22,,559.7525024414062,572.1831943588867,554.6896426810639,566.9557296028627,6672840.0,INFY.NS
2018-10-23,,541.3534545898438,561.4401912063707,537.813592465695,556.4596834302995,9041701.0,INFY.NS
2018-10-24,,534.9322509765625,548.6801353857102,532.7507321986099,545.7988443521768,7058164.0,INFY.NS
2018-10-25,,539.8837280273438,546.2083571637642,529.4813440576454,535.0986314012825,8270469.0,INFY.NS
2018-10-26,,527.2760620117188,539.8421733636645,524.1969967359701,537.0127043723934,5464141.0,INFY.NS
2018-10-29,,536.5549926757812,541.381688926694,525.5284651023744,527.3592949335186,7137446.0,INFY.NS
2018-10-30,,548.9130249023438,552.4082363797855,530.4800293750304,533.5174952835432,8793411.0,INFY.NS
2018-10-31,,571.2156982421875,576.6665369915485,551.784015552659,552.4914081004141,11947995.0,INFY.NS
2018-11-01,,554.8215942382812,573.9619818696494,548.9130093198185,573.9619818696494,5860244.0,INFY.NS
2018-11-02,,551.118408203125,562.394584426051,549.3291775007075,554.1975246061015,6654067.0,INFY.NS
2018-11-05,,554.2389526367188,556.4026279304591,546.7492370605469,552.1584760877821,5799426.0,INFY.NS
2018-11-06,,554.6137084960938,561.7289314694585,549.787010799086,555.8203956185728,6975525.0,INFY.NS
2018-11-07,,562.1448974609375,563.8092790966472,559.2322295984455,560.0644204163004,758956.0,INFY.NS
2018-11-09,,548.829833984375,565.057554625308,545.5010707759785,565.057554625308,9694143.0,INFY.NS
2018-11-12,,552.7410278320312,562.8937636991542,551.159845314366,554.2389608107807,7118080.0,INFY.NS
2018-11-13,,553.9893798828125,555.6953607230846,546.1667666928787,552.1585501157119,4137808.0,INFY.NS
2018-11-14,,543.5869750976562,553.9893588418977,533.0181430549292,553.9893588418977,7323026.0,INFY.NS
2018-11-15,,546.25,554.2390104643116,538.1777399893142,544.2527219874771,5513390.0,INFY.NS
2018-11-16,,541.63134765625,551.3263905391143,536.097309457141,549.1627148330242,8583785.0,INFY.NS
2018-11-19,,542.3388061523438,550.910362049826,540.2999283396518,548.4137894121379,6018930.0,INFY.NS
2018-11-20,,533.7672119140625,545.9171775609119,532.6853232144567,542.3387671958451,5384830.0,INFY.NS
2018-11-21,,515.2094116210938,532.6438226827705,509.3840748038303,532.6022232926571,14359086.0,INFY.NS
2018-11-22,,516.5823974609375,522.7406292017122,513.253634529252,517.8306835603195,6632975.0,INFY.NS
2018-11-26,,517.1649169921875,522.6157558798083,499.1895675244097,516.7904210212754,15075209.0,INFY.NS
2018-11-27,,531.6867065429688,533.4342868535686,520.3688815255654,520.5353298391688,12285851.0,INFY.NS
2018-11-28,,554.5719604492188,556.485989099619,532.6021033681257,533.3926947738917,17719890.0,INFY.NS
2018-11-29,,550.11962890625,561.6455000915321,548.2471999101137,558.3999361810744,13399070.0,INFY.NS
2018-11-30,,555.44580078125,559.2322590432756,550.036560180385,550.0781595648887,10445773.0,INFY.NS
2018-12-03,,557.8590087890625,565.0574785755532,554.1974002283711,560.1891833556439,8260890.0,INFY.NS
2018-12-04,,570.2586669921875,572.7552390476075,558.6495967759067,559.6898351323317,7827923.0,INFY.NS
2018-12-05,,567.0546875,568.9271163247159,559.6481709428597,568.3861721248671,5177288.0,INFY.NS
2018-12-06,,556.3195190429688,570.4251624816944,553.0323554061258,562.6441484561432,8039771.0,INFY.NS
2018-12-07,,568.2198486328125,570.6748215673646,553.9061572041518,559.2321984590142,5553948.0,INFY.NS
2018-12-10,,556.902099609375,569.0520651051,553.5733363729686,557.4846433343254,5121196.0,INFY.NS
2018-12-11,,561.3126220703125,567.4708535117384,549.7451511278384,556.9020215588048,7120933.0,INFY.NS
2018-12-12,,564.6414184570312,566.4306488695198,558.0670912779577,563.4763311010538,6926183.0,INFY.NS
2018-12-13,,580.6611328125,582.533562119312,565.8897460587602,567.5541276648155,7521474.0,INFY.NS
2018-12-14,,587.568359375,593.9346399101785,577.8733661200324,580.411538139878,9560576.0,INFY.NS
2018-12-17,,577.8732299804688,592.3949167491317,576.5000950378173,592.3949167491317,4778465.0,INFY.NS
2018-12-18,,563.0602416992188,571.2989504496629,561.3542608185812,571.2989504496629,8021298.0,INFY.NS
2018-12-19,,553.2819213867188,558.857608779884,550.1612065166134,558.857608779884,8295459.0,INFY.NS
2018-12-20,,555.11279296875,558.857651096436,546.2499925422932,549.2458587272863,11705260.0,INFY.NS
2018-12-21,,537.7616577148438,548.8297842206083,535.4731332165774,548.8297842206083,12802132.0,INFY.NS
2018-12-24,,540.0918579101562,548.2473180251044,538.9267704110645,546.7493846640565,8379825.0,INFY.NS
2018-12-26,,535.9723510742188,538.4273235270844,530.3966638404775,538.4273235270844,6178552.0,INFY.NS
2018-12-27,,546.5829467773438,551.950587983787,540.0918682268793,543.2125839523814,15333902.0,INFY.NS
2018-12-28,,546.7077026367188,552.1585416839125,543.6701861972622,552.0336927589905,4736598.0,INFY.NS
2018-12-31,,548.3719482421875,550.9101191461433,545.7505278112744,549.2457381215326,3373319.0,INFY.NS
2019-01-01,,553.4483642578125,554.4886025376719,544.3775169331695,550.0364030170276,2943390.0,INFY.NS
2019-01-02,,556.7771606445312,560.8965146420975,550.9518259227291,554.2389892457521,7416655.0,INFY.NS
2019-01-03,,556.8605346679688,563.3932126062881,551.8257393271973,559.2322583034352,6827249.0,INFY.NS
2019-01-04,,550.11962890625,560.8133094265826,541.7561228820855,559.0240791797864,7889310.0,INFY.NS
2019-01-07,,558.9825439453125,560.5636759144103,550.4941880302582,553.406855691794,8046340.0,INFY.NS
2019-01-08,,557.6094970703125,563.7677299887621,556.3612107322134,561.6872527585969,8621545.0,INFY.NS
2019-01-09,,562.6441650390625,574.045188863342,552.5746769361488,571.0493223778338,18130292.0,INFY.NS
2019-01-10,,565.6400756835938,567.5541042931591,559.6898913698144,567.2212076684983,9572493.0,INFY.NS
2019-01-11,,568.8023071289062,570.4666884226265,559.6482100134447,566.056088152845,12281903.0,INFY.NS
2019-01-14,,584.1148071289062,591.0219813705788,579.1632611653255,588.3589603588891,19312937.0,INFY.NS
2019-01-15,,604.6697998046875,607.4992687709153,588.5253291651422,588.5253291651422,19671304.0,INFY.NS
2019-01-16,,613.1580810546875,613.9902717322299,606.2509085896629,607.4159958553774,9658944.0,INFY.NS
2019-01-17,,610.2870483398438,614.9889462569348,606.7502377558221,612.3259257762697,6903771.0,INFY.NS
2019-01-18,,608.2898559570312,612.65885751725,604.4201485436799,607.4992645637462,5902151.0,INFY.NS
2019-01-21,,619.982177734375,624.9753227899538,610.8280784658137,614.3232901632986,8129422.0,INFY.NS
2019-01-22,,620.2735595703125,623.3110771258062,610.8282117628061,616.8615966882561,6723375.0,INFY.NS
2019-01-23,,608.8724365234375,617.984885409326,606.8335588466385,617.7768377033852,7212099.0,INFY.NS
2019-01-24,,612.51220703125,615.9429243740325,603.3077886195782,609.2488018928167,7429783.0,INFY.NS
2019-01-25,,611.1317138671875,617.4493347809299,606.0274643169754,609.1653352057413,5543112.0,INFY.NS
2019-01-28,,609.1234130859375,613.0143417439323,601.6343521733907,611.675537466966,7944693.0,INFY.NS
2019-01-29,,609.08154296875,613.223490758644,599.5423971697263,607.0732856198695,6760819.0,INFY.NS
2019-01-30,,607.407958984375,614.8551396004394,603.3914446385185,609.0814896044482,5763026.0,INFY.NS
2019-01-31,,627.1974487304688,628.6617880716116,607.4916352397968,607.4916352397968,13825233.0,INFY.NS
2019-02-01,,633.4733276367188,638.0337099418737,622.9719305596393,628.703753951255,6276585.0,INFY.NS
2019-02-04,,632.5110473632812,638.0336791076966,626.9047084275192,633.4314689633131,3945391.0,INFY.NS
2019-02-05,,631.63232421875,635.8998582834913,625.063736440023,625.063736440023,4694366.0,INFY.NS
2019-02-06,,638.7029418945312,641.7571556617676,631.2138822613044,632.2180108335534,5880482.0,INFY.NS
2019-02-07,,639.288818359375,643.8492003801566,636.7785219522046,638.4938809493487,3961797.0,INFY.NS
2019-02-08,,636.69482421875,646.1920912429433,631.6742317325633,635.9417149169789,5915169.0,INFY.NS
2019-02-11,,638.28466796875,643.2634325554711,635.1049695084262,641.7154369189782,5500216.0,INFY.NS
2019-02-12,,627.9506225585938,636.2345696116539,620.0431790885888,636.2345696116539,7310690.0,INFY.NS
2019-02-14,,619.2481689453125,630.0842901253684,616.9052362482443,628.410759474305,4610535.0,INFY.NS
2019-02-15,,620.8380737304688,624.64534593265,613.0142869124298,621.1309211798269,5586389.0,INFY.NS
2019-02-18,,620.0849609375,625.6076429667727,615.8593060762618,621.1727456930507,5346825.0,INFY.NS
2019-02-19,,606.0692138671875,619.6666526236781,603.5589174813739,618.4533324894461,9401334.0,INFY.NS
2019-02-20,,619.7921142578125,621.7166643772647,607.5334812675616,608.3284185764084,5210675.0,INFY.NS
2019-02-21,,613.7257690429688,617.5330424916025,608.4122765842193,617.5330424916025,7202786.0,INFY.NS
2019-02-22,,614.980712890625,617.7002003165692,609.1651834114928,612.9306275397231,3750833.0,INFY.NS
2019-02-25,,631.6742553710938,634.2682078238514,615.4828133539605,615.4828133539605,6547552.0,INFY.NS
2019-02-26,,621.2982788085938,629.7495885022662,619.3319006445734,626.4025270676071,8319610.0,INFY.NS
2019-02-27,,615.2318725585938,624.5618288990735,613.1399586770616,623.390336696569,5936354.0,INFY.NS
2019-02-28,,614.436767578125,621.2145973499709,612.7632369290917,618.118555434839,8559921.0,INFY.NS
2019-03-01,,620.7962646484375,622.0514127362248,615.4409457117025,615.4409457117025,3998826.0,INFY.NS
2019-03-05,,612.9306640625,621.2983181793942,611.0479418861988,619.6247873560153,4826505.0,INFY.NS
2019-03-06,,612.9306640625,615.9429991157389,608.3284542982082,615.9429991157389,6076668.0,INFY.NS
2019-03-07,,604.9395751953125,614.6042056552518,602.9313177432252,614.185822942076,5951551.0,INFY.NS
2019-03-08,,596.0697631835938,604.9395063365653,594.647302978398,604.9395063365653,7193994.0,INFY.NS
2019-03-11,,595.1495361328125,601.2160867647463,593.6015401935117,596.8648954074182,9932198.0,INFY.NS
2019-03-12,,591.5513305664062,598.2454540020323,590.4216665933791,593.2666894823636,11997387.0,INFY.NS
2019-03-13,,592.8065185546875,601.2996575912193,591.0074523315996,594.1034948430915,11348867.0,INFY.NS
2019-03-14,,592.7227172851562,598.2035712042168,590.9237024197223,597.4504619577814,6415187.0,INFY.NS
2019-03-15,,601.2577514648438,605.6089416399248,593.7686911258253,595.7769484595875,14638664.0,INFY.NS
2019-03-18,,594.270751953125,605.5670839912445,590.2124094295017,603.7680180896658,8065544.0,INFY.NS
2019-03-19,,604.353759765625,607.9100124191438,591.9278150404065,596.4463171804393,8917337.0,INFY.NS
2019-03-20,,618.3278198242188,621.1309635637127,608.4539980427062,608.5376541562013,13471173.0,INFY.NS
2019-03-22,,621.8004150390625,624.5199028809017,612.7633579636808,623.3902898985211,8883260.0,INFY.NS
2019-03-25,,615.2318725585938,621.214766688622,611.2990642468901,621.214766688622,7644966.0,INFY.NS
2019-03-26,,608.9560546875,615.2317955465261,601.7180131345793,615.2317955465261,9406261.0,INFY.NS
2019-03-27,,610.5877075195312,612.7632770769756,608.4539660166329,610.8387269189125,7387487.0,INFY.NS
2019-03-28,,617.365478515625,623.3901993817894,610.8387188573239,610.8387188573239,9277241.0,INFY.NS
2019-04-01,,631.8416137695312,635.9417851817856,620.880006059059,620.880006059059,6584982.0,INFY.NS
2019-04-02,,635.439697265625,640.794965452693,631.4231822851871,635.1049706598853,7283600.0,INFY.NS
2019-04-03,,630.3355102539062,634.6867015468316,624.8965339057792,632.5947875667828,6897127.0,INFY.NS
2019-04-04,,625.8169555664062,630.7538415126704,623.4739712424957,628.74563489918,7688525.0,INFY.NS
2019-04-05,,635.3558959960938,636.7365792001846,625.9004581133473,628.3270979653548,6276040.0,INFY.NS
2019-04-08,,642.00830078125,644.3094058019713,632.0926504844406,638.4938756260898,4919911.0,INFY.NS
2019-04-09,,636.44384765625,646.8197607543772,634.4356410086906,644.3094641408414,6730692.0,INFY.NS
2019-04-10,,629.8333129882812,641.5480283314911,628.6618210251179,639.2887515865938,7031088.0,INFY.NS
2019-04-11,,621.4658203125,629.0385387656238,619.2483710472987,629.0385387656238,8200995.0,INFY.NS
2019-04-12,,625.6912841796875,628.8709822633381,619.7083915584225,621.8003049124168,7043212.0,INFY.NS
2019-04-15,,608.746826171875,611.9683525207116,596.2790013307149,606.4038932752568,31574803.0,INFY.NS
2019-04-16,,605.90185546875,609.0816051075615,597.5342007815854,609.0816051075615,12524411.0,INFY.NS
2019-04-18,,600.0026245117188,604.5630061915296,596.4045434782183,604.5630061915296,13801105.0,INFY.NS
2019-04-22,,603.3497314453125,607.2825393655814,598.2873105702938,600.0026695679962,6455426.0,INFY.NS
2019-04-23,,609.3325805664062,610.8387480869937,601.1322897791119,605.7344995249729,5516668.0,INFY.NS
2019-04-24,,616.23583984375,617.449159791299,605.8181012310877,609.332525844915,8285120.0,INFY.NS
2019-04-25,,609.6254272460938,617.2400230954397,608.3702791352013,616.2358943923042,8005235.0,INFY.NS
2019-04-26,,617.5328979492188,619.039065534673,610.002008949838,611.6755398385893,6895168.0,INFY.NS
2019-04-30,,628.70361328125,630.7536985640005,617.5328165010278,617.5328165010278,9920046.0,INFY.NS
2019-05-02,,611.5081176757812,626.23521872253,610.4203329172174,625.06372678432,6351352.0,INFY.NS
2019-05-03,,605.4834594726562,611.675544234379,600.9649566838215,604.8977645150719,6348116.0,INFY.NS
2019-05-06,,601.1323852539062,603.9773574508446,594.6474523093152,598.2873619848524,8858265.0,INFY.NS
2019-05-07,,606.2784423828125,609.0816374953386,601.3833845593721,602.805896146254,5747536.0,INFY.NS
2019-05-08,,601.9271240234375,607.4916339366849,599.542363244676,603.3078072566802,6247642.0,INFY.NS
2019-05-09,,603.3497314453125,611.0898120366065,598.9567127313348,601.7599076968539,7396525.0,INFY.NS
2019-05-10,,599.8352661132812,607.4916900740494,598.2872705274729,603.1404997103372,8352335.0,INFY.NS
2019-05-13,,602.2200317382812,607.8681978426109,595.8605844442181,599.5842004607525,6808993.0,INFY.NS
2019-05-14,,597.3250122070312,600.588417979127,588.7481661125888,599.5424611383414,10513001.0,INFY.NS
2019-05-15,,599.207763671875,606.8223604865112,596.279084375195,598.2036859135616,6668929.0,INFY.NS
2019-05-16,,613.4328002929688,616.696206345625,601.7180826690357,602.4711920879919,6468556.0,INFY.NS
2019-05-17,,605.7345581054688,615.6920367844168,602.554808388584,613.4746388811405,8155948.0,INFY.NS
2019-05-20,,604.4793090820312,607.8263704809968,590.7563369174308,602.2200324233087,11213708.0,INFY.NS
2019-05-21,,593.5177001953125,604.6885491580048,592.1788959566587,604.6885491580048,8645535.0,INFY.NS
2019-05-22,,593.894287109375,601.0067935418226,591.5931820871125,594.1034784750352,5795713.0,INFY.NS
2019-05-23,,586.6142578125,599.7096541697623,583.6019233951838,598.2871430557698,7233736.0,INFY.NS
2019-05-24,,593.4341430664062,595.567885021713,586.1124444447835,588.9155886310724,7016424.0,INFY.NS
2019-05-27,,592.5136108398438,597.2831842490571,590.3380410394853,591.9279158665936,10247544.0,INFY.NS
2019-05-28,,609.2488403320312,613.7255656670544,593.9360444045432,595.776938417445,23860490.0,INFY.NS
2019-05-29,,608.9978637695312,613.8929721303094,605.5253179123381,607.0733135138195,10293077.0,INFY.NS
2019-05-30,,613.8092651367188,616.9053074127575,604.6048454940733,608.3284618366561,15089296.0,INFY.NS
2019-05-31,,617.32373046875,621.6749211622472,613.5164577639817,616.2777736228185,8290306.0,INFY.NS
2019-06-03,,623.097412109375,628.327196166319,610.0020124019434,610.6714145468102,7744761.0,INFY.NS
2019-06-04,,615.2735595703125,618.7461562464093,613.4745446878889,616.9052622382629,11733702.0,INFY.NS
2019-06-06,,615.5245361328125,623.097302978643,613.8928846505053,616.2776453339551,7563925.0,INFY.NS
2019-06-07,,618.4533081054688,622.5116510791242,615.7338204613928,615.7338204613928,3218358.0,INFY.NS
2019-06-10,,630.502685546875,631.0047243235122,619.2900095290115,619.2900095290115,4435148.0,INFY.NS
2019-06-11,,631.6742553710938,635.1049732695293,627.9924669812672,631.7579114868176,5733127.0,INFY.NS
2019-06-12,,630.7537231445312,633.3895544782296,623.3901981326869,633.3895544782296,8738342.0,INFY.NS
2019-06-13,,630.2022094726562,634.0632641632083,627.9534365836817,627.9534365836817,4808577.0,INFY.NS
2019-06-14,,628.3353271484375,632.6206748149635,626.4684281450662,631.2204876140443,5556353.0,INFY.NS
2019-06-17,,628.4202270507812,631.7721514433449,626.0866160145566,630.4992726963133,3085588.0,INFY.NS
2019-06-18,,636.566650390625,638.51838734678,628.1232114306342,628.1232114306342,6202838.0,INFY.NS
2019-06-19,,638.0516967773438,641.021747138043,635.2513221452588,638.5608275503222,4596253.0,INFY.NS
2019-06-20,,640.5973510742188,642.2945224356091,624.4742231410103,626.0865048581953,7148684.0,INFY.NS
2019-06-21,,636.6090698242188,640.6822712562738,634.0208935242146,640.6822712562738,13200318.0,INFY.NS
2019-06-24,,632.62060546875,638.051574375308,630.2021570706991,638.051574375308,4758178.0,INFY.NS
2019-06-25,,634.8269653320312,637.2030468162578,625.6622497860063,631.3477845485838,3677911.0,INFY.NS
2019-06-26,,627.2745971679688,637.6697726122509,626.2562839085916,630.4992126613598,5447130.0,INFY.NS
2019-06-27,,619.9342651367188,631.9417733611723,617.8976905579524,629.6505816406949,11122346.0,INFY.NS
2019-06-28,,621.1646728515625,627.529064991435,618.1946231862886,624.1347225168363,5919494.0,INFY.NS
2019-07-01,,620.5706787109375,625.8319201269878,619.3402191533322,623.7104559909642,3224968.0,INFY.NS
2019-07-02,,627.9534301757812,629.3536173253547,619.5524108654644,622.8619158770587,4837606.0,INFY.NS
2019-07-03,,620.5706787109375,630.6688687158335,619.4675277189168,628.801969917421,5958379.0,INFY.NS
2019-07-04,,622.6921997070312,624.8985536861002,618.2795435424563,618.61899855264,3274064.0,INFY.NS
2019-07-05,,609.2845458984375,624.8985438366578,605.4659101650907,623.7105031133029,4926289.0,INFY.NS
2019-07-08,,608.9451904296875,615.1823275564586,604.447695745091,607.9693477700171,7177092.0,INFY.NS
2019-07-09,,607.1631469726562,610.8544745282286,601.6897581401851,609.2846114973686,5022638.0,INFY.NS
2019-07-10,,608.6480712890625,613.272873545335,599.5257753443327,601.6472395175257,7573816.0,INFY.NS
2019-07-11,,612.254638671875,613.951810227445,602.1564471988073,610.5150481861289,6252688.0,INFY.NS
2019-07-12,,616.709716796875,619.9767513387097,610.642307740821,613.1032272249635,7874441.0,INFY.NS
2019-07-15,,661.3451538085938,663.2969420855613,640.0032574588848,647.4708002352596,31064152.0,INFY.NS
2019-07-16,,666.0125122070312,668.5158505546938,658.5025489576079,659.3511347165739,9924322.0,INFY.NS
2019-07-17,,673.9043579101562,674.6256350415183,659.1389459352193,665.2063544394952,6754348.0,INFY.NS
2019-07-18,,672.6739501953125,677.5957373022892,667.1581426906602,669.5765914175817,6534471.0,INFY.NS
2019-07-19,,666.4793701171875,674.2014808990431,662.9577180017336,669.2796931593125,6812754.0,INFY.NS
2019-07-22,,665.6307373046875,672.079968813246,663.6365295534063,666.9460349657472,7107151.0,INFY.NS
2019-07-23,,670.4251098632812,682.2628905239953,666.6064742819902,667.8369338835627,10782564.0,INFY.NS
2019-07-24,,667.2428588867188,673.5648320787994,664.9516673669207,668.6854647912994,5745146.0,INFY.NS
2019-07-25,,674.2013549804688,679.0383039463412,668.388563512096,668.8976942270037,9773568.0,INFY.NS
2019-07-26,,667.8369750976562,674.6256609944559,663.7637739182892,672.3344691455734,4941763.0,INFY.NS
2019-07-29,,671.6132202148438,676.2804419650602,667.1581449078191,669.9584675992359,6244316.0,INFY.NS
2019-07-30,,672.6739501953125,677.0017169046137,669.1522985326085,671.9950919380683,8673253.0,INFY.NS
2019-07-31,,673.4800415039062,678.698812327647,663.2545426880004,671.1039601796842,7350584.0,INFY.NS
2019-08-01,,652.4351806640625,669.0250747190742,648.6590152365278,667.3703220274037,10066407.0,INFY.NS
2019-08-02,,658.1630249023438,661.8119847180122,646.8344269258222,649.210456442994,10838336.0,INFY.NS
2019-08-05,,659.0965576171875,666.9035568194407,652.2654527378022,655.6173249912107,9976238.0,INFY.NS
2019-08-06,,657.187255859375,665.0366741831933,653.2413113359215,660.8785832185556,9331718.0,INFY.NS
2019-08-07,,658.5873413085938,664.8244772821548,655.4051449323567,660.963422704366,5130457.0,INFY.NS
2019-08-08,,669.3219604492188,672.7163031963463,662.9575677983546,664.1880274029003,8009009.0,INFY.NS
2019-08-09,,670.2554321289062,676.1106945056844,665.970084461571,672.0799122039562,4362520.0,INFY.NS
2019-08-13,,648.9558715820312,666.9883165262851,645.052398335051,665.4184538015024,7517099.0,INFY.NS
2019-08-14,,657.4843139648438,660.4119455405381,651.7139404755968,657.7388793641279,5940968.0,INFY.NS
2019-08-16,,657.2720336914062,661.9392549712147,647.0465865189016,661.8968360455648,5128088.0,INFY.NS
2019-08-19,,659.9027099609375,664.4426228736196,656.2537499074969,658.1630677893176,3881451.0,INFY.NS
2019-08-20,,672.7164306640625,677.1715063638245,665.1639959032285,666.3096178735949,8435344.0,INFY.NS
2019-08-21,,678.40185546875,682.0507636590065,672.9284672865844,672.9284672865844,5926896.0,INFY.NS
2019-08-22,,675.2197875976562,679.9718477556055,672.376993854993,678.7838586129038,5222488.0,INFY.NS
2019-08-23,,680.7354125976562,687.3119513253449,675.304443769626,675.8560451545325,6895015.0,INFY.NS
2019-08-26,,681.0324096679688,684.6388987155213,667.7520751925274,675.3893461167565,5412074.0,INFY.NS
2019-08-27,,665.8428344726562,674.5832574048105,662.830313602603,671.231333308338,16061642.0,INFY.NS
2019-08-28,,680.9901123046875,683.1115768290011,667.2430118284215,668.1764872952599,5881134.0,INFY.NS
2019-08-29,,684.7662963867188,687.0999072505604,675.0499789767379,675.0499789767379,7830413.0,INFY.NS
2019-08-30,,691.5125732421875,693.5915669695459,680.5657959563854,687.3544822003394,8174186.0,INFY.NS
2019-09-03,,690.9608764648438,697.8768703393915,689.0939776465402,691.5973157124319,5647088.0,INFY.NS
2019-09-04,,696.9434814453125,697.9193757967025,687.5666190602846,687.9909119446168,6199015.0,INFY.NS
2019-09-05,,707.7628784179688,710.6905093824952,701.4833754410532,704.41095461202,7926895.0,INFY.NS
2019-09-06,,712.9393920898438,718.7521841961993,708.6115733638795,715.6124063268295,6106841.0,INFY.NS
2019-09-09,,703.5624389648438,713.0666099175037,702.2471413842159,710.0965597318952,4377870.0,INFY.NS
2019-09-11,,695.9249877929688,703.0955460384158,690.8759452128888,697.7918863588768,7981036.0,INFY.NS
2019-09-12,,692.7854614257812,695.7130409738332,688.0757688445153,692.7854614257812,4400017.0,INFY.NS
2019-09-13,,703.732177734375,705.2172028509347,693.7188758785718,694.2280066296802,4832021.0,INFY.NS
2019-09-16,,702.37451171875,711.0725165984653,696.3071022315695,706.0658394136892,4846496.0,INFY.NS
2019-09-17,,705.3870239257812,708.5692210261983,696.3071445072101,705.5991703991424,5540901.0,INFY.NS
2019-09-18,,704.198974609375,706.8296219240108,699.2347679090033,704.2414453384018,3199389.0,INFY.NS
2019-09-19,,696.4343872070312,701.7804674711329,691.7671652347324,699.9559872554435,6601607.0,INFY.NS
2019-09-20,,683.1115112304688,708.569083077567,680.5657540457589,698.3012164833291,22462366.0,INFY.NS
2019-09-23,,648.616455078125,684.723817825331,629.5657476654427,684.723817825331,17279260.0,INFY.NS
2019-09-24,,673.8195190429688,677.723044653769,649.1681128295278,649.1681128295278,13717998.0,INFY.NS
2019-09-25,,672.6315307617188,679.7172012180388,663.2970872992987,668.4310208449167,9313576.0,INFY.NS
2019-09-26,,664.0608520507812,676.3229280434066,660.2846346283368,668.4735088659894,18442824.0,INFY.NS
2019-09-27,,663.763916015625,673.9893659780118,661.9818545100769,667.8795370041989,5087642.0,INFY.NS
2019-09-30,,683.6631469726562,685.65730281664,665.4185529001838,666.2246679476037,8178091.0,INFY.NS
2019-10-01,,673.3952026367188,685.2754029794016,671.6980311591926,684.8086911817946,5881438.0,INFY.NS
2019-10-03,,666.6489868164062,677.0441629140253,665.4185788356234,672.5466685121362,5497672.0,INFY.NS
2019-10-04,,673.3103637695312,676.8319635039737,667.879394332175,670.3827326164809,8201713.0,INFY.NS
2019-10-07,,670.0007934570312,680.5656952190815,667.0731625889608,674.4982870692188,3679845.0,INFY.NS
2019-10-09,,664.9942626953125,675.3894384296698,660.878590614142,675.0075644725517,6335025.0,INFY.NS
2019-10-10,,664.485107421875,674.3711528147937,659.0117185947562,666.4793151492948,10402917.0,INFY.NS
2019-10-11,,691.4276123046875,699.0648835417649,659.0116284730473,663.1697190862135,20636344.0,INFY.NS
2019-10-14,,667.0732421875,676.322847646897,661.8968897924462,667.6248436464193,15150858.0,INFY.NS
2019-10-15,,651.9684448242188,658.4601467627168,649.1681221071755,656.0416462120604,13762133.0,INFY.NS
2019-10-16,,654.6414794921875,658.4601153222486,646.2404599486277,649.3802375453906,10767032.0,INFY.NS
2019-10-17,,652.9866943359375,653.8776989597501,649.252896548886,650.8652300918311,9860495.0,INFY.NS
2019-10-18,,651.5866088867188,656.635704934232,644.9252308382512,648.1498466337287,10037200.0,INFY.NS
2019-10-22,,546.1073608398438,586.4576037644675,541.6947044858973,586.4576037644675,90152532.0,INFY.NS
2019-10-23,,559.039306640625,564.2379159688392,528.5353162771628,541.3384205346815,60516887.0,INFY.NS
2019-10-24,,545.9354858398438,561.2734393921497,543.0569612166646,558.5237734032152,25666433.0,INFY.NS
2019-10-25,,547.7400512695312,560.672016015732,546.4941029670582,555.9460449995073,16549337.0,INFY.NS
2019-10-27,,557.53564453125,560.6719915926974,554.7000725341384,559.4689962263973,2945281.0,INFY.NS
2019-10-29,,559.0823974609375,561.7461056260407,555.9460502333435,559.3831200956826,16709764.0,INFY.NS
2019-10-30,,567.6320190429688,576.9121488471421,563.8512739797126,567.4602075207223,22879467.0,INFY.NS
2019-10-31,,589.1137084960938,597.5775238538986,572.3579941951182,574.3343511716492,27405901.0,INFY.NS
2019-11-01,,591.0899658203125,596.3314750987396,586.5358074114204,592.8944060779976,9713519.0,INFY.NS
2019-11-04,,609.2205200195312,629.4133017127033,582.7121446047856,585.8484388047144,29381982.0,INFY.NS
2019-11-05,,598.135986328125,609.0057393741744,594.1833774634802,609.0057393741744,12897805.0,INFY.NS
2019-11-06,,612.05615234375,619.9614228329414,594.6130347891828,597.8782403870715,21372589.0,INFY.NS
2019-11-07,,618.7584228515625,622.4103092371707,611.8842837727705,616.0947149367382,13733737.0,INFY.NS
2019-11-08,,608.4901733398438,622.3243562068998,606.2130939647467,620.3910047378414,8585630.0,INFY.NS
2019-11-11,,605.2679443359375,607.6738824348546,599.768612299398,600.5419738951829,6951494.0,INFY.NS
2019-11-13,,594.0545043945312,601.4871884876223,590.961162689089,598.4797525451842,9973690.0,INFY.NS
2019-11-14,,606.0411376953125,609.9078400444262,598.3506858674183,598.3506858674183,10539902.0,INFY.NS
2019-11-15,,604.83837890625,612.6147388380131,603.4635195192247,609.2635748055072,7362623.0,INFY.NS
2019-11-18,,605.9553833007812,610.079856347548,600.8856846430654,605.783519331016,7490916.0,INFY.NS
2019-11-19,,612.52880859375,613.5169871843719,605.7835797828883,609.9940114574619,6495885.0,INFY.NS
2019-11-20,,612.6575317382812,614.37606618916,605.7833939347662,612.4856678040915,6142171.0,INFY.NS
2019-11-21,,612.8724975585938,619.9185010094653,610.5095121140986,614.8058492859079,9692973.0,INFY.NS
2019-11-22,,595.6441040039062,611.7983187861224,588.684007393104,611.5835019607059,14415826.0,INFY.NS
2019-11-25,,599.8545532226562,605.9124303719045,595.6441744140992,595.7730330572729,7334511.0,INFY.NS
2019-11-26,,593.4099731445312,607.7167945892058,589.457364564433,605.7834431748181,27253106.0,INFY.NS
2019-11-27,,597.8352661132812,599.4678950765623,592.9803845478805,596.5463650724333,3861635.0,INFY.NS
2019-11-28,,603.07666015625,604.3655609494418,596.3743865207541,600.7136753687317,4837683.0,INFY.NS
2019-11-29,,598.3506469726562,603.4632969021355,594.2261752241407,602.2603543834664,4262379.0,INFY.NS
2019-12-02,,595.2144775390625,604.9241876760091,593.1522150119612,604.1508261169674,9383736.0,INFY.NS
2019-12-03,,600.0693359375,601.2293783331933,591.6485263538979,595.2145068526893,5239013.0,INFY.NS
2019-12-04,,609.0917358398438,610.5095481684803,595.7730898206862,598.9094371195366,7427886.0,INFY.NS
2019-12-05,,614.2471923828125,615.1494649806565,604.7522994549195,607.0293787186483,4814422.0,INFY.NS
2019-12-06,,614.4620971679688,618.67252840896,609.7361264648448,615.1925059257636,5226096.0,INFY.NS
2019-12-09,,616.3094482421875,620.6916903326968,613.7316464370616,615.2353641567183,6435865.0,INFY.NS
2019-12-10,,613.9893798828125,617.3834958816324,610.0797245316061,612.6575261845566,4457939.0,INFY.NS
2019-12-11,,619.57470703125,620.9925191250638,612.6576154108757,615.7509568667211,6043554.0,INFY.NS
2019-12-12,,603.2915649414062,619.2739685752227,601.1004437625204,617.3835699804038,11112042.0,INFY.NS
2019-12-13,,611.19677734375,612.571636395103,601.787790576327,601.787790576327,10302412.0,INFY.NS
2019-12-16,,613.5169677734375,618.8444365261212,610.2517619074455,612.0562025991579,5616324.0,INFY.NS
2019-12-17,,627.0073852539062,628.3392391349352,614.3761449319367,618.4147118982148,10525565.0,INFY.NS
2019-12-18,,629.3703002929688,633.5377254278765,621.035397577643,628.1243523061322,12215295.0,INFY.NS
2019-12-19,,627.9954833984375,632.3777780829872,622.625062789073,630.2725627150136,7199210.0,INFY.NS
2019-12-20,,628.5970458984375,631.5615288699923,625.761474013023,628.1244593251216,7794167.0,INFY.NS
2019-12-23,,632.4207153320312,633.537752302075,628.6829236584776,629.1125572966108,4975608.0,INFY.NS
2019-12-24,,630.186767578125,633.2371565305662,625.8044721243651,633.2371565305662,2890759.0,INFY.NS
2019-12-26,,626.3629150390625,631.1747909886018,624.3006525203946,628.9836698409637,3821806.0,INFY.NS
2019-12-27,,633.2369995117188,633.7095860020081,626.2769034388314,627.0502649287666,3399094.0,INFY.NS
2019-12-30,,629.757080078125,634.0963698325123,624.9021984314574,632.5066937215461,5368416.0,INFY.NS
2019-12-31,,628.2532958984375,633.924438996651,623.3554618887915,627.0073478470914,6927885.0,INFY.NS
2020-01-01,,633.1510620117188,635.8577748694352,629.4562232684716,631.5614385527498,2112415.0,INFY.NS
2020-01-02,,631.3037719726562,636.5452821568949,628.0385663277771,634.9127055572154,5658200.0,INFY.NS
2020-01-03,,641.0134887695312,642.7320235919697,630.6163740719871,630.6163740719871,7882938.0,INFY.NS
2020-01-06,,634.8696899414062,647.7157479073298,632.8504325536925,641.0993785171215,6519403.0,INFY.NS
2020-01-07,,625.4606323242188,638.0918185403439,623.0546421444718,634.1392102944898,7899363.0,INFY.NS
2020-01-08,,617.1257934570312,626.4058699298521,608.6190260970619,622.9258478082336,8639443.0,INFY.NS
2020-01-09,,625.1599731445312,628.5540897917724,613.7746803355894,620.1332799391682,13521186.0,INFY.NS
2020-01-10,,634.2681884765625,638.3497082159341,627.6947725496843,636.244492808629,9341405.0,INFY.NS
2020-01-13,,664.6862182617188,668.0803346309402,648.7468201239355,653.0431566810477,36952038.0,INFY.NS
2020-01-14,,666.49072265625,667.607759691393,659.2299032595474,661.592888406991,11414418.0,INFY.NS
2020-01-15,,659.5306396484375,664.944013428589,654.8906274563863,664.944013428589,6047430.0,INFY.NS
2020-01-16,,659.0579833984375,663.7839532924289,653.2579294376299,662.2372827253157,5740586.0,INFY.NS
2020-01-17,,659.7884521484375,664.1277944750946,654.9765756863783,662.2373957058855,3762957.0,INFY.NS
2020-01-20,,660.3038940429688,665.4165444008263,655.5779244163876,663.0105542708876,3887680.0,INFY.NS
2020-01-21,,655.19140625,662.0655455942623,653.6876882684426,660.3040578763993,4448374.0,INFY.NS
2020-01-22,,661.8077392578125,668.5100142587062,658.1988058125564,660.3040213594156,9733935.0,INFY.NS
2020-01-23,,673.96630859375,674.95448700041,667.3929449935188,667.7366204578454,12528017.0,INFY.NS
2020-01-24,,672.5914916992188,675.8137441346989,664.7291747784413,666.5766204863226,7540490.0,INFY.NS
2020-01-27,,668.5958862304688,674.3529878110744,665.4166390766485,669.4122006803074,3741610.0,INFY.NS
2020-01-28,,668.510009765625,671.7752152625233,663.3544055772012,671.087811859837,5121009.0,INFY.NS
2020-01-29,,678.5633544921875,681.227061975943,673.8803375135111,675.8995945629215,6832757.0,INFY.NS
2020-01-30,,670.830078125,678.5634848224805,668.5100456266517,678.5634848224805,3859680.0,INFY.NS
2020-01-31,,666.7484741210938,674.481879846576,663.0106298864689,670.7010827359123,6092028.0,INFY.NS
2020-02-03,,659.4016723632812,679.6374044987804,656.9097764971231,671.9469525451278,6416745.0,INFY.NS
2020-02-04,,676.9738159179688,678.7353560855137,661.7218192118607,661.7218192118607,5771311.0,INFY.NS
2020-02-05,,674.1380615234375,675.3840094345237,665.4165310368481,671.087673496645,6310409.0,INFY.NS
2020-02-06,,662.7958374023438,676.0715282077489,661.6358474791257,673.9663127493939,7341622.0,INFY.NS
2020-02-07,,667.9083862304688,669.2402399056735,662.4950133420671,666.7483964849213,2853344.0,INFY.NS
2020-02-10,,664.385498046875,668.5099706672875,661.4210153228079,665.0729014093579,3827682.0,INFY.NS
2020-02-11,,664.6862182617188,669.4551413510103,660.948426435237,669.3692355980739,4312817.0,INFY.NS
2020-02-12,,671.1306762695312,673.0210747118617,666.0180256341979,666.6195231993272,2948825.0,INFY.NS
2020-02-13,,680.7545166015625,682.2582343725347,672.1188907487963,674.5248286932491,4387430.0,INFY.NS
2020-02-14,,675.7708129882812,686.7264716212071,674.1811369350173,682.687904616437,5321680.0,INFY.NS
2020-02-17,,678.3485717773438,681.7856409332788,673.0640569718882,679.0789279947746,2929629.0,INFY.NS
2020-02-18,,685.39453125,686.597473912175,673.3647899551901,674.5247797446999,5083346.0,INFY.NS
2020-02-19,,687.8005981445312,691.5813432225175,684.105758828003,687.4139173269309,3985192.0,INFY.NS
2020-02-20,,684.8360595703125,692.6553712672503,682.1293465122486,690.2064803636806,4564569.0,INFY.NS
2020-02-24,,683.847900390625,697.3813611703688,680.6686531479877,687.4997866327781,6627536.0,INFY.NS
2020-02-25,,686.0390625,692.5694732797665,683.4612604902738,686.5546019237387,6996695.0,INFY.NS
2020-02-26,,672.5914916992188,688.659800999916,670.6581402379306,682.2152961289557,8760569.0,INFY.NS
2020-02-27,,668.3809814453125,670.8728773441667,663.5261531534188,668.5098925056186,5223386.0,INFY.NS
2020-02-28,,628.7259521484375,650.2935423983963,620.4340009570107,644.4505347061641,14123957.0,INFY.NS
2020-03-02,,636.7599487304688,658.1127701398912,630.487308653073,633.2799270559657,9821523.0,INFY.NS
2020-03-03,,641.8727416992188,652.1839504012142,636.9319541961793,648.7468808338824,7826587.0,INFY.NS
2020-03-04,,651.9691162109375,654.332101475623,640.6267764513437,647.8016904496086,11013444.0,INFY.NS
2020-03-05,,648.4031982421875,664.6863269452155,645.9543069824189,656.2655164054837,7755293.0,INFY.NS
2020-03-06,,634.9556274414062,639.2949171290524,626.4918124610296,636.7171150438545,9216022.0,INFY.NS
2020-03-09,,605.3108520507812,623.6991405627762,598.9093002604727,622.5391507011657,10308654.0,INFY.NS
2020-03-11,,589.4573974609375,598.0071180152542,574.8928055039582,593.4530115851985,16165009.0,INFY.NS
2020-03-12,,542.3695678710938,575.7091309346221,539.1902681514557,573.9905962154143,13965574.0,INFY.NS
2020-03-13,,551.9502563476562,573.1312134760614,489.7822963738455,508.6861744795027,16903113.0,INFY.NS
2020-03-16,,501.08184814453125,534.5932796106832,498.37513462482457,534.4643685114497,19140152.0,INFY.NS
2020-03-17,,476.8503723144531,508.68621353384583,472.5969889250257,505.3350502705367,16059887.0,INFY.NS
2020-03-18,,459.10650634765625,496.65649771972056,453.69313286507344,488.06382474879115,15390183.0,INFY.NS
2020-03-19,,468.7732238769531,479.47111131199466,437.58183411403814,437.58183411403814,16583991.0,INFY.NS
2020-03-20,,502.84326171875,530.5546336465629,470.87850593616946,472.16740695606774,21354894.0,INFY.NS
2020-03-23,,452.36126708984375,482.0059880561759,443.2960078341693,464.00432816867755,17146150.0,INFY.NS
2020-03-24,,506.7958984375,516.5486148256612,448.53757961967995,448.53757961967995,20027097.0,INFY.NS
2020-03-25,,520.887939453125,545.6348315607934,486.087607676413,512.9826684122734,18339548.0,INFY.NS
2020-03-26,,552.5088500976562,559.2540771338631,525.9574706932967,528.4493667341502,14843813.0,INFY.NS
2020-03-27,,560.8438110351562,579.9195567351105,551.8644567193235,571.455741852175,13495283.0,INFY.NS
2020-03-30,,538.5028076171875,570.1238326064855,533.6908794466455,537.1279485203846,14624804.0,INFY.NS
2020-03-31,,551.2199096679688,568.8348872957059,544.5176359865167,558.5236808794696,15175521.0,INFY.NS
2020-04-01,,517.9664306640625,547.783022951467,510.40488726771986,545.0763093892614,13083824.0,INFY.NS
2020-04-03,,503.2729187011719,520.7160361559045,500.22252996857037,518.5678676899148,10221655.0,INFY.NS
2020-04-07,,549.07177734375,553.582930443992,526.6449229093224,528.4493631712148,15145605.0,INFY.NS
2020-04-08,,542.7131958007812,563.3786159451819,538.2020425580807,541.3383891240682,11806896.0,INFY.NS
2020-04-09,,546.7088623046875,560.9297267407588,543.142881753098,555.7741225382784,11931114.0,INFY.NS
2020-04-13,,547.697021484375,559.9845339121814,537.9443057438538,540.4791548766551,8330276.0,INFY.NS
2020-04-15,,549.1146850585938,561.3592424665503,546.150202775987,559.7266662794603,11963447.0,INFY.NS
2020-04-16,,536.053955078125,545.5489019562737,518.5678841868994,532.7028436318851,17783287.0,INFY.NS
2020-04-17,,540.2643432617188,555.0867049655194,537.9013580625622,553.3681702752236,8878320.0,INFY.NS
2020-04-20,,561.359375,567.9757443874141,549.0718618208134,549.9311292102043,13322913.0,INFY.NS
2020-04-21,,544.0880126953125,555.5162562007505,539.4479487418822,539.4479487418822,11660575.0,INFY.NS
2020-04-22,,551.520751953125,554.2274652032556,539.6628724890429,544.0881205149975,8266728.0,INFY.NS
2020-04-23,,583.7002563476562,587.4381005055866,548.2984337082895,555.9888863999373,14451289.0,INFY.NS
2020-04-24,,565.39794921875,580.0054950192344,562.6482830495548,574.4632097999466,7319940.0,INFY.NS
2020-04-27,,571.069091796875,585.1610981038692,568.0187030227356,568.0187030227356,7183306.0,INFY.NS
2020-04-28,,567.7178955078125,581.7239415130418,561.1444799172373,578.2868724346782,7296571.0,INFY.NS
2020-04-29,,581.3373413085938,586.0203590658929,565.3979417380608,572.2720808473382,8639056.0,INFY.NS
2020-04-30,,614.8057861328125,618.6724891902516,599.8545133325081,601.4871422683001,16253821.0,INFY.NS
2020-05-04,,578.8883666992188,602.5182164777228,576.0097898952575,592.7225486822473,9122740.0,INFY.NS
2020-05-05,,578.8883666992188,589.1136156815189,575.7090673308268,585.8054576907331,6393053.0,INFY.NS
2020-05-06,,572.1861572265625,585.54775421405,570.5964811398504,581.6380982067876,7934250.0,INFY.NS
2020-05-07,,571.369873046875,579.4469552092237,569.2217045283481,571.8854125131132,4779548.0,INFY.NS
2020-05-08,,579.318115234375,585.0752175386579,574.4202803651933,577.6425332468231,8400321.0,INFY.NS
2020-05-11,,586.7935180664062,600.2410165880211,582.5830883376827,586.4497902514283,7370186.0,INFY.NS
2020-05-12,,590.8751220703125,593.7536462657563,580.4350044175374,583.0128060655798,7356039.0,INFY.NS
2020-05-13,,596.4603881835938,601.4011749176295,587.52398772122,597.0188804340474,8287101.0,INFY.NS
2020-05-14,,565.5269165039062,577.2129333273363,560.7579400034343,566.2572728882986,16888262.0,INFY.NS
2020-05-15,,560.5000610351562,571.2409025100194,555.6881850326236,571.2409025100194,9255353.0,INFY.NS
2020-05-18,,570.4675903320312,576.1816864987078,561.1015556379695,566.9875157564253,10435442.0,INFY.NS
2020-05-19,,574.5060424804688,579.8335097351161,562.8200292632821,570.5534342455256,5902208.0,INFY.NS
2020-05-20,,575.3223266601562,578.2868089036671,566.8156130930672,574.4201066153067,5794636.0,INFY.NS
2020-05-21,,577.5994873046875,583.8291752054804,571.7564801764948,572.7016532246166,7213225.0,INFY.NS
2020-05-22,,594.9136352539062,597.9210705060365,578.7164692313511,580.0053700536926,11867731.0,INFY.NS
2020-05-26,,584.7744140625,601.0145887752245,583.4425600918948,595.4723035989442,7099606.0,INFY.NS
2020-05-27,,606.170166015625,609.3924185965654,580.0054645692849,589.5003583520194,8774636.0,INFY.NS
2020-05-28,,607.8458251953125,610.0798996241773,592.8945503389892,607.5020972313991,9440091.0,INFY.NS
2020-05-29,,601.8359985351562,610.3714333238881,587.8570398812367,603.1424442628013,28290128.0,INFY.NS
2020-06-01,,609.2828369140625,615.4667130203887,602.2715875606066,608.5860763672796,12276438.0,INFY.NS
2020-06-02,,616.7295532226562,619.8215177801701,607.5408941598197,610.1102484504172,7059304.0,INFY.NS
2020-06-03,,611.0247192382812,620.0392275848711,606.1908801790817,618.9940602630236,11378568.0,INFY.NS
2020-06-04,,616.4247436523438,617.9053930185396,607.4973630484067,611.4167008745254,10782424.0,INFY.NS
2020-06-05,,612.7667236328125,619.8651016363413,610.19736915034,615.7715601238591,7718679.0,INFY.NS
2020-06-08,,627.8342895507812,632.1455713743576,613.1585694852488,616.3376089004659,10719105.0,INFY.NS
2020-06-09,,625.0037841796875,635.4553528325881,622.7828364728315,627.0941191740385,10078029.0,INFY.NS
2020-06-10,,623.4794921875,626.6149941514957,617.6876140957919,622.7391941295748,7263049.0,INFY.NS
2020-06-11,,613.114990234375,621.3456089453023,609.8924134763056,620.1262383364935,8825715.0,INFY.NS
2020-06-12,,602.75048828125,605.450507961928,588.3360479962732,588.5973265048777,9795316.0,INFY.NS
2020-06-15,,598.8312377929688,613.5070118687655,596.828031391361,603.5780018303001,7857344.0,INFY.NS
2020-06-16,,610.7199096679688,620.1263093463955,608.9344442687287,611.4166701701821,10131760.0,INFY.NS
2020-06-17,,612.853759765625,618.6456377129897,607.9327925450111,609.5876451924963,7291916.0,INFY.NS
2020-06-18,,621.7811279296875,624.1326878506742,614.9004920943274,616.8166232398189,6670195.0,INFY.NS
2020-06-19,,614.5086059570312,620.0392589501816,610.545730605669,617.513442224564,22438862.0,INFY.NS
2020-06-22,,612.8973388671875,617.2521585931737,609.6747616380736,615.8585843852059,7804096.0,INFY.NS
2020-06-23,,627.6602783203125,631.0134687261003,602.7942115938326,605.9297141415447,12157390.0,INFY.NS
2020-06-24,,621.9988403320312,633.0165008836472,617.8617621403708,624.3939908640451,10220838.0,INFY.NS
2020-06-25,,610.1102294921875,614.5521242461359,604.0134820168909,613.8989013023541,14945284.0,INFY.NS
2020-06-26,,651.6552124023438,654.6164578202712,618.3843801884879,618.5585836035233,26030458.0,INFY.NS
2020-06-29,,637.3277587890625,648.6067505980112,635.8906472594941,640.5067979135447,8954428.0,INFY.NS
2020-06-30,,640.98583984375,643.5987313277307,630.7955524243425,638.2422825218049,10411290.0,INFY.NS
2020-07-01,,637.4584350585938,646.5164268047912,635.5858415996398,642.1180701875086,5477468.0,INFY.NS
2020-07-02,,658.9713134765625,666.6793764486785,640.5069199791261,642.205257180301,17263756.0,INFY.NS
2020-07-03,,664.2841186523438,665.4163609907333,655.4002770229408,657.5776865811566,7796572.0,INFY.NS
2020-07-06,,665.4164428710938,674.9970461061488,663.2390330449449,666.4616102195291,8810958.0,INFY.NS
2020-07-07,,691.6759643554688,694.1146525092771,666.7663662916871,670.1196090176614,19362533.0,INFY.NS
2020-07-08,,674.7357177734375,683.6195598405134,672.5583081079491,683.6195598405134,8476642.0,INFY.NS
2020-07-09,,680.8324584960938,688.0614478863074,674.9969900150484,679.351809305468,6854166.0,INFY.NS
2020-07-10,,680.9630737304688,687.9743753418453,673.6905467519866,673.6905467519866,5206452.0,INFY.NS
2020-07-13,,694.201904296875,701.4308954765554,684.6212994863657,686.3196900619326,10804688.0,INFY.NS
2020-07-14,,682.1824951171875,702.3453312701514,680.5276423938313,690.6308558322335,8961822.0,INFY.NS
2020-07-15,,723.7274780273438,738.9693465867283,692.2421111394763,695.9001702256123,30060599.0,INFY.NS
2020-07-16,,793.4480590820312,832.2059500031623,778.8594147465493,783.9545319521908,90432109.0,INFY.NS
2020-07-17,,786.6111450195312,801.1997917813194,777.0305411759688,793.4481910441225,31682878.0,INFY.NS
2020-07-20,,813.7415161132812,823.0608399595206,789.7464726278258,791.2706593684916,18421053.0,INFY.NS
2020-07-21,,815.87548828125,827.154482177871,809.2997210251989,823.0609409402522,12877784.0,INFY.NS
2020-07-22,,799.457763671875,817.8350802061377,792.577127782306,817.7915426441868,14354201.0,INFY.NS
2020-07-23,,790.7916259765625,797.6286708292745,784.4336006020394,797.4980581494486,13051307.0,INFY.NS
2020-07-24,,803.7689208984375,806.2947371801037,786.6980516963853,786.6980516963853,18209580.0,INFY.NS
2020-07-27,,826.0657958984375,829.8544679404932,800.1110799754764,802.6368436170394,16827870.0,INFY.NS
2020-07-28,,838.6074829101562,842.7010234476495,819.7511483257024,823.9317639804012,15818463.0,INFY.NS
2020-07-29,,831.0303344726562,836.1254526861928,821.8416216057005,830.2464455969931,11152710.0,INFY.NS
2020-07-30,,837.3883666992188,847.1431743439013,835.0367532160343,837.8673862777836,12492320.0,INFY.NS
2020-07-31,,841.3511962890625,859.1624201343127,830.2899432214937,844.181829195832,12704346.0,INFY.NS
2020-08-03,,833.4254150390625,840.8286085254143,825.1947951782345,836.1253819879639,8479792.0,INFY.NS
2020-08-04,,827.2850952148438,845.4447256561396,819.1851410278081,836.5173450761472,11133170.0,INFY.NS
2020-08-05,,822.7996215820312,836.9527852085158,817.2254312592177,829.1576475331221,9614176.0,INFY.NS
2020-08-06,,845.5753173828125,848.6672818881982,820.8835110206543,830.4641143323012,10976491.0,INFY.NS
2020-08-07,,828.1995849609375,844.3559545021349,826.5447323047797,844.3559545021349,8010948.0,INFY.NS
2020-08-10,,828.591552734375,833.3383170092824,823.3222313405183,826.4577335324803,5716319.0,INFY.NS
2020-08-11,,826.0657958984375,837.8673471732026,824.0189986536602,827.3287042989302,6802442.0,INFY.NS
2020-08-12,,831.72705078125,835.0802407898778,820.622260203833,825.6738405797148,6908726.0,INFY.NS
2020-08-13,,828.4608764648438,843.5285413784923,825.8915223150804,831.5963252567942,5097703.0,INFY.NS
2020-08-14,,830.5511474609375,838.7382293224521,829.201164058086,832.5108162210366,4663873.0,INFY.NS
2020-08-17,,833.9479370117188,846.9688579917226,830.986638478145,830.986638478145,9008210.0,INFY.NS
2020-08-18,,842.7011108398438,844.1382225386565,834.9931015883664,839.5221245003936,6141761.0,INFY.NS
2020-08-19,,835.515625,846.1849323454503,833.9043631136369,845.6188377288921,6622744.0,INFY.NS
2020-08-20,,831.901123046875,840.9155774188267,828.5478804075061,835.1672374076421,5656501.0,INFY.NS
2020-08-21,,826.3705444335938,839.130186936515,824.4108756425974,838.7817801099039,6513773.0,INFY.NS
2020-08-24,,825.1511840820312,829.1575965832683,818.009269782099,824.8027772734822,5798574.0,INFY.NS
2020-08-25,,817.05126953125,826.2399818358764,813.1319317116385,825.2383520182071,6233918.0,INFY.NS
2020-08-26,,828.1123046875,831.1171401909127,817.3123863202496,819.7946116894907,5153601.0,INFY.NS
2020-08-27,,824.8463134765625,836.9527324016003,823.2350515983608,836.1253061022203,6154280.0,INFY.NS
2020-08-28,,814.5690307617188,829.5931588351106,812.6528994480108,828.6786573233969,7593610.0,INFY.NS
2020-08-31,,808.777099609375,827.8512313051073,796.5836043560646,814.5690311184657,12808355.0,INFY.NS
2020-09-01,,796.191650390625,814.3512259843709,794.4061319130727,806.7302920513621,6907773.0,INFY.NS
2020-09-02,,804.7706909179688,806.8610256646409,795.6255694302646,796.9320153570794,5678118.0,INFY.NS
2020-09-03,,814.8302612304688,826.8931430703163,804.7706388763972,806.948048613617,8827948.0,INFY.NS
2020-09-04,,800.5465087890625,809.5609641024442,796.4529677308403,796.9319872552302,8650342.0,INFY.NS
2020-09-07,,805.6851196289062,807.8625293101688,795.2335531588458,800.3287237086498,6700385.0,INFY.NS
2020-09-08,,818.0963745117188,829.157626590769,806.1206209764005,809.9528833714692,12891964.0,INFY.NS
2020-09-09,,808.0367431640625,823.9318340427951,806.5125563674717,814.3512313213672,5528947.0,INFY.NS
2020-09-10,,818.7496337890625,820.4480240886459,805.4674338237209,814.6125551113331,5171884.0,INFY.NS
2020-09-11,,823.6705322265625,831.030187468232,810.8673528652284,814.2641331796652,6671903.0,INFY.NS
2020-09-14,,852.1510620117188,863.1687229466722,825.9350179262563,833.5124141412415,21871587.0,INFY.NS
2020-09-15,,855.6785278320312,865.7381506406906,846.2721279740566,853.1091735941211,11608203.0,INFY.NS
2020-09-16,,872.4880981445312,875.8848786623677,855.286560896361,858.77041654156,10059251.0,INFY.NS
2020-09-17,,880.5445556640625,889.2541951859622,866.6091324290229,866.6091324290229,15628241.0,INFY.NS
2020-09-18,,872.8365478515625,887.3380657914502,870.1800652640618,880.5445575814597,12897633.0,INFY.NS
2020-09-21,,879.5864868164062,897.9638043219828,871.399404679092,871.8348866404508,14140637.0,INFY.NS
2020-09-22,,877.4961547851562,890.5606136653323,863.2994534339156,878.8026006731739,12625762.0,INFY.NS
2020-09-23,,888.16552734375,903.1896561465738,878.018775613146,888.513934202947,13486204.0,INFY.NS
2020-09-24,,849.5382080078125,878.8025737387143,844.8349816913309,873.5767903468092,14427432.0,INFY.NS
2020-09-25,,880.9364624023438,883.9412985407854,849.1898170707385,849.8865775708102,13311078.0,INFY.NS
2020-09-28,,880.0218505859375,885.0298924689566,869.6573600338376,883.8540594355571,8554526.0,INFY.NS
2020-09-29,,878.8026123046875,895.3509271052714,874.5348677502426,886.641287736543,8708463.0,INFY.NS
2020-09-30,,878.1492919921875,891.8234349169315,875.3186595111812,878.8025148724197,8048817.0,INFY.NS
2020-10-01,,886.33642578125,894.0444349601498,881.1977175557054,888.9057267346052,5563358.0,INFY.NS
2020-10-05,,913.3798828125,918.7799232769341,886.6848687353566,886.6848687353566,14212509.0,INFY.NS
2020-10-06,,919.5200805664062,923.2216769125178,898.2685414567296,918.8668576817984,9090819.0,INFY.NS
2020-10-07,,928.9264526367188,933.6731626619029,901.8829850152989,910.0700657277773,9284008.0,INFY.NS
2020-10-08,,952.5730590820312,978.9633045708565,947.9570147645832,949.3505355713822,21482613.0,INFY.NS
2020-10-09,,963.9827880859375,969.6440528547571,948.0005171065945,953.7924477107673,10567867.0,INFY.NS
2020-10-12,,986.0181884765625,992.8988244006493,968.5989108554985,978.092438422745,14633537.0,INFY.NS
2020-10-13,,1008.402099609375,1015.587552166747,989.0231518031296,989.0231518031296,17523825.0,INFY.NS
2020-10-14,,990.2861328125,1014.5860512666569,985.147423612411,1012.060234237577,16649573.0,INFY.NS
2020-10-15,,965.24560546875,1032.9630391030341,951.5279259865639,1027.7372564431537,44288251.0,INFY.NS
2020-10-16,,982.0119018554688,989.3715050668912,955.3604249402781,970.1232220903006,18365685.0,INFY.NS
2020-10-19,,980.6183471679688,992.0279538190638,971.3861504242905,988.544097967197,12902123.0,INFY.NS
2020-10-20,,990.721435546875,996.9923330948903,966.7699283138736,974.5215282821393,10448776.0,INFY.NS
2020-10-21,,1000.17138671875,1005.3971701888551,988.5440397615337,993.9004890821587,19811433.0,INFY.NS
2020-10-22,,983.3617553710938,1008.5761157369876,978.7891952608873,994.6406944487392,11271335.0,INFY.NS
2020-10-23,,988.1594848632812,999.163488035478,986.0907537591019,997.4028475279266,9069862.0,INFY.NS
2020-10-26,,979.3123168945312,994.4098321814356,971.1254022287984,987.9394991901848,6309368.0,INFY.NS
2020-10-27,,960.2974243164062,976.8914412836614,948.2370786061306,973.3701599129556,10172479.0,INFY.NS
2020-10-28,,947.7088623046875,972.5338517896048,941.9867803525423,964.390889011552,7608392.0,INFY.NS
2020-10-29,,946.2122192382812,952.5065306511367,933.2274952760777,941.942687427649,6935616.0,INFY.NS
2020-10-30,,933.667724609375,953.9150922883643,926.4050818549549,943.7033979076784,8800386.0,INFY.NS
2020-11-02,,943.9674682617188,950.701832356704,925.304614065954,937.5410873079894,7183119.0,INFY.NS
2020-11-03,,935.3843994140625,950.2177753204271,930.9387388117058,943.7033834573509,7204782.0,INFY.NS
2020-11-04,,963.0263061523438,982.437410884037,939.1256970445048,940.1820383728956,15702690.0,INFY.NS
2020-11-05,,971.87353515625,988.599619547526,967.471934000651,977.0674460120499,9568890.0,INFY.NS
2020-11-06,,979.576416015625,986.9270690448684,961.045630674795,975.3948945812739,8807127.0,INFY.NS
2020-11-09,,1000.528076171875,1008.8470599910769,986.9711221108648,994.1457540209716,10160320.0,INFY.NS
2020-11-10,,960.4735107421875,980.5447491984452,948.9852877896575,980.5447491984452,15622869.0,INFY.NS
2020-11-11,,988.1594848632812,991.5486963481242,956.908115854242,964.8309981382238,12514800.0,INFY.NS
2020-11-12,,983.97802734375,1005.3257948795012,980.4567461007396,993.0893210678446,9180976.0,INFY.NS
2020-11-13,,989.656005859375,997.4028672300158,983.3177428913748,985.95870370487,6363212.0,INFY.NS
2020-11-14,,997.7991943359375,1003.25724572981,995.7304627223949,1000.924374990711,1136144.0,INFY.NS
2020-11-17,,989.2158813476562,1007.9667467831207,979.4884064775566,1007.7466667074038,12813968.0,INFY.NS
2020-11-18,,977.6397705078125,997.1387795501915,969.6287696586,993.4414772051522,9839468.0,INFY.NS
2020-11-19,,965.4912719726562,981.2929780941796,962.894370117912,968.3523128971251,10092343.0,INFY.NS
2020-11-20,,971.3014526367188,976.2752841881243,960.5175281720618,973.6343230947389,8063554.0,INFY.NS
2020-11-23,,1003.43310546875,1007.7907555736708,970.0689435091072,972.7539634968152,10546363.0,INFY.NS
2020-11-24,,1003.6092529296875,1016.6819885689223,997.7110421379086,1007.9667956557724,8515426.0,INFY.NS
2020-11-25,,982.1294555664062,1006.646356710311,978.2560243938199,1000.9242742279174,8958701.0,INFY.NS
2020-11-26,,979.9724731445312,985.9146349158843,966.8557872032092,985.9146349158843,10962256.0,INFY.NS
2020-11-27,,968.3522338867188,986.8389583518288,960.4293519731001,984.1979977139559,25306145.0,INFY.NS
2020-12-01,,1001.6723022460938,1003.7850921848928,972.7978646190395,972.7978646190395,8933802.0,INFY.NS
2020-12-02,,1004.3574829101562,1010.1235165773928,986.8390869046665,998.2832511595824,6741637.0,INFY.NS
2020-12-03,,991.6366577148438,1009.7272810173693,988.3354569268619,1009.7272810173693,16212632.0,INFY.NS
2020-12-04,,998.8554077148438,1000.9241388403057,981.5570930579954,990.3602956863183,10564055.0,INFY.NS
2020-12-07,,1006.646240234375,1015.0092828948267,1000.0438381340183,1009.9915002829443,7792141.0,INFY.NS
2020-12-08,,1015.3173828125,1027.3337762375502,1007.9667298988817,1007.9667298988817,12308330.0,INFY.NS
2020-12-09,,1034.5523681640625,1038.3377884186514,1018.5305817722591,1028.2581640207657,10039346.0,INFY.NS
2020-12-10,,1027.9940185546875,1031.4272891775722,1012.3683334085982,1018.8827250462048,9488782.0,INFY.NS
2020-12-11,,1023.9886474609375,1031.6914509697035,1016.9901432573675,1020.9075260574311,10574009.0,INFY.NS
2020-12-14,,1025.17724609375,1032.2637613990692,1010.7839204436714,1029.4467788800966,6728187.0,INFY.NS
2020-12-15,,1016.4179077148438,1024.4288018261318,1014.1290961774737,1017.6503777614232,6905926.0,INFY.NS
2020-12-16,,1026.1893310546875,1029.0064204921753,1015.5374769134664,1021.171548327468,7788404.0,INFY.NS
2020-12-17,,1020.46728515625,1029.0064568472642,1017.8263241620972,1026.3654958531113,6658153.0,INFY.NS
2020-12-18,,1047.4051513671875,1051.9827740102896,1034.9045384462956,1041.2868607153957,15995676.0,INFY.NS
2020-12-21,,1036.4012451171875,1064.9675989808431,1014.1731551198606,1045.8206303692841,10858352.0,INFY.NS
2020-12-22,,1074.43115234375,1077.380204477402,1035.3449013029538,1040.5388136585927,10901851.0,INFY.NS
2020-12-23,,1103.08544921875,1108.1912427335908,1083.2782414933815,1089.8365850669452,15878346.0,INFY.NS
2020-12-24,,1088.1202392578125,1100.3126571640075,1079.2729749049006,1100.3126571640075,7313885.0,INFY.NS
2020-12-28,,1091.8612060546875,1098.6396287283212,1088.0757861443951,1090.2325276875613,4607051.0,INFY.NS
2020-12-29,,1100.66455078125,1104.3177941793053,1087.1956067576748,1087.1956067576748,6878105.0,INFY.NS
2020-12-30,,1097.5833740234375,1103.305455874379,1089.968582068067,1103.041316804562,5194690.0,INFY.NS
2020-12-31,,1105.5062255859375,1107.7950367699373,1090.7168022322983,1094.2380832725962,7430470.0,INFY.NS
2021-01-01,,1109.599609375,1114.0452695948306,1105.5062062061872,1107.3548572277425,4253550.0,INFY.NS
2021-01-04,,1134.0723876953125,1135.6129478959467,1110.2157340805416,1117.1262254883382,7208454.0,INFY.NS
2021-01-05,,1138.9583740234375,1143.5359963052456,1122.4523694578306,1128.5705521657621,8145280.0,INFY.NS
2021-01-06,,1128.65869140625,1146.1770877418114,1116.2902550512151,1144.416447054036,7161715.0,INFY.NS
2021-01-07,,1111.0960693359375,1142.3474338318001,1105.2419190015642,1140.894884130647,10954918.0,INFY.NS
2021-01-08,,1155.0682373046875,1159.205807166795,1125.2694168181652,1125.2694168181652,13186251.0,INFY.NS
2021-01-11,,1211.496826171875,1217.7911381846839,1179.6292723945633,1181.477923642687,20528626.0,INFY.NS
2021-01-12,,1207.5792236328125,1213.0812248339826,1197.2354613746127,1213.0812248339826,8309868.0,INFY.NS
2021-01-13,,1221.13623046875,1226.1100612683126,1197.2355146942416,1209.427928406839,14442997.0,INFY.NS
2021-01-14,,1206.47900390625,1218.3633282789128,1160.6582880628148,1197.2356405052901,27521697.0,INFY.NS
2021-01-15,,1183.9866943359375,1201.152939458616,1179.6291520199532,1197.2355572739823,15018441.0,INFY.NS
2021-01-18,,1155.024658203125,1179.6295753920103,1149.6986757178847,1177.8689342347088,8861765.0,INFY.NS
2021-01-19,,1159.0738525390625,1171.7064285295091,1154.98034127026,1162.022904326786,5585744.0,INFY.NS
2021-01-20,,1179.1448974609375,1187.0238280519566,1162.506930964582,1162.506930964582,8225838.0,INFY.NS
2021-01-21,,1179.364990234375,1198.1599134497121,1175.227528063781,1188.4323317498906,6142421.0,INFY.NS
2021-01-22,,1180.3775634765625,1193.7144387646922,1167.7890464824043,1168.185147670167,9646591.0,INFY.NS
2021-01-25,,1166.512451171875,1186.5837977384417,1155.8605966401967,1184.0308472818467,6542611.0,INFY.NS
2021-01-27,,1145.296630859375,1168.6691761875868,1131.2995175680549,1161.6705658114433,8133665.0,INFY.NS
2021-01-28,,1123.4647216796875,1141.291207719844,1120.251638559747,1137.1978043016243,4660690.0,INFY.NS
2021-01-29,,1090.7608642578125,1136.6255284428273,1083.6742431601515,1132.311937664293,12183519.0,INFY.NS
2021-02-01,,1109.9959716796875,1125.0053694528378,1092.4775748930736,1100.8846773780538,8880279.0,INFY.NS
2021-02-02,,1119.1070556640625,1139.4864898120056,1112.3725846333607,1126.8098574237954,6892490.0,INFY.NS
2021-02-03,,1130.903564453125,1147.9377418137635,1120.647810835062,1124.7413219740633,8182968.0,INFY.NS
2021-02-04,,1126.237548828125,1138.6060897708453,1119.8112762871979,1131.2113791078327,5032240.0,INFY.NS
2021-02-05,,1119.85546875,1134.5128237163976,1110.9642549215084,1132.444092435958,5477481.0,INFY.NS
2021-02-08,,1147.5416259765625,1153.2196492039,1122.8485973737208,1131.6518008027583,6921922.0,INFY.NS
2021-02-09,,1149.30224609375,1172.5866757624497,1142.5237150981163,1150.4906570432056,7965949.0,INFY.NS
2021-02-10,,1141.335205078125,1148.2456975542023,1129.9790523514478,1140.7190238869975,5951207.0,INFY.NS
2021-02-11,,1137.946044921875,1140.8950964026346,1129.494991625902,1134.7328543695958,4673317.0,INFY.NS
2021-02-12,,1153.0435791015625,1165.324004378613,1145.780936581356,1148.8179986508705,5797875.0,INFY.NS
2021-02-15,,1152.91162109375,1169.4176284182483,1150.6667611132243,1162.022915644676,4363513.0,INFY.NS
2021-02-16,,1135.96533203125,1161.8027112398622,1132.0919012346753,1156.7408695352747,6896421.0,INFY.NS
2021-02-17,,1127.954345703125,1139.574529672526,1122.408285308977,1135.9652382472548,4575741.0,INFY.NS
2021-02-18,,1137.769775390625,1149.698156832188,1122.408231210597,1123.2885513919389,6437551.0,INFY.NS
2021-02-19,,1136.7574462890625,1143.9760284941008,1123.9928041858193,1140.9829185087353,5389696.0,INFY.NS
2021-02-22,,1113.78125,1151.9432226672286,1109.2036272212563,1140.0148390885133,7371303.0,INFY.NS
2021-02-23,,1114.79345703125,1136.4933713221178,1107.0467037947092,1119.0190369500622,6612942.0,INFY.NS
2021-02-24,,1121.7921142578125,1123.8167863141757,1102.1609301061992,1109.247550955885,4537258.0,INFY.NS
2021-02-25,,1122.0123291015625,1144.196358621312,1119.767469256633,1134.2486958235556,8788221.0,INFY.NS
2021-02-26,,1103.3056640625,1121.7923935308158,1095.7788812231458,1117.1266521567961,15132388.0,INFY.NS
2021-03-01,,1115.3658447265625,1130.7714503167083,1108.3232821710671,1112.1087025290365,5756286.0,INFY.NS
2021-03-02,,1148.3778076171875,1153.2195691671259,1126.1056615030825,1128.7906813469826,10461434.0,INFY.NS
2021-03-03,,1182.7542724609375,1185.791334230148,1151.458845711235,1161.3183891733065,9056399.0,INFY.NS
2021-03-04,,1171.1339111328125,1200.6246366884466,1167.2165293792084,1175.2274213961591,12041941.0,INFY.NS
2021-03-05,,1159.11767578125,1179.6291813973996,1148.8620304341473,1169.5054981242129,6486176.0,INFY.NS
2021-03-08,,1175.8878173828125,1184.9991108147522,1159.5578331575844,1166.2483532735523,5119392.0,INFY.NS
2021-03-09,,1184.5150146484375,1188.8284981205222,1160.9223877834072,1170.3858309444852,6518173.0,INFY.NS
2021-03-10,,1204.4102783203125,1209.5601307472373,1192.8340445141969,1194.5066746296966,7925984.0,INFY.NS
2021-03-12,,1210.308349609375,1225.1417252536396,1206.0828766227546,1208.6797785376261,9462061.0,INFY.NS
2021-03-15,,1209.2080078125,1214.7540689860443,1195.9151920576803,1206.038876053752,6658635.0,INFY.NS
2021-03-16,,1218.3631591796875,1237.730203617515,1215.2820384736694,1220.1678585775971,9352771.0,INFY.NS
2021-03-17,,1221.004150390625,1232.4483132998378,1216.602549271697,1225.6258315654993,7626744.0,INFY.NS
2021-03-18,,1177.076171875,1226.946334982818,1156.300635695018,1226.946334982818,10961755.0,INFY.NS
2021-03-19,,1183.546630859375,1193.0100744562515,1160.2622009937772,1170.826045008895,12767112.0,INFY.NS
2021-03-22,,1206.7431640625,1211.3207868423383,1176.1959838130717,1188.5204685629212,4862758.0,INFY.NS
2021-03-23,,1207.4034423828125,1217.7031476926572,1196.8835495202284,1208.1956447443526,7165335.0,INFY.NS
2021-03-24,,1191.733642578125,1206.4349490534235,1185.1312401261687,1195.3429344263322,6134303.0,INFY.NS
2021-03-25,,1174.171142578125,1190.6330875697502,1168.7130927832975,1185.5712463471802,8749994.0,INFY.NS
2021-03-26,,1176.283935546875,1194.3305015997794,1172.586633291157,1183.7666580566158,4922071.0,INFY.NS
2021-03-30,,1219.5078125,1232.4484785402813,1176.240046207622,1185.7034898821278,10546381.0,INFY.NS
2021-03-31,,1204.322265625,1221.8846131538799,1200.1407440742212,1216.6026911950014,8220987.0,INFY.NS
2021-04-01,,1219.4195556640625,1225.0536267024227,1206.919051217892,1214.841933392189,5675155.0,INFY.NS
2021-04-05,,1241.16357421875,1254.4563888469693,1221.004218477717,1224.5254995692171,9479572.0,INFY.NS
2021-04-06,,1242.176025390625,1255.336771135885,1238.1264659665671,1252.6958101867913,5793571.0,INFY.NS
2021-04-07,,1259.0340576171875,1263.2155790672348,1238.2585199049374,1241.4717105113793,5879234.0,INFY.NS
2021-04-08,,1267.5291748046875,1277.9609489690665,1250.935158480307,1258.858041257452,5654434.0,INFY.NS
2021-04-09,,1268.58544921875,1280.8658728503538,1258.901927155964,1280.8658728503538,6052712.0,INFY.NS
2021-04-12,,1255.1165771484375,1300.7172083820185,1245.653134606375,1297.59202855816,20384532.0,INFY.NS
2021-04-13,,1229.939453125,1263.4796330036042,1210.4403381849543,1261.4989124502106,14855206.0,INFY.NS
2021-04-15,,1197.8958740234375,1202.869705317751,1162.0228210258588,1172.850803933445,25342491.0,INFY.NS
2021-04-16,,1191.733642578125,1206.78709867639,1185.4393307483979,1201.6372462560596,10879878.0,INFY.NS
2021-04-19,,1199.4805908203125,1214.5779995455803,1172.8948505559376,1179.629323034113,12508028.0,INFY.NS
2021-04-20,,1189.620849609375,1213.9617280860366,1181.7420256855933,1213.9617280860366,8560766.0,INFY.NS
2021-04-22,,1189.40087890625,1201.46133294354,1184.1630154755971,1193.3183691890542,6622446.0,INFY.NS
2021-04-23,,1174.171142578125,1187.0237961901973,1171.7062029984013,1182.2700455498518,7316262.0,INFY.NS
2021-04-26,,1182.7542724609375,1189.5767541537984,1162.9030085508728,1172.8066110082514,7088606.0,INFY.NS
2021-04-27,,1187.1119384765625,1191.073379873036,1179.7612853775233,1184.911137700744,3636115.0,INFY.NS
2021-04-28,,1193.7142333984375,1196.7953542073567,1183.6785612714787,1195.474873860677,4879234.0,INFY.NS
2021-04-29,,1194.022216796875,1205.1582882130215,1189.6646750284053,1204.27796806093,5412357.0,INFY.NS
2021-04-30,,1192.26171875,1209.4720227612527,1184.8230555616503,1185.1752051566957,8354677.0,INFY.NS
2021-05-03,,1190.2371826171875,1198.11600683424,1177.8686386070633,1180.333578593025,4560337.0,INFY.NS
2021-05-04,,1170.2978515625,1192.7899711977664,1165.632110895416,1191.953709880542,4887060.0,INFY.NS
2021-05-05,,1180.94970703125,1183.0624972874223,1168.8893616546059,1180.5975574117253,3939788.0,INFY.NS
2021-05-06,,1198.64404296875,1201.3730142790157,1177.340335688776,1184.0307481639024,4810090.0,INFY.NS
2021-05-07,,1190.677001953125,1208.7235641200386,1187.111662540647,1201.9010833008397,4991435.0,INFY.NS
2021-05-10,,1179.2330322265625,1190.9852860554715,1175.2715911070898,1188.3002663123307,7195348.0,INFY.NS
2021-05-11,,1171.398193359375,1180.5094866973957,1166.5123728573353,1176.900195068442,6420988.0,INFY.NS
2021-05-12,,1168.1849365234375,1170.8258971937994,1157.1809337302627,1170.8258971937994,5241898.0,INFY.NS
2021-05-14,,1158.8536376953125,1168.0529416338368,1154.3640257610134,1168.0529416338368,4824609.0,INFY.NS
2021-05-17,,1170.2978515625,1175.18356484798,1162.2869581655425,1162.2869581655425,5017129.0,INFY.NS
2021-05-18,,1179.629150390625,1183.6786021012647,1170.385787645027,1177.868509867654,5620150.0,INFY.NS
2021-05-19,,1176.9881591796875,1194.990665077294,1173.6869582844565,1181.389760373329,4435878.0,INFY.NS
2021-05-20,,1179.012939453125,1187.6400133214966,1175.227519439831,1187.0238321383868,4490092.0,INFY.NS
2021-05-21,,1192.3936767578125,1195.034637282193,1185.2190458410535,1186.2314355342578,4969733.0,INFY.NS
2021-05-24,,1186.7159423828125,1199.8766892029557,1184.1189327608447,1194.2866762296803,4225371.0,INFY.NS
2021-05-25,,1198.64404296875,1204.2781141176345,1192.3497316257221,1195.4749115290554,4099340.0,INFY.NS
2021-05-26,,1230.0274658203125,1232.4483465009394,1199.040236092676,1204.1900880483613,6850024.0,INFY.NS
2021-05-27,,1234.4290771484375,1246.7535607141913,1225.141655477,1236.1456586607087,15365391.0,INFY.NS
2021-05-28,,1236.8941650390625,1244.7729892781776,1229.015233338966,1241.0316277474617,4261312.0,INFY.NS
2021-05-31,,1240.1865234375,1247.082627872758,1230.620959220852,1247.082627872758,4429904.0,INFY.NS
2021-06-01,,1234.3582763671875,1246.6378359727637,1226.7503804420733,1245.7480159613626,4791325.0,INFY.NS
2021-06-02,,1226.7501220703125,1238.584660557052,1214.6040597487086,1228.6187219765782,9272276.0,INFY.NS
2021-06-03,,1236.5382080078125,1244.858002094692,1225.3264993342227,1235.1589437566838,5115645.0,INFY.NS
2021-06-04,,1232.97900390625,1242.9894780877164,1225.8604444883183,1240.3644441299962,4194328.0,INFY.NS
2021-06-07,,1236.5382080078125,1238.6292629848542,1225.5489543024312,1237.7394431120204,5154576.0,INFY.NS
2021-06-08,,1257.2708740234375,1265.1013319051262,1241.7880960173904,1242.1884714890496,7360630.0,INFY.NS
2021-06-09,,1259.3619384765625,1267.9931466228882,1249.8408019576455,1257.671259223617,5394317.0,INFY.NS
2021-06-10,,1267.370361328125,1271.552470863138,1262.6542730264473,1267.1033719447926,3496575.0,INFY.NS
2021-06-11,,1287.480224609375,1291.6623340076171,1271.9528047198082,1272.5312092843928,6140828.0,INFY.NS
2021-06-14,,1300.7386474609375,1314.2638651845425,1293.3085651180995,1308.9249463009223,7132294.0,INFY.NS
2021-06-15,,1311.505615234375,1313.3742153613796,1301.8065562829934,1302.6963762121,5403104.0,INFY.NS
2021-06-16,,1317.4671630859375,1325.3420465256531,1305.8105455279979,1310.4375650008872,7661710.0,INFY.NS
2021-06-17,,1330.547607421875,1337.0877613114858,1312.5731820594183,1312.5731820594183,7677951.0,INFY.NS
2021-06-18,,1337.666015625,1348.7887620177426,1323.5178604893176,1342.7379445318625,13533974.0,INFY.NS
2021-06-21,,1334.99658203125,1339.8905905376864,1320.67039750686,1328.500854565387,5454052.0,INFY.NS
2021-06-22,,1345.2740478515625,1353.8162962388503,1336.5983047696675,1343.360913550413,6427862.0,INFY.NS
2021-06-23,,1337.53271484375,1356.975256632698,1333.528525561883,1356.975256632698,5529809.0,INFY.NS
2021-06-24,,1387.4068603515625,1395.904682103593,1344.6955139031338,1349.8565117138808,10785137.0,INFY.NS
2021-06-25,,1400.7542724609375,1404.135631117183,1372.9919384117954,1398.7967123676879,9780240.0,INFY.NS
2021-06-28,,1398.6190185546875,1406.0489932945832,1388.6529701012548,1399.5977987599592,5019178.0,INFY.NS
2021-06-29,,1390.8331298828125,1400.2651997208347,1387.4072361453655,1389.0089555192524,5913567.0,INFY.NS
2021-06-30,,1406.6273193359375,1415.703438725539,1398.84139533289,1398.84139533289,6058722.0,INFY.NS
2021-07-01,,1388.4749755859375,1403.1124693019067,1387.2737404607137,1403.1124693019067,4814317.0,INFY.NS
2021-07-02,,1395.0596923828125,1396.5278083315611,1372.636165574309,1387.1846993165,5166064.0,INFY.NS
2021-07-05,,1404.98095703125,1410.3644103739707,1389.053269198572,1396.2607879943475,4058338.0,INFY.NS
2021-07-06,,1390.076416015625,1411.921535049465,1385.5383568645227,1400.309343479352,4089574.0,INFY.NS
2021-07-07,,1392.212158203125,1397.506651645048,1374.4602951004547,1393.502462197475,4797120.0,INFY.NS
2021-07-08,,1388.786376953125,1402.3561301157295,1378.330993368823,1395.237571079609,3326813.0,INFY.NS
2021-07-09,,1390.699462890625,1396.9282018298825,1380.11058496977,1384.5596842120967,3436594.0,INFY.NS
2021-07-12,,1377.3074951171875,1404.1355826311178,1364.7610582132302,1397.5064688609696,4588982.0,INFY.NS
2021-07-13,,1374.72705078125,1384.9155526207576,1367.030196440079,1384.9155526207576,4456160.0,INFY.NS
2021-07-14,,1403.15673828125,1408.4066963536977,1368.631689694828,1382.7798449678412,5657716.0,INFY.NS
2021-07-15,,1406.6273193359375,1420.9088633348867,1384.5597427133494,1386.2504222209864,10021355.0,INFY.NS
2021-07-16,,1384.0701904296875,1401.1547960825774,1378.8647662261394,1400.3539365234356,6265593.0,INFY.NS
2021-07-19,,1371.835205078125,1381.8012524671824,1368.142539635368,1374.5046646004569,5669162.0,INFY.NS
2021-07-20,,1379.26513671875,1386.0721708593665,1368.5427653624465,1368.8097547336988,5069939.0,INFY.NS
2021-07-22,,1414.9915771484375,1417.349621633581,1389.3648289179616,1389.3648289179616,7854575.0,INFY.NS
2021-07-23,,1415.214111328125,1422.3772054512997,1410.4091704426617,1413.523540301329,4179719.0,INFY.NS
2021-07-26,,1427.1820068359375,1434.0781103240706,1418.4617292994851,1418.4617292994851,4586710.0,INFY.NS
2021-07-27,,1425.980712890625,1431.9869963256106,1421.8430292446305,1428.1607278743518,5892859.0,INFY.NS
2021-07-28,,1428.6947021484375,1430.4743418144471,1410.8093452291575,1428.249792231935,4686788.0,INFY.NS
2021-07-29,,1438.8387451171875,1441.5082047556239,1423.800767429878,1423.800767429878,4660873.0,INFY.NS
2021-07-30,,1433.0548095703125,1444.5335068880067,1429.184115105897,1432.6098996635847,6234257.0,INFY.NS
2021-08-02,,1451.7855224609375,1454.6329023419573,1440.7961611531427,1448.13717442387,5553389.0,INFY.NS
2021-08-03,,1472.829833984375,1475.89977776786,1455.3893859177253,1465.5333543568822,5513668.0,INFY.NS
2021-08-04,,1467.535400390625,1494.8084007547138,1458.4592812898322,1485.198302842802,6740391.0,INFY.NS
2021-08-05,,1471.361572265625,1482.439785316305,1465.5777435714137,1467.7577586309994,5420536.0,INFY.NS
2021-08-06,,1468.3807373046875,1477.6794203166185,1462.8638974414057,1474.4315559978156,3754855.0,INFY.NS
2021-08-09,,1480.037353515625,1483.7300188807942,1464.9993767983387,1477.990724476605,5018477.0,INFY.NS
2021-08-10,,1492.4501953125,1494.897199657177,1478.035158621179,1484.2193625167686,6846517.0,INFY.NS
2021-08-11,,1492.71728515625,1498.456579557271,1484.2194624118335,1490.2702806468778,4899639.0,INFY.NS
2021-08-12,,1503.4395751953125,1509.5793537960537,1489.5584074592362,1494.1410013448915,5659579.0,INFY.NS
2021-08-13,,1523.5496826171875,1532.7148715966002,1504.9525324649771,1510.024462757289,5612790.0,INFY.NS
2021-08-16,,1516.60888671875,1530.4455194170107,1503.8844201483496,1519.5452268822864,4564109.0,INFY.NS
2021-08-17,,1549.7547607421875,1556.205954643305,1500.7257088178133,1516.164061463956,9510390.0,INFY.NS
2021-08-18,,1542.458251953125,1562.0788240659326,1536.7189570845148,1538.4985968726844,6686090.0,INFY.NS
2021-08-20,,1542.0133056640625,1552.735678583318,1527.0198625262155,1527.0198625262155,6206972.0,INFY.NS
2021-08-23,,1547.1741943359375,1559.9876213215564,1541.1679106196082,1544.5047349064578,6189051.0,INFY.NS
2021-08-24,,1531.2464599609375,1563.4134691115678,1523.9944064933602,1557.1847301908044,7602939.0,INFY.NS
2021-08-25,,1544.3267822265625,1554.4262151336206,1528.710401441141,1528.710401441141,6153253.0,INFY.NS
2021-08-26,,1537.341796875,1553.6255444836327,1530.4902270972784,1542.947705689931,5302248.0,INFY.NS
2021-08-27,,1520.524169921875,1537.3416778231317,1517.3207316353644,1534.9392077288335,6698514.0,INFY.NS
2021-08-30,,1510.9586181640625,1529.2888850881866,1504.151474684652,1515.4077173505289,6559667.0,INFY.NS
2021-08-31,,1518.4329833984375,1526.0409862826573,1500.1027168908208,1512.8271837232185,12255438.0,INFY.NS
2021-09-01,,1492.8951416015625,1521.1469197245544,1488.8019923220322,1521.1469197245544,7801974.0,INFY.NS
2021-09-02,,1502.9945068359375,1507.62163467391,1479.4588180715016,1492.5391248511048,6830050.0,INFY.NS
2021-09-03,,1513.27197265625,1517.987952137385,1498.812401784732,1509.1788235490428,5339139.0,INFY.NS
2021-09-06,,1539.744140625,1541.1678305226144,1512.1151935175735,1517.276191594575,4876026.0,INFY.NS
2021-09-07,,1518.611083984375,1543.748494999435,1516.2530396340658,1539.3883559665105,3520341.0,INFY.NS
2021-09-08,,1506.6875,1513.450109310874,1497.522311859604,1513.450109310874,4584896.0,INFY.NS
2021-09-09,,1505.2191162109375,1508.155564929437,1496.8103627488554,1500.1471869196148,3331674.0,INFY.NS
2021-09-13,,1505.4862060546875,1514.0284547777442,1490.6261495836065,1497.5667877701696,4662374.0,INFY.NS
2021-09-14,,1500.3697509765625,1509.089920271295,1493.651567709299,1509.089920271295,4945167.0,INFY.NS
2021-09-15,,1522.8819580078125,1526.1298217987796,1503.973288440521,1506.6872821089974,4062344.0,INFY.NS
2021-09-16,,1514.6956787109375,1529.8226145535493,1505.0855819038713,1526.2188010957557,3246568.0,INFY.NS
2021-09-17,,1504.9522705078125,1528.7104157088386,1498.8569179841036,1510.024199917287,7454864.0,INFY.NS
2021-09-20,,1501.88232421875,1519.5452254836232,1493.0730864950874,1499.3463595187543,5660743.0,INFY.NS
2021-09-21,,1529.11083984375,1536.4963878637336,1499.0349948323485,1512.693707466829,4672222.0,INFY.NS
2021-09-22,,1527.731689453125,1547.3077257336527,1524.3059048281496,1527.8206497121014,4553892.0,INFY.NS
2021-09-23,,1550.5556640625,1552.7356793044048,1531.4689626029945,1541.1680209485553,3826090.0,INFY.NS
2021-09-24,,1569.508544921875,1590.997713616821,1559.3645780438271,1564.3031211064717,8280446.0,INFY.NS
2021-09-27,,1531.513427734375,1574.0912850316047,1528.7994337947073,1573.8688300732904,5045337.0,INFY.NS
2021-09-28,,1501.215087890625,1521.591984731913,1490.448289137985,1521.591984731913,6557197.0,INFY.NS
2021-09-29,,1505.797607421875,1513.9394805910563,1472.6518187520774,1476.4335530298395,7792548.0,INFY.NS
2021-09-30,,1490.626220703125,1515.3632568348667,1486.088161035665,1515.3632568348667,6914031.0,INFY.NS
2021-10-01,,1481.68359375,1493.963042912064,1478.2132744965895,1481.6390593077983,5733906.0,INFY.NS
2021-10-04,,1493.7850341796875,1502.0158675772525,1481.9059612165079,1488.223660262414,2947154.0,INFY.NS
2021-10-05,,1506.2869873046875,1515.3185712967768,1479.7703140555798,1486.8888723913853,4373310.0,INFY.NS
2021-10-06,,1489.1580810546875,1520.7021518744143,1485.9991770803229,1514.5623730713419,4271698.0,INFY.NS
2021-10-07,,1504.6854248046875,1516.43100383275,1491.9165311852532,1501.126145266415,5476108.0,INFY.NS
2021-10-08,,1533.9158935546875,1540.7230369842214,1511.2700223097372,1517.3652664264184,4738376.0,INFY.NS
2021-10-11,,1504.6407470703125,1539.3882537018142,1480.3931575250094,1496.6769033100875,8840633.0,INFY.NS
2021-10-12,,1499.4798583984375,1502.9056429059303,1478.8805082946456,1492.227805300915,7439300.0,INFY.NS
2021-10-13,,1520.880126953125,1524.8398906735067,1494.941963810283,1509.0900132988902,7104171.0,INFY.NS
2021-10-14,,1526.70849609375,1587.082754690168,1511.0921133732145,1560.7441073282457,19655776.0,INFY.NS
2021-10-18,,1594.6907958984375,1600.7860406436953,1548.2866652140244,1548.2866652140244,13438109.0,INFY.NS
2021-10-19,,1621.38525390625,1632.3745072788313,1585.9259547717893,1614.1332004381575,10324260.0,INFY.NS
2021-10-20,,1603.766845703125,1644.3871451191753,1596.381405840583,1627.8365170060551,5876115.0,INFY.NS
2021-10-21,,1560.4324951171875,1614.133097673442,1554.3816771021532,1614.133097673442,8779629.0,INFY.NS
2021-10-22,,1530.3121337890625,1568.9302261697185,1518.9223969134766,1557.0956880152075,7369809.0,INFY.NS
2021-10-25,,1519.411865234375,1539.1658216360158,1501.303945142191,1532.3142525237072,5905209.0,INFY.NS
2021-10-26,,1529.4212646484375,1549.9787485385702,1522.419225446703,1535.1217839102844,5871709.0,INFY.NS
2021-10-27,,1552.0882568359375,1556.7563923180637,1527.132103632975,1534.2688202556412,5090259.0,INFY.NS
2021-10-28,,1529.600830078125,1548.3179728132604,1518.9630389912397,1543.4703399076664,5329972.0,INFY.NS
2021-10-29,,1497.148681640625,1537.4107603815037,1491.1340972820406,1525.2019847743497,5875091.0,INFY.NS
2021-11-01,,1526.144775390625,1532.5632841362876,1504.5549072616056,1505.9014659494887,3636806.0,INFY.NS
2021-11-02,,1524.2144775390625,1531.8897952602304,1513.8459332272816,1521.611109181932,3471772.0,INFY.NS
2021-11-03,,1528.3441162109375,1541.7647740148589,1525.202145927978,1534.1792038792905,3530713.0,INFY.NS
2021-11-04,,1533.90966796875,1541.3606690256308,1530.5882007505536,1539.5652576464513,483407.0,INFY.NS
2021-11-08,,1559.763671875,1562.9056418615107,1528.792824865108,1553.0308790467627,5245903.0,INFY.NS
2021-11-09,,1564.252197265625,1570.9849900802546,1549.4400530734397,1557.294978023841,4016134.0,INFY.NS
2021-11-10,,1562.142578125,1571.83773382555,1545.8042688196354,1549.4400206968505,4780368.0,INFY.NS
2021-11-11,,1555.9935302734375,1561.783688936851,1534.1792351734894,1555.6792455721493,4731349.0,INFY.NS
2021-11-12,,1598.095703125,1600.4746452356892,1560.257494120251,1564.7010936682932,5069009.0,INFY.NS
2021-11-15,,1604.334716796875,1615.8702127881927,1593.8764237807977,1599.8012593110454,4354074.0,INFY.NS
2021-11-16,,1608.9581298828125,1623.904843607028,1595.2231874741956,1606.8933627342767,6034233.0,INFY.NS
2021-11-17,,1604.6041259765625,1617.665788691909,1598.544612062206,1609.1825130450993,4732492.0,INFY.NS
2021-11-18,,1597.3775634765625,1606.3994401188306,1579.0643450623231,1599.352472206742,4326924.0,INFY.NS
2021-11-22,,1579.42333984375,1602.7636867041028,1572.0172682438304,1601.506876879596,6621839.0,INFY.NS
2021-11-23,,1559.225341796875,1568.5165756006263,1535.0770320658585,1557.6094274035113,8436160.0,INFY.NS
2021-11-24,,1522.5089111328125,1562.4568159355308,1515.3272653255822,1562.0079630725788,7333061.0,INFY.NS
2021-11-25,,1546.20849609375,1549.6197123932054,1523.3618176709108,1526.0998642017403,4476260.0,INFY.NS
2021-11-26,,1518.60400390625,1542.5727043871634,1511.7365327759849,1528.3890188200792,4494181.0,INFY.NS
2021-11-29,,1522.8232421875,1536.872360153446,1498.4056877753633,1518.0205379786664,3942776.0,INFY.NS
2021-11-30,,1537.455810546875,1552.9412350958905,1526.1447397494564,1530.1844157187647,14808963.0,INFY.NS
2021-12-01,,1539.4757080078125,1563.713764760079,1537.7700450604518,1539.5654566717308,5193264.0,INFY.NS
2021-12-02,,1569.4140625,1571.4339004182755,1536.288698723639,1539.5653465965966,5559574.0,INFY.NS
2021-12-03,,1558.0133056640625,1603.8860489685592,1555.3201883320971,1589.926680297916,6754012.0,INFY.NS
2021-12-06,,1521.880615234375,1556.5768551113895,1518.4692895209917,1553.030961200896,3991449.0,INFY.NS
2021-12-07,,1536.55810546875,1548.452706939299,1520.7135766875624,1527.0872657475893,4202122.0,INFY.NS
2021-12-08,,1573.9923095703125,1579.7825772411895,1555.3649157936254,1555.72401999994,3029169.0,INFY.NS
2021-12-09,,1583.05908203125,1588.4004967272194,1563.8033384876364,1579.0643354763217,2082171.0,INFY.NS
2021-12-10,,1579.288818359375,1583.3284941772615,1567.394217340042,1579.962097662356,1823469.0,INFY.NS
2021-12-13,,1566.182373046875,1590.1510729588513,1560.930816277759,1586.2910039483113,4040584.0,INFY.NS
2021-12-14,,1572.9151611328125,1582.6552466615897,1535.3910167263787,1553.8389138318717,4768144.0,INFY.NS
2021-12-15,,1556.80126953125,1569.144723607344,1545.1310947683974,1566.4965354752162,3053149.0,INFY.NS
2021-12-16,,1590.375244140625,1595.7614778256236,1578.1664697046024,1582.3408227271173,4481031.0,INFY.NS
2021-12-17,,1634.5875244140625,1653.5740233084343,1621.9298950122225,1633.824496428529,18887243.0,INFY.NS
2021-12-20,,1614.8828125,1642.4872628921498,1604.46944825245,1617.3963227207378,5773891.0,INFY.NS
2021-12-21,,1626.2835693359375,1649.9830209330105,1616.767911153619,1616.767911153619,5353584.0,INFY.NS
2021-12-22,,1638.04345703125,1642.0383129268694,1626.9568141615287,1638.312812559749,4156428.0,INFY.NS
2021-12-23,,1667.5782470703125,1671.1690702162794,1640.108471920312,1643.9237215129017,4112933.0,INFY.NS
2021-12-24,,1672.8746337890625,1683.871529020571,1664.346429323811,1681.357909134367,3780347.0,INFY.NS
2021-12-27,,1675.2537841796875,1682.749606067074,1656.3122127711727,1669.7328713175555,2647733.0,INFY.NS
2021-12-28,,1694.8682861328125,1701.9601827636754,1686.250333713186,1688.3149909813242,3340933.0,INFY.NS
2021-12-29,,1692.669189453125,1700.0752621912457,1684.4551595905639,1690.828848757635,3236635.0,INFY.NS
2021-12-30,,1699.2222900390625,1714.4384680998746,1682.6147338295473,1691.7264690178984,4584738.0,INFY.NS
2021-12-31,,1694.644287109375,1704.1599475888918,1680.19124425449,1696.664125353844,4619420.0,INFY.NS
2022-01-03,,1704.2493896484375,1718.2536866238245,1694.6439822250395,1694.6439822250395,3329616.0,INFY.NS
2022-01-04,,1704.878173828125,1711.6109680462416,1685.8916722163883,1704.2497139511572,3921999.0,INFY.NS
2022-01-05,,1655.9527587890625,1708.244113204707,1651.778405575721,1705.6407448879727,6995719.0,INFY.NS
2022-01-06,,1631.8494873046875,1641.0060417349105,1615.8702817958638,1641.0060417349105,6449205.0,INFY.NS
2022-01-07,,1628.70751953125,1648.1876896772642,1621.9747266812612,1629.739793435008,4834389.0,INFY.NS
2022-01-10,,1661.428955078125,1678.6200425032102,1627.5405622351159,1629.3359737764672,7857560.0,INFY.NS
2022-01-11,,1665.7825927734375,1678.7095761319513,1660.8901407832352,1665.2439912966681,5142287.0,INFY.NS
2022-01-12,,1685.3975830078125,1695.7661280475315,1669.7326618149332,1677.7222647477881,5362535.0,INFY.NS
2022-01-13,,1702.768310546875,1716.8622469895265,1675.4331047076187,1710.1294538640775,14277630.0,INFY.NS
2022-01-14,,1731.988525390625,1735.2651732163426,1688.5844753336473,1689.4821810621609,7688506.0,INFY.NS
2022-01-17,,1741.1002197265625,1754.0272038314308,1733.020868358922,1740.2474431377093,5262464.0,INFY.NS
2022-01-18,,1724.2685546875,1746.0379220966745,1715.919846239553,1725.480435698786,3690315.0,INFY.NS
2022-01-19,,1676.0615234375,1720.0041749935306,1672.2910936296498,1720.0041749935306,5747770.0,INFY.NS
2022-01-20,,1637.1458740234375,1658.9601668033267,1629.7847309693936,1655.369343931458,5533463.0,INFY.NS
2022-01-21,,1603.033203125,1623.0520862970209,1594.3255006988436,1611.3819108977614,8252758.0,INFY.NS
2022-01-24,,1559.135498046875,1587.7274062411818,1551.235643068328,1584.450758110879,7116712.0,INFY.NS
2022-01-25,,1545.9840087890625,1562.0080348157867,1526.548657013934,1549.978755619526,9137653.0,INFY.NS
2022-01-27,,1506.888916015625,1534.807544146456,1494.6801391976826,1527.8952534020755,11231734.0,INFY.NS
2022-01-28,,1513.71142578125,1550.8316470432278,1507.6968409545839,1509.0433996097977,10998502.0,INFY.NS
2022-01-31,,1558.5965576171875,1570.5360869932047,1539.8794161078179,1542.2583580762077,8788872.0,INFY.NS
2022-02-01,,1590.7794189453125,1597.9161353795928,1557.2500236065903,1585.4380043158844,5119935.0,INFY.NS
2022-02-02,,1604.2900390625,1609.4070279547248,1590.7347031811576,1605.995702026575,4253717.0,INFY.NS
2022-02-03,,1560.7064208984375,1597.0185757090092,1556.6218157838234,1597.0185757090092,3832922.0,INFY.NS
2022-02-04,,1562.99560546875,1574.5311035175866,1535.2116537431557,1554.826504297,4700077.0,INFY.NS
2022-02-07,,1539.5653076171875,1554.8263048355502,1521.9702974467775,1546.0287449587365,4310209.0,INFY.NS
2022-02-08,,1541.6300048828125,1548.5422947711145,1522.508830105397,1535.0767095991916,6053401.0,INFY.NS
2022-02-09,,1559.5843505859375,1564.701229879619,1548.5425252681255,1557.519583385622,3867244.0,INFY.NS
2022-02-10,,1588.5802001953125,1592.4403790619915,1569.8630557291408,1576.0572478156403,4334630.0,INFY.NS
2022-02-11,,1545.265625,1567.3491624490587,1537.7698046116177,1562.0078575739724,7551371.0,INFY.NS
2022-02-14,,1510.12060546875,1542.7522979398288,1506.5747115034765,1517.1227543219873,7459637.0,INFY.NS
2022-02-15,,1560.43701171875,1568.0675105535606,1517.5266332614685,1525.2020612168308,4669915.0,INFY.NS
2022-02-16,,1555.9935302734375,1575.8776263746088,1550.2032620267948,1560.437130216687,5350642.0,INFY.NS
2022-02-17,,1548.3629150390625,1570.0873502660593,1544.323239180745,1565.5988215345953,3937950.0,INFY.NS
2022-02-18,,1532.3388671875,1546.298236171717,1529.24182601946,1535.0769137031268,5602215.0,INFY.NS
2022-02-21,,1553.6593017578125,1559.5842473898958,1518.469280099005,1526.997484746324,5120890.0,INFY.NS
2022-02-22,,1556.935791015625,1571.8826121857755,1518.065201649821,1526.0098748318906,8878515.0,INFY.NS
2022-02-23,,1564.56640625,1578.3910963789203,1556.083130953027,1570.9850241223437,5478811.0,INFY.NS
2022-02-24,,1506.48486328125,1539.5203677498448,1499.6173926642882,1517.212402711859,13592379.0,INFY.NS
2022-02-25,,1521.2520751953125,1551.3701456178273,1505.4524766061313,1539.5652936073436,9737281.0,INFY.NS
2022-02-28,,1540.10400390625,1551.2805065421107,1494.6801136600138,1510.1206091390077,15076542.0,INFY.NS
2022-03-02,,1528.6134033203125,1539.0267681608032,1518.0204315789038,1535.0768409224868,6771489.0,INFY.NS
2022-03-03,,1544.81689453125,1556.5319982242845,1531.0820625145825,1544.2333638859598,7344147.0,INFY.NS
2022-03-04,,1547.016357421875,1558.4171765738909,1509.043360495801,1521.8356673887606,9074499.0,INFY.NS
2022-03-07,,1561.873291015625,1571.8827318127442,1522.508916707261,1523.4066224364515,9742588.0,INFY.NS
2022-03-08,,1596.3001708984375,1615.8701982437856,1542.6622573734007,1542.6622573734007,10984500.0,INFY.NS
2022-03-09,,1627.854736328125,1644.2378666327916,1607.7910342826165,1607.7910342826165,10193515.0,INFY.NS
2022-03-10,,1639.1209716796875,1656.042703365668,1625.0269254755779,1656.042703365668,6547182.0,INFY.NS
2022-03-11,,1635.6199951171875,1644.0584516957992,1625.7452311510574,1628.4383485963656,4758657.0,INFY.NS
2022-03-14,,1697.292236328125,1701.1524149287986,1644.1930282991682,1644.1930282991682,10289724.0,INFY.NS
2022-03-15,,1651.150146484375,1695.1825455498838,1642.801439597397,1695.1825455498838,7140443.0,INFY.NS
2022-03-16,,1696.1253662109375,1700.2098618649063,1659.8580298508234,1674.221322699722,5233979.0,INFY.NS
2022-03-17,,1664.885009765625,1726.5574586044008,1645.5395172103943,1726.5574586044008,17731459.0,INFY.NS
2022-03-21,,1663.49365234375,1693.880969488696,1652.766003084631,1670.6303690877041,8362085.0,INFY.NS
2022-03-22,,1694.3297119140625,1696.6637247510457,1650.8807353530017,1660.7554977721877,5709382.0,INFY.NS
2022-03-23,,1680.8641357421875,1705.640790572813,1667.0394463651126,1702.9476735350665,6192824.0,INFY.NS
2022-03-24,,1693.70166015625,1700.7935586094522,1666.2768109452134,1666.2768109452134,3784303.0,INFY.NS
2022-03-25,,1684.58984375,1700.2547659493473,1667.937357515252,1698.4593543696753,3438588.0,INFY.NS
2022-03-28,,1682.2108154296875,1688.4947556370578,1663.1345683715988,1675.118918136154,4008555.0,INFY.NS
2022-03-29,,1693.0728759765625,1696.125097139398,1670.2263107464303,1682.2106593993997,3917785.0,INFY.NS
2022-03-30,,1709.186767578125,1722.6972825433968,1701.152345190066,1714.6179310358978,7795839.0,INFY.NS
2022-03-31,,1711.790283203125,1717.3111957910278,1700.4342829138939,1705.6410203883704,5399145.0,INFY.NS
2022-04-01,,1708.8280029296875,1714.8875173758017,1686.160930372001,1693.8362495871393,6171518.0,INFY.NS
2022-04-04,,1690.3350830078125,1699.3570700816317,1681.4029541800826,1696.43952624763,7364074.0,INFY.NS
2022-04-05,,1670.7200927734375,1696.3047057811573,1667.1741990144267,1691.0980783575872,5472024.0,INFY.NS
2022-04-06,,1641.7691650390625,1667.4884571015807,1635.7545802518507,1665.244192690946,5407453.0,INFY.NS
2022-04-07,,1625.7449951171875,1641.1406695276235,1622.6479543380187,1634.7669810824043,5797544.0,INFY.NS
2022-04-08,,1628.9769287109375,1649.9832664242795,1623.0520923259508,1636.5176793751152,5131446.0,INFY.NS
2022-04-11,,1585.842041015625,1628.4381324552166,1582.2512182318208,1628.4381324552166,8248407.0,INFY.NS
2022-04-12,,1564.207275390625,1577.7177902011679,1551.0110452461267,1577.7177902011679,6456184.0,INFY.NS
2022-04-13,,1569.6834716796875,1577.7178945069024,1554.8263973177552,1575.4287009546981,6257693.0,INFY.NS
2022-04-18,,1455.540283203125,1481.2146485276237,1427.3522976720737,1441.2667383097576,30523965.0,INFY.NS
2022-04-19,,1402.21630859375,1469.2300612636093,1391.4438401538494,1469.2300612636093,17044923.0,INFY.NS
2022-04-20,,1425.2874755859375,1433.007833244966,1403.1141858362757,1413.886655593176,10678747.0,INFY.NS
2022-04-21,,1453.2060546875,1460.7466950238763,1426.6788069866927,1431.8406148458548,7766514.0,INFY.NS
2022-04-22,,1423.2677001953125,1445.9347729738438,1420.5297630947769,1440.2343627263847,8134245.0,INFY.NS
2022-04-25,,1401.4085693359375,1411.9117934470682,1395.1246284360798,1411.9117934470682,7000570.0,INFY.NS
2022-04-26,,1419.2728271484375,1429.1475906516841,1406.3010225615533,1415.8615013776625,5345435.0,INFY.NS
2022-04-27,,1393.9576416015625,1411.8668288833383,1391.7581965918794,1411.8668288833383,8819356.0,INFY.NS
2022-04-28,,1420.7091064453125,1437.9451226972992,1398.131784782489,1409.3980358449844,9245177.0,INFY.NS
2022-04-29,,1407.19873046875,1433.9054772566708,1401.1392164916588,1427.3521812703787,9831395.0,INFY.NS
2022-05-02,,1383.364501953125,1393.9125440673035,1374.387444834675,1392.2518104170338,7072627.0,INFY.NS
2022-05-04,,1378.47216796875,1409.3980885628416,1373.6245347920797,1388.9752818655138,6220959.0,INFY.NS
2022-05-05,,1422.9984130859375,1426.8136628493476,1398.131895936832,1400.466018752797,6144870.0,INFY.NS
2022-05-06,,1385.025390625,1402.081801059126,1378.0233510388225,1391.4440090997512,6171472.0,INFY.NS
2022-05-09,,1409.7122802734375,1424.4796064245756,1366.4429045725087,1382.466931176316,6832202.0,INFY.NS
2022-05-10,,1394.136962890625,1408.6349319744825,1387.8979520606213,1398.6254914253664,6212545.0,INFY.NS
2022-05-11,,1370.5723876953125,1391.3991192964597,1356.9721223376418,1391.3991192964597,7846080.0,INFY.NS
2022-05-12,,1354.45849609375,1371.24554999195,1350.4188201690602,1359.1265222178802,7034979.0,INFY.NS
2022-05-13,,1350.5086669921875,1372.8166348589282,1344.8530764532477,1363.8845057206029,6723761.0,INFY.NS
2022-05-16,,1336.7734375,1357.1962406708608,1327.3924574591954,1355.5355071648169,6145331.0,INFY.NS
2022-05-17,,1363.1212158203125,1369.0012321589384,1329.4124315587235,1341.9803117228055,6516378.0,INFY.NS
2022-05-18,,1354.8173828125,1391.1744632386558,1351.3164182898859,1366.30805947183,6594126.0,INFY.NS
2022-05-19,,1281.160888671875,1332.8237930944929,1272.6326833436513,1329.502325378898,16561140.0,INFY.NS
2022-05-20,,1306.2965087890625,1316.709873291496,1298.7108296562692,1304.3664195619865,10488908.0,INFY.NS
2022-05-23,,1318.191162109375,1335.7861731182122,1301.718283302418,1306.2516316480803,5887569.0,INFY.NS
2022-05-24,,1293.593994140625,1319.2235373026542,1288.4321860446441,1318.3706510846894,5693167.0,INFY.NS
2022-05-25,,1266.1690673828125,1294.9405813245614,1256.114806529215,1288.2077880074494,9630092.0,INFY.NS
2022-05-26,,1278.2879638671875,1283.719127084291,1263.1168254863983,1272.9466588849823,13040065.0,INFY.NS
2022-05-27,,1311.8621826171875,1316.9342416608813,1290.3621752658935,1296.2420817605998,8284860.0,INFY.NS
2022-05-30,,1370.6170654296875,1373.4896797501283,1333.0929244633599,1334.8883358094386,10904213.0,INFY.NS
2022-05-31,,1364.085205078125,1377.1490921324805,1350.0688109873222,1370.5263940981097,16033857.0,INFY.NS
2022-06-01,,1341.359619140625,1374.2006803920185,1335.50802974436,1372.613057886202,8738508.0,INFY.NS
2022-06-02,,1368.076904296875,1373.3840770354834,1338.6831873873698,1346.303797066686,7205840.0,INFY.NS
2022-06-03,,1380.505859375,1410.7160939809075,1377.1492158604615,1383.4090071722164,9395707.0,INFY.NS
2022-06-06,,1388.0810546875,1394.0232323627165,1354.4687745578685,1375.334669946235,6624883.0,INFY.NS
2022-06-07,,1366.8975830078125,1378.8274543628195,1363.1780324002411,1378.8274543628195,4904592.0,INFY.NS
2022-06-08,,1360.819091796875,1379.144744602243,1353.5613899739583,1379.144744602243,4697608.0,INFY.NS
2022-06-09,,1374.4273681640625,1376.1963887958834,1344.0357398911278,1347.2109846360613,4361061.0,INFY.NS
2022-06-10,,1339.7718505859375,1355.3304608518883,1336.8687033026622,1348.208862822303,6516436.0,INFY.NS
2022-06-13,,1292.32470703125,1309.6524503470807,1280.712338233923,1309.6524503470807,6987685.0,INFY.NS
2022-06-14,,1306.8856201171875,1314.4608258731198,1272.9558346588265,1279.1702210306835,6090247.0,INFY.NS
2022-06-15,,1290.2379150390625,1312.1925298019619,1287.1987745076133,1306.567744365499,4651958.0,INFY.NS
2022-06-16,,1267.5576171875,1309.7884152368779,1262.8401551582572,1304.5719418948088,6641772.0,INFY.NS
2022-06-17,,1258.576416015625,1267.3309313181774,1240.2960551585052,1261.9784641623437,9692047.0,INFY.NS
2022-06-20,,1282.93505859375,1290.374159577052,1253.7681436672126,1261.0712513196502,4595194.0,INFY.NS
2022-06-21,,1315.367919921875,1320.9018961015715,1290.737069147329,1291.8710851982403,6270787.0,INFY.NS
2022-06-22,,1303.8917236328125,1324.167909536378,1301.850494634257,1302.8031124644206,6253366.0,INFY.NS
2022-06-23,,1317.68115234375,1322.716227548584,1300.0359081461734,1306.2049993211278,6254281.0,INFY.NS
2022-06-24,,1307.38427734375,1331.33471619266,1296.3163260449612,1322.716195031617,6114340.0,INFY.NS
2022-06-27,,1337.776123046875,1346.303946473831,1329.2030054210798,1331.8339449854482,4511097.0,INFY.NS
2022-06-28,,1342.811279296875,1350.1596820934983,1318.180425386765,1332.695832686275,4412178.0,INFY.NS
2022-06-29,,1327.479248046875,1339.9534251599073,1321.8091675409512,1328.7946624267454,5060038.0,INFY.NS
2022-06-30,,1326.25439453125,1344.489349388375,1319.994604156603,1329.1121369570396,9165177.0,INFY.NS
2022-07-01,,1342.1307373046875,1347.2111072100613,1308.5184562919433,1319.0875083390094,4651635.0,INFY.NS
2022-07-04,,1349.9327392578125,1353.7883939230314,1326.345204835297,1342.901839574178,4800224.0,INFY.NS
2022-07-05,,1339.000732421875,1369.8459686483452,1335.4172860401247,1359.7306341867263,7379669.0,INFY.NS
2022-07-06,,1353.2440185546875,1360.8192234162877,1333.602838947962,1344.6707910009138,5209162.0,INFY.NS
2022-07-07,,1359.6397705078125,1373.4747656207644,1356.9181321249366,1363.5862347579819,3323472.0,INFY.NS
2022-07-08,,1373.9283447265625,1376.1963766672407,1360.7737594706286,1374.4273560510105,3652582.0,INFY.NS
2022-07-11,,1336.460693359375,1360.7286382087686,1330.3370063413038,1356.2832728913424,4702638.0,INFY.NS
2022-07-12,,1305.116455078125,1332.3328420632538,1302.7577236881664,1326.163860792882,4710356.0,INFY.NS
2022-07-13,,1310.423583984375,1324.5307883911123,1305.1164108508747,1315.458659703502,5264025.0,INFY.NS
2022-07-14,,1296.271240234375,1318.135050834638,1282.7991496726352,1316.3660298267282,6157606.0,INFY.NS
2022-07-15,,1297.6318359375,1311.8297387301836,1279.7597876672385,1311.8297387301836,5620018.0,INFY.NS
2022-07-18,,1351.656494140625,1355.0131375042863,1313.6896572029552,1315.4586780241734,5835171.0,INFY.NS
2022-07-19,,1346.43994140625,1348.8893717454062,1333.6935568698457,1335.0090819172656,3418540.0,INFY.NS
2022-07-20,,1374.6995849609375,1384.2253192557744,1360.819184976676,1361.9532009641566,5079392.0,INFY.NS
2022-07-21,,1390.6666259765625,1392.9799523411634,1363.6316382423909,1376.2419192424743,5008061.0,INFY.NS
2022-07-22,,1366.5347900390625,1397.1078194529648,1353.6977057829995,1391.664542234317,7020642.0,INFY.NS
2022-07-25,,1364.085205078125,1376.3779833666647,1342.765703322451,1342.765703322451,7859626.0,INFY.NS
2022-07-26,,1316.5020751953125,1357.7802638137314,1310.9226934860476,1357.7802638137314,7268273.0,INFY.NS
2022-07-27,,1334.5555419921875,1336.3245627981846,1310.9226023376623,1316.3658795792028,4517285.0,INFY.NS
2022-07-28,,1376.6048583984375,1383.000642812574,1351.6110990365607,1357.5533877504583,6636841.0,INFY.NS
2022-07-29,,1405.90771484375,1411.35099196503,1386.2212402192902,1390.5759062138168,7009465.0,INFY.NS
2022-08-01,,1407.132568359375,1418.8809307454737,1395.202696952757,1418.8809307454737,2983249.0,INFY.NS
2022-08-02,,1400.3736572265625,1403.4582028981656,1386.5386620137654,1403.050001435288,4374635.0,INFY.NS
2022-08-03,,1420.7861328125,1424.3242853516167,1397.0171985901254,1405.272814018888,6011955.0,INFY.NS
2022-08-04,,1451.449951171875,1455.033397854832,1428.814922709787,1440.2004889831908,7402209.0,INFY.NS
2022-08-05,,1466.6456298828125,1474.8558394703302,1453.6271480443154,1459.1611241061719,5361971.0,INFY.NS
2022-08-08,,1469.1405029296875,1471.499234177275,1447.9117002138908,1466.963169953547,3763409.0,INFY.NS
2022-08-10,,1453.7633056640625,1470.7735479878663,1440.744822354331,1470.7735479878663,4423829.0,INFY.NS
2022-08-11,,1469.6392822265625,1479.9815299516408,1466.05583608314,1478.756814861088,3462090.0,INFY.NS
2022-08-12,,1446.1878662109375,1464.2414226287779,1442.6044200379383,1463.6064179821378,3562286.0,INFY.NS
2022-08-16,,1448.3199462890625,1459.7055121386732,1443.4663795689878,1459.7055121386732,3004430.0,INFY.NS
2022-08-17,,1457.210693359375,1462.4271674367703,1437.9324195950876,1448.319962808223,4067324.0,INFY.NS
2022-08-18,,1436.072509765625,1449.9075054695088,1427.9529992074047,1446.187955002789,4635706.0,INFY.NS
2022-08-19,,1448.90966796875,1455.985972727663,1438.023113412736,1438.2046224349253,4739884.0,INFY.NS
2022-08-22,,1429.449951171875,1450.633349099086,1427.9530278186126,1438.8395820332398,3950555.0,INFY.NS
2022-08-23,,1399.2850341796875,1410.262286827083,1390.757211776081,1404.3654036721289,5551574.0,INFY.NS
2022-08-24,,1394.8397216796875,1402.5510307101117,1388.9428383034808,1392.5716896119156,2888426.0,INFY.NS
2022-08-25,,1377.28515625,1405.0004412820567,1373.2933977181217,1404.3654366095145,4331088.0,INFY.NS
2022-08-26,,1380.36962890625,1401.598319043365,1376.6499679693022,1392.707700379583,3079136.0,INFY.NS
2022-08-29,,1326.118408203125,1332.2874999956043,1315.458657016953,1332.2874999956043,8079050.0,INFY.NS
2022-08-30,,1354.4234619140625,1357.2812047129148,1329.9741184273807,1336.4153079026626,6725875.0,INFY.NS
2022-09-01,,1328.341064453125,1331.8792168601256,1316.411303587629,1324.5762195682023,8140604.0,INFY.NS
2022-09-02,,1318.180419921875,1340.860743733332,1313.6443551595835,1340.860743733332,5175653.0,INFY.NS
2022-09-05,,1325.710205078125,1330.8812741156314,1312.1473062882924,1316.3658682629728,3669352.0,INFY.NS
2022-09-06,,1320.08544921875,1333.6029433786189,1311.330822713805,1325.7102355622496,3428442.0,INFY.NS
2022-09-07,,1322.3988037109375,1329.7472054847017,1304.6174543928623,1306.386475113744,3600574.0,INFY.NS
2022-09-08,,1338.9554443359375,1343.6729067769502,1327.7966821761806,1338.13893063629,4061475.0,INFY.NS
2022-09-09,,1371.3883056640625,1378.9635106957787,1342.674997256416,1349.9326999442885,4816910.0,INFY.NS
2022-09-12,,1393.660400390625,1402.4604318892673,1380.0069128123039,1384.2254749088493,5494819.0,INFY.NS
2022-09-13,,1401.5982666015625,1408.901373394763,1398.2870287233486,1407.903461537887,4947158.0,INFY.NS
2022-09-14,,1338.5018310546875,1359.8666267473366,1335.4172852850338,1358.097606026967,14332197.0,INFY.NS
2022-09-15,,1299.8546142578125,1338.3203504578364,1296.45256607429,1338.138952185551,12784100.0,INFY.NS
2022-09-16,,1249.2774658203125,1292.7782765113873,1241.3846477911488,1292.7782765113873,20464045.0,INFY.NS
2022-09-19,,1261.2979736328125,1275.5411699960084,1252.4979432114847,1262.8401910629045,6595241.0,INFY.NS
2022-09-20,,1259.7103271484375,1282.3906462376121,1256.5803766678841,1277.3101661666406,7219797.0,INFY.NS
2022-09-21,,1249.458984375,1259.9373378172006,1241.4301722440514,1251.8631207430983,7917054.0,INFY.NS
2022-09-22,,1241.0218505859375,1255.5372570833497,1233.809552280041,1239.5703320849489,9168498.0,INFY.NS
2022-09-23,,1238.753662109375,1265.3804461403417,1235.6238222755599,1240.6134926298298,10426200.0,INFY.NS
2022-09-26,,1252.1806640625,1269.5991082634534,1229.2735372611394,1233.80960197428,9414587.0,INFY.NS
2022-09-27,,1264.2464599609375,1275.9948215927839,1250.1392564200899,1264.1556500846286,8561254.0,INFY.NS
2022-09-28,,1265.289794921875,1275.405240966301,1249.232170793064,1251.0465966039471,7022098.0,INFY.NS
2022-09-29,,1268.8731689453125,1279.0339077201488,1263.7473946216799,1274.5432487847852,6119965.0,INFY.NS
2022-09-30,,1282.2999267578125,1287.6072103937954,1248.3248506647649,1260.0732124836215,8120130.0,INFY.NS
2022-10-03,,1264.427978515625,1280.9846139293722,1257.3970785454037,1280.9846139293722,4943169.0,INFY.NS
2022-10-04,,1296.77001953125,1299.3555539044949,1282.7989200355776,1287.9699887820675,6631341.0,INFY.NS
2022-10-06,,1320.130859375,1324.3494214633474,1310.106112640393,1310.922626390357,6180672.0,INFY.NS
2022-10-07,,1316.54736328125,1322.5803514308293,1306.5227268238814,1312.1474027075963,3994466.0,INFY.NS
2022-10-10,,1326.9349365234375,1329.0668646353636,1294.003064795037,1294.003064795037,5274677.0,INFY.NS
2022-10-11,,1291.6895751953125,1342.3573858184716,1288.332821528724,1326.9347688601467,12824774.0,INFY.NS
2022-10-12,,1296.135009765625,1307.3844717340612,1282.3908230970678,1303.6649210392081,5481467.0,INFY.NS
2022-10-13,,1288.151611328125,1304.5267376311374,1283.7062459953604,1298.2216523105023,4821514.0,INFY.NS
2022-10-14,,1337.45849609375,1355.37594923796,1331.1080063717516,1347.2110338811046,14990688.0,INFY.NS
2022-10-17,,1351.7017822265625,1356.2832515544005,1338.5926004471692,1339.8627206241326,4286396.0,INFY.NS
2022-10-18,,1364.17578125,1370.7530737519746,1358.3243032526377,1369.8912659285243,4692004.0,INFY.NS
2022-10-19,,1347.619384765625,1365.310036666888,1343.8545397508806,1364.448228692281,3553171.0,INFY.NS
2022-10-20,,1361.6358642578125,1364.4482021000908,1337.4132133726773,1338.139027990448,4583939.0,INFY.NS
2022-10-21,,1361.2728271484375,1366.26249762449,1352.9718077531638,1361.0914288831727,3594485.0,INFY.NS
2022-10-24,,1377.012939453125,1380.5964964935235,1370.7985538626567,1377.6026499274944,982837.0,INFY.NS
2022-10-25,,1384.678955078125,1390.6665374705215,1379.9160878294856,1386.3118716885508,3914341.0,INFY.NS
2022-10-27,,1397.6561279296875,1407.698739208656,1387.1550649469032,1403.9385396052235,6760137.0,INFY.NS
2022-10-28,,1387.843017578125,1401.3247453776467,1382.1109714126776,1399.5363917556376,3053981.0,INFY.NS
2022-10-31,,1410.220947265625,1418.245811891941,1403.4341822194212,1403.4341822194212,4542336.0,INFY.NS
2022-11-01,,1442.6414794921875,1444.475734393004,1418.8878561358067,1424.3448316381566,4542692.0,INFY.NS
2022-11-02,,1424.573974609375,1442.4120569990462,1416.9617727315378,1441.7242114783025,2938906.0,INFY.NS
2022-11-03,,1403.892822265625,1415.9530704364693,1395.546984991158,1411.2298417515794,3174027.0,INFY.NS
2022-11-04,,1388.53076171875,1394.4461881478994,1376.7456980540148,1394.4461881478994,4509682.0,INFY.NS
2022-11-07,,1382.523681640625,1401.2790045132888,1367.528670745416,1395.3176762956068,4898592.0,INFY.NS
2022-11-09,,1385.9627685546875,1402.2876797188958,1376.6998049643528,1402.2876797188958,3334755.0,INFY.NS
2022-11-10,,1377.4794921875,1386.6966675969895,1361.934227104186,1361.934227104186,3435763.0,INFY.NS
2022-11-11,,1439.981689453125,1443.0999449630117,1418.4750969869554,1418.4750969869554,7214098.0,INFY.NS
2022-11-14,,1453.922119140625,1459.516573917289,1438.468432811522,1444.613253594111,4908813.0,INFY.NS
2022-11-15,,1461.9010009765625,1465.4319188955194,1442.4120447213857,1447.0893718318237,3497614.0,INFY.NS
2022-11-16,,1469.971923828125,1475.658069244969,1461.4425937488243,1464.7901313371106,4497697.0,INFY.NS
2022-11-17,,1455.8480224609375,1469.9718064752024,1451.7667384557692,1464.8358035943602,3469515.0,INFY.NS
2022-11-18,,1461.350830078125,1465.5695937519367,1444.9342271315247,1459.7916463166098,3126064.0,INFY.NS
2022-11-21,,1438.2391357421875,1456.2607114407933,1434.4331466169938,1450.9872289206992,3071764.0,INFY.NS
2022-11-22,,1453.6927490234375,1456.3982299208378,1432.552918851605,1438.9728102933216,3399329.0,INFY.NS
2022-11-23,,1451.9501953125,1460.0667500182162,1448.419277384479,1457.2236776068496,3245067.0,INFY.NS
2022-11-24,,1494.7342529296875,1500.4203979201461,1453.4176195623174,1457.3154109383324,5282215.0,INFY.NS
2022-11-25,,1500.0994873046875,1507.7574788728768,1480.0602755632722,1496.201695768672,4563255.0,INFY.NS
2022-11-28,,1488.864501953125,1516.4700116769118,1485.7462466988793,1493.083265201096,3825766.0,INFY.NS
2022-11-29,,1494.04638671875,1502.9424774251793,1481.2066035401367,1486.8468473018079,3131710.0,INFY.NS
2022-11-30,,1499.4573974609375,1509.3624181599896,1479.4640873185208,1485.7004864644923,11868134.0,INFY.NS
2022-12-01,,1519.7716064453125,1533.9870794082958,1515.3694626356362,1518.9461694953686,5407928.0,INFY.NS
2022-12-02,,1502.162841796875,1524.082206872705,1498.5401217539268,1518.762823698916,4283343.0,INFY.NS
2022-12-05,,1503.8594970703125,1508.5368239309553,1488.7727976977453,1502.2545242879537,3824966.0,INFY.NS
2022-12-06,,1479.2347412109375,1491.2490872351268,1474.328132226153,1490.3319598752034,4822398.0,INFY.NS
2022-12-07,,1472.447998046875,1489.2314737623112,1464.3772323790536,1474.7408164804579,4898087.0,INFY.NS
2022-12-08,,1485.8839111328125,1489.3231387245678,1466.0280814456066,1472.4479729502166,4206837.0,INFY.NS
2022-12-09,,1439.2481689453125,1493.0835061100495,1431.7276565946954,1493.0835061100495,8880658.0,INFY.NS
2022-12-12,,1418.979248046875,1436.1753841252967,1403.2506051436874,1421.5472491495236,8037679.0,INFY.NS
2022-12-13,,1441.8619384765625,1446.7685479281745,1413.4309876139487,1418.9795414969738,6135067.0,INFY.NS
2022-12-14,,1448.510986328125,1456.8568229798866,1442.641348786504,1450.8954950923392,4976020.0,INFY.NS
2022-12-15,,1412.8348388671875,1439.8900986832095,1408.019919747387,1439.2481542488501,6443866.0,INFY.NS
2022-12-16,,1396.05126953125,1421.0888920823663,1386.7425160776045,1398.6192710071691,9630453.0,INFY.NS
2022-12-19,,1382.431884765625,1391.1904957152399,1371.1512855645854,1382.9821387832817,6222740.0,INFY.NS
2022-12-20,,1382.38623046875,1390.3651943884424,1359.5955240977712,1376.6082828344672,7396259.0,INFY.NS
2022-12-21,,1384.44970703125,1394.9507709461102,1377.8463225999167,1389.4480065636799,6236361.0,INFY.NS
2022-12-22,,1395.913818359375,1403.159035330933,1386.467361260263,1395.4093535025568,6302640.0,INFY.NS
2022-12-23,,1373.0313720703125,1384.7706472634532,1369.2711722199242,1383.6700272399569,6283822.0,INFY.NS
2022-12-26,,1377.892333984375,1384.7707900126975,1372.34366800658,1376.149769399726,4115459.0,INFY.NS
2022-12-27,,1389.310302734375,1395.3633206748425,1373.398166072519,1384.816356461264,4860076.0,INFY.NS
2022-12-28,,1385.0,1398.5734186856855,1374.3154431330508,1380.368461733021,5029860.0,INFY.NS
2022-12-29,,1391.786865234375,1395.226093316941,1376.6083605150352,1379.359742981088,4624745.0,INFY.NS
2022-12-30,,1383.2115478515625,1403.57184400983,1379.405558572839,1401.3707157827157,5060544.0,INFY.NS
2023-01-02,,1397.7021484375,1399.9949669224698,1379.4055017090532,1388.5308744976214,3801140.0,INFY.NS
2023-01-03,,1396.372314453125,1405.6352784494222,1389.5396484110163,1393.8960033950495,4551130.0,INFY.NS
2023-01-04,,1370.921875,1394.9505644649314,1367.528436960716,1394.9505644649314,7059590.0,INFY.NS
2023-01-05,,1352.9462890625,1381.1021672768188,1347.489425840876,1381.1021672768188,9868404.0,INFY.NS
2023-01-06,,1328.4591064453125,1352.7629837810398,1326.6248515520501,1348.1773465478836,6443714.0,INFY.NS
2023-01-09,,1361.4296875,1365.9236340298328,1328.183820144947,1328.183820144947,11498717.0,INFY.NS
2023-01-10,,1347.9481201171875,1360.9254964114878,1333.5492633945746,1359.1829318004231,7158624.0,INFY.NS
2023-01-11,,1349.3236083984375,1370.1882555291525,1342.674435137001,1348.177199215431,6173092.0,INFY.NS
2023-01-12,,1357.898681640625,1361.934064221715,1334.4202447424886,1359.1367811263865,6591385.0,INFY.NS
2023-01-13,,1379.03857421875,1393.4833301069489,1346.342961515927,1360.5584355646306,11610426.0,INFY.NS
2023-01-16,,1399.077880859375,1401.370699412078,1377.8005694719036,1384.8624058326163,6073063.0,INFY.NS
2023-01-17,,1411.917724609375,1414.3939239696545,1397.7022489799854,1400.4536313598671,5922644.0,INFY.NS
2023-01-18,,1417.3287353515625,1423.24416242099,1412.0093515411083,1416.7325801385587,5843098.0,INFY.NS
2023-01-19,,1411.3673095703125,1421.1347382958118,1399.6739357893398,1412.284436925683,6165284.0,INFY.NS
2023-01-20,,1399.123779296875,1416.9618628206752,1397.7021870153455,1410.5419708855652,6496429.0,INFY.NS
2023-01-23,,1419.7132568359375,1424.574076980102,1401.4623986498889,1407.7906002862817,4855020.0,INFY.NS
2023-01-24,,1423.2899169921875,1438.7893911638814,1421.3180708541106,1430.7186259283192,5200802.0,INFY.NS
2023-01-25,,1415.1275634765625,1427.0502195525155,1411.2297720671163,1418.7960730383943,4158617.0,INFY.NS
2023-01-27,,1393.2540283203125,1422.4186107141427,1382.47778201832,1417.8788751387417,6209955.0,INFY.NS
2023-01-30,,1411.275634765625,1416.0446522844554,1394.0335955131943,1402.104361110933,6964719.0,INFY.NS
2023-01-31,,1406.6439208984375,1420.5384211387009,1387.6135304445547,1420.5384211387009,9448126.0,INFY.NS
2023-02-01,,1422.5562744140625,1426.1789947825198,1401.4165552146444,1414.3938182397721,6194199.0,INFY.NS
2023-02-02,,1452.5003662109375,1455.4351287991021,1423.3815743389898,1423.3815743389898,6916834.0,INFY.NS
2023-02-03,,1466.853515625,1471.668434244157,1442.6413310350065,1465.1109512577386,7040194.0,INFY.NS
2023-02-06,,1439.7525634765625,1465.5697246336003,1432.1862617067081,1465.5697246336003,4570612.0,INFY.NS
2023-02-07,,1432.919921875,1445.4387337102248,1426.2248468410608,1438.972940534242,4336238.0,INFY.NS
2023-02-08,,1458.6912841796875,1470.1553778937687,1435.7630967515252,1435.7630967515252,7983338.0,INFY.NS
2023-02-09,,1482.9949951171875,1485.5170954490195,1454.6099470732718,1463.9187005529932,6904911.0,INFY.NS
2023-02-10,,1475.2452392578125,1482.3529761992756,1464.1479087924397,1479.2805100226515,4786762.0,INFY.NS
2023-02-13,,1437.55126953125,1464.6524284395919,1436.2214796095184,1464.6524284395919,4001199.0,INFY.NS
2023-02-14,,1461.213134765625,1463.7352349511611,1447.3645343194853,1453.3716512253498,5043736.0,INFY.NS
2023-02-15,,1464.698486328125,1466.4868401320366,1445.3929080976172,1452.7299279356762,3465747.0,INFY.NS
2023-02-16,,1469.0546875,1480.6562593366962,1465.4319671631831,1467.4038134282825,4290289.0,INFY.NS
2023-02-17,,1452.5462646484375,1462.818045641871,1444.9340632656852,1461.9009183405283,2857734.0,INFY.NS
2023-02-20,,1460.4796142578125,1470.1553539767042,1451.354240591475,1453.6011581412652,2417716.0,INFY.NS
2023-02-21,,1448.6026611328125,1468.917054491703,1445.3927153816476,1466.211461614736,2723288.0,INFY.NS
2023-02-22,,1432.3695068359375,1444.475542793936,1426.4081791990102,1433.4700148488394,3656244.0,INFY.NS
2023-02-23,,1422.189453125,1439.7524657040512,1419.850845363736,1439.7524657040512,4766854.0,INFY.NS
2023-02-24,,1422.1436767578125,1438.9729427671186,1416.9618843691512,1430.7187958678808,2790986.0,INFY.NS
2023-02-27,,1384.22021484375,1412.3759768738516,1377.5251410808605,1412.3759768738516,4920268.0,INFY.NS
2023-02-28,,1364.2728271484375,1397.702074099726,1358.5407812408764,1389.9981820091593,9679811.0,INFY.NS
2023-03-01,,1372.0684814453125,1376.4706257604705,1358.7242330919914,1368.7209440691638,5125043.0,INFY.NS
2023-03-02,,1350.149169921875,1365.235871380038,1345.7011242723827,1361.9342350192826,4644499.0,INFY.NS
2023-03-03,,1356.7064208984375,1366.3362572732274,1350.9284742919583,1363.5389743065641,4615015.0,INFY.NS
2023-03-06,,1382.523681640625,1394.400548877502,1369.4088267341433,1370.6928275102962,6561742.0,INFY.NS
2023-03-08,,1368.9959716796875,1372.02253676298,1358.3573166463943,1367.0242374099919,4137080.0,INFY.NS
2023-03-09,,1357.7154541015625,1374.177846498556,1352.3960702873087,1371.105492034302,5104656.0,INFY.NS
2023-03-10,,1349.5987548828125,1352.120855017214,1336.8506627217619,1339.0058895367195,3699580.0,INFY.NS
2023-03-13,,1316.16943359375,1355.78940216574,1309.6578518193462,1342.8578170068272,8798403.0,INFY.NS
2023-03-14,,1302.3209228515625,1328.321462547265,1294.066776157433,1321.5805984711983,7402784.0,INFY.NS
2023-03-15,,1301.9998779296875,1323.277187882345,1299.4318765422183,1318.829142580857,7556182.0,INFY.NS
2023-03-16,,1287.7384033203125,1300.3031143444714,1282.7858935718855,1300.3031143444714,7323117.0,INFY.NS
2023-03-17,,1302.9627685546875,1323.32306269695,1294.4335514559468,1311.4920976074493,9090018.0,INFY.NS
2023-03-20,,1287.325927734375,1302.0457556788049,1270.0838874264853,1302.0457556788049,8221829.0,INFY.NS
2023-03-21,,1275.44921875,1288.5641872883607,1274.8072742568124,1283.0614220757413,8536755.0,INFY.NS
2023-03-22,,1274.119384765625,1290.6276798354693,1267.6078018788835,1286.7298879439784,8356487.0,INFY.NS
2023-03-23,,1260.637451171875,1269.258358749589,1256.4644769231124,1269.258358749589,7607718.0,INFY.NS
2023-03-24,,1266.2318115234375,1283.0151737075835,1263.3428381778178,1272.9726746938736,7559127.0,INFY.NS
2023-03-27,,1273.843994140625,1280.0805049322928,1260.2246753182865,1271.3677950652989,4170193.0,INFY.NS
2023-03-28,,1263.4346923828125,1282.1441138599873,1261.8297194219722,1276.7330397726337,6633366.0,INFY.NS
2023-03-29,,1268.8917236328125,1274.7154605284104,1251.4663021459326,1264.7187489688145,8813966.0,INFY.NS
2023-03-31,,1309.612060546875,1311.4463153951938,1278.3839389266645,1287.6469035198686,8711975.0,INFY.NS
2023-04-03,,1293.9290771484375,1316.0777246615953,1288.7014961247696,1316.0777246615953,5242764.0,INFY.NS
2023-04-05,,1305.57666015625,1309.1992683413307,1283.97826667451,1283.97826667451,7506334.0,INFY.NS
2023-04-06,,1304.0633544921875,1310.0246820529576,1293.4704891987503,1298.6522809308385,6948465.0,INFY.NS
2023-04-10,,1309.2911376953125,1315.160775822006,1297.7353541060936,1305.943600080133,4993788.0,INFY.NS
2023-04-11,,1289.6187744140625,1314.564596044306,1273.8900163996034,1310.4834237107443,6942255.0,INFY.NS
2023-04-12,,1309.9332275390625,1312.867990700333,1283.9784750125505,1295.9470334362472,5831169.0,INFY.NS
2023-04-13,,1274.0732421875,1294.1125639133095,1268.3870975225138,1292.920253602577,11267238.0,INFY.NS
2023-04-17,,1154.021484375,1156.6352751470652,1087.071182308468,1146.6844649704485,53171705.0,INFY.NS
2023-04-18,,1154.984375,1164.7059031013866,1149.2523287192262,1164.7059031013866,12430884.0,INFY.NS
2023-04-19,,1130.0843505859375,1150.3987451220048,1127.5164610086156,1150.3987451220048,11307230.0,INFY.NS
2023-04-20,,1122.0137939453125,1135.2662413976043,1120.1795389648407,1128.7087574516104,8621249.0,INFY.NS
2023-04-21,,1125.6363525390625,1131.047426880891,1118.8954881773257,1126.324198126057,8691352.0,INFY.NS
2023-04-24,,1124.6734619140625,1128.0667887734735,1117.0612591269032,1126.2325338323785,8313774.0,INFY.NS
2023-04-25,,1123.3892822265625,1133.1108094759409,1114.3096993227584,1124.3521987449237,6808576.0,INFY.NS
2023-04-26,,1125.81982421875,1130.8181239428047,1119.3999321931217,1126.2324867816417,5680192.0,INFY.NS
2023-04-27,,1142.969970703125,1144.3915628906238,1123.8478876663187,1128.0666511252507,8020704.0,INFY.NS
2023-04-28,,1148.9315185546875,1154.6635656438648,1141.7778790057764,1151.6369999991612,10118277.0,INFY.NS
2023-05-02,,1171.5843505859375,1173.6937883843755,1150.5822227207543,1150.5822227207543,8886401.0,INFY.NS
2023-05-03,,1163.9722900390625,1167.044644512001,1157.506496932256,1161.0833162689144,5549783.0,INFY.NS
2023-05-04,,1168.0074462890625,1170.0709825879057,1157.8731454620288,1163.7885714037757,4505401.0,INFY.NS
2023-05-05,,1154.755126953125,1173.0059852361912,1150.307081299838,1173.0059852361912,5373791.0,INFY.NS
2023-05-08,,1160.71630859375,1165.026874150822,1151.1781621177383,1157.8273351579073,5260842.0,INFY.NS
2023-05-09,,1165.3935546875,1166.585864897065,1156.2222821647242,1161.0831013833995,4969897.0,INFY.NS
2023-05-10,,1158.561279296875,1170.6215279475311,1154.8010790515318,1170.6215279475311,6515734.0,INFY.NS
2023-05-11,,1152.0037841796875,1170.162952733371,1149.20661258924,1164.9811601752815,6888461.0,INFY.NS
2023-05-12,,1142.007080078125,1151.9121015289375,1136.366835704728,1149.4816913442992,8292212.0,INFY.NS
2023-05-15,,1154.0672607421875,1163.7429997559711,1142.419787348579,1146.3175788639087,5534710.0,INFY.NS
2023-05-16,,1159.524169921875,1168.3743594123644,1158.1025777274938,1160.1661142944206,5236469.0,INFY.NS
2023-05-17,,1143.5660400390625,1156.4516112883057,1139.4847564270556,1156.1306391276796,10465667.0,INFY.NS
2023-05-18,,1142.7408447265625,1155.2596572702737,1139.4849973777084,1154.2966286307426,6948732.0,INFY.NS
2023-05-19,,1163.742919921875,1167.7783026634847,1148.9771919381424,1151.9578558336234,11094136.0,INFY.NS
2023-05-22,,1185.6622314453125,1188.2301207415426,1164.9809658180477,1167.4571647740581,7625947.0,INFY.NS
2023-05-23,,1192.3115234375,1205.2429974114864,1189.560141232225,1191.5318755827825,7436031.0,INFY.NS
2023-05-24,,1191.0274658203125,1196.851202152626,1184.2866021300276,1188.8722389198845,4824077.0,INFY.NS
2023-05-25,,1196.2552490234375,1198.685659323356,1182.4066459698827,1187.2215654124593,4334121.0,INFY.NS
2023-05-26,,1208.26953125,1213.7722960275548,1197.768466581114,1197.768466581114,5521606.0,INFY.NS
2023-05-29,,1205.47216796875,1222.2555306990143,1201.299193894401,1222.2555306990143,4419365.0,INFY.NS
2023-05-30,,1214.138916015625,1216.477635339615,1200.6571899058342,1206.0223620534443,6274719.0,INFY.NS
2023-05-31,,1209.049072265625,1220.7882355808035,1205.24297124017,1210.4705525350664,17800782.0,INFY.NS
2023-06-01,,1210.1495361328125,1219.3208096161989,1208.8655354543341,1212.9468193268542,4277841.0,INFY.NS
2023-06-02,,1207.361328125,1220.28076764581,1204.619482886525,1216.6558726063317,10909311.0,INFY.NS
2023-06-05,,1212.473388671875,1217.0741430383937,1205.7813616917022,1212.0086614243962,5002553.0,INFY.NS
2023-06-06,,1188.7720947265625,1197.6948336527696,1183.1953687153355,1197.6948336527696,10008100.0,INFY.NS
2023-06-07,,1198.020263671875,1202.7140540111552,1192.025327874271,1199.4609634477556,5397578.0,INFY.NS
2023-06-08,,1192.3043212890625,1200.8552576161196,1190.7241805063895,1195.4643759367975,5034942.0,INFY.NS
2023-06-09,,1176.6427001953125,1192.0252152176977,1174.83030957908,1192.0252152176977,5339073.0,INFY.NS
2023-06-12,,1200.80859375,1204.2940478285252,1183.1954778567024,1183.6602050671725,4785588.0,INFY.NS
2023-06-13,,1212.7987060546875,1214.3323287023295,1205.5490288839856,1208.1979515705652,4846587.0,INFY.NS
2023-06-14,,1208.66259765625,1214.5180926556236,1201.970457495657,1214.19280628768,3457981.0,INFY.NS
2023-06-15,,1196.0218505859375,1202.6673581303833,1192.1645925106025,1202.6673581303833,6161155.0,INFY.NS
2023-06-16,,1200.5296630859375,1209.6847652018955,1190.6774702485802,1196.2076779215056,8536287.0,INFY.NS
2023-06-19,,1202.7139892578125,1207.8259884393565,1196.2543265846496,1202.7139892578125,4451787.0,INFY.NS
2023-06-20,,1211.4508056640625,1212.9379099116616,1200.018471934256,1202.7139122035937,4009180.0,INFY.NS
2023-06-21,,1207.6866455078125,1211.822785983513,1203.6435412463507,1208.244295499256,4041529.0,INFY.NS
2023-06-22,,1191.142333984375,1198.4385283465883,1183.6601806665321,1198.4385283465883,6676607.0,INFY.NS
2023-06-23,,1175.759765625,1189.0974130017955,1174.2261432389498,1186.4019726655229,7239467.0,INFY.NS
2023-06-26,,1180.732421875,1184.1249532633137,1173.2038636237187,1180.6394991230175,3403244.0,INFY.NS
2023-06-27,,1188.91162109375,1191.5605434478787,1184.3107537282526,1189.7016346437479,3240024.0,INFY.NS
2023-06-28,,1202.10986328125,1205.2235129272265,1191.0029282361302,1198.9962136352735,5662358.0,INFY.NS
2023-06-30,,1241.286376953125,1244.446544670447,1212.4267718508554,1215.9122259231685,12821692.0,INFY.NS
2023-07-03,,1239.61328125,1251.0456156922185,1234.7336456761632,1236.1743453719541,7732412.0,INFY.NS
2023-07-04,,1250.255615234375,1251.0456287866502,1237.4756171691324,1249.4656016820998,5797775.0,INFY.NS
2023-07-05,,1252.2540283203125,1262.152627465157,1246.3984198903297,1262.059704711734,5414936.0,INFY.NS
2023-07-06,,1249.0938720703125,1252.3933673295787,1242.8200544623764,1247.8391312404847,5963897.0,INFY.NS
2023-07-07,,1236.360107421875,1250.8596857725443,1231.8522766020494,1239.89207926807,6295647.0,INFY.NS
2023-07-10,,1235.3843994140625,1247.2349435988492,1226.229295814045,1242.262385005227,3940315.0,INFY.NS
2023-07-11,,1253.4622802734375,1255.600070946012,1233.3860863375473,1239.381022308118,6126128.0,INFY.NS
2023-07-12,,1239.2415771484375,1256.52940602109,1233.3859691382677,1255.6928743826675,8102770.0,INFY.NS
2023-07-13,,1268.7982177734375,1279.6729026631901,1236.9644035943056,1240.728739413603,9977644.0,INFY.NS
2023-07-14,,1325.35546875,1329.1198044888868,1283.251252109647,1283.251252109647,12833381.0,INFY.NS
2023-07-17,,1322.5670166015625,1356.027373066275,1314.5273272735951,1325.3553796402884,11569884.0,INFY.NS
2023-07-18,,1371.131103515625,1373.6871031492155,1328.1903550548216,1332.8376271158952,16743977.0,INFY.NS
2023-07-19,,1370.8988037109375,1393.0663832409173,1357.6540777205,1381.1693208273919,13687062.0,INFY.NS
2023-07-20,,1347.2440185546875,1367.227286163467,1339.0647752661876,1367.227286163467,8347221.0,INFY.NS
2023-07-21,,1237.661376953125,1254.7633595078025,1212.9379141908757,1227.0655747810806,45548305.0,INFY.NS
2023-07-24,,1242.3087158203125,1254.670504599167,1240.1245206940966,1246.398337830829,8859789.0,INFY.NS
2023-07-25,,1240.4498291015625,1248.1178279606174,1230.829998679233,1242.6805423705,6801982.0,INFY.NS
2023-07-26,,1253.6944580078125,1254.7633531856156,1244.9111599190257,1248.2571728357643,5528885.0,INFY.NS
2023-07-27,,1257.691162109375,1267.5898735162018,1252.0215133305276,1262.756642875828,9191861.0,INFY.NS
2023-07-28,,1245.93359375,1267.6363307852569,1241.7510490488623,1258.3417870049511,6122735.0,INFY.NS
2023-07-31,,1260.061279296875,1261.7343425932213,1239.1950734898064,1253.6016166280715,7902180.0,INFY.NS
2023-08-01,,1268.8912353515625,1272.4232078276652,1261.2697538510895,1265.9170263413293,6064652.0,INFY.NS
2023-08-02,,1261.1302490234375,1275.1649885403967,1253.322808944047,1272.7020250125254,7419145.0,INFY.NS
2023-08-03,,1268.0546875,1270.145959906921,1253.8339897494227,1254.7634441524986,6503741.0,INFY.NS
2023-08-04,,1281.1134033203125,1288.13082917061,1265.9168471204257,1272.3301049407662,5712345.0,INFY.NS
2023-08-07,,1294.7298583984375,1296.5887670249967,1279.8585893859645,1289.9896640924674,3729093.0,INFY.NS
2023-08-08,,1292.1275634765625,1295.241326729345,1286.7367956063742,1294.5906405227167,4161877.0,INFY.NS
2023-08-09,,1296.03125,1297.5183543619519,1284.970719846274,1286.3649014591272,4090828.0,INFY.NS
2023-08-10,,1291.1051025390625,1297.3325151820761,1287.8520120932285,1293.428738571801,3873025.0,INFY.NS
2023-08-11,,1275.0718994140625,1298.3082576548654,1270.6105867070967,1293.8004268479058,5783517.0,INFY.NS
2023-08-14,,1295.2412109375,1296.5888744198694,1269.2628926543166,1275.0719825934739,4304135.0,INFY.NS
2023-08-16,,1318.4310302734375,1319.7786937329943,1306.2552006588273,1311.2742769730567,7735313.0,INFY.NS
2023-08-17,,1311.971435546875,1319.825280033983,1306.812918118155,1319.825280033983,5618346.0,INFY.NS
2023-08-18,,1290.8262939453125,1309.3223454207798,1288.3632171358356,1304.6750735005544,5134103.0,INFY.NS
2023-08-21,,1306.255126953125,1307.7422311767086,1289.2925855750334,1291.7091441207042,3032722.0,INFY.NS
2023-08-22,,1304.7215576171875,1306.8593480283198,1298.1224543541218,1305.6044938755163,2890714.0,INFY.NS
2023-08-23,,1308.625244140625,1316.665047189912,1306.4875671497327,1316.1073972557133,2559125.0,INFY.NS
2023-08-24,,1323.171142578125,1324.5189194126233,1314.6666128884629,1321.2193112047876,5171963.0,INFY.NS
2023-08-25,,1319.918212890625,1322.1489262136051,1311.832004735964,1313.3191091316864,4307172.0,INFY.NS
2023-08-28,,1315.7821044921875,1324.286634688253,1311.8319234109513,1319.9181310643203,3133464.0,INFY.NS
2023-08-29,,1317.64111328125,1323.914930768979,1315.4569180328365,1323.5431263001694,3074444.0,INFY.NS
2023-08-30,,1333.906494140625,1335.30067572943,1323.5430549720845,1326.3314181496944,3070887.0,INFY.NS
2023-08-31,,1334.185302734375,1342.968715084765,1327.8650807492497,1333.906534483456,9792735.0,INFY.NS
2023-09-01,,1341.9927978515625,1343.991147630047,1327.4468128773617,1330.002812639452,3582133.0,INFY.NS
2023-09-04,,1361.743408203125,1366.297756750715,1333.4879761200634,1341.2024918308039,4609014.0,INFY.NS
2023-09-05,,1374.5701904296875,1375.639085724664,1353.7503883361237,1361.6507510555587,5496840.0,INFY.NS
2023-09-06,,1373.22216796875,1378.2877618234108,1360.070480794766,1377.3583075519618,5075786.0,INFY.NS
2023-09-07,,1362.765869140625,1369.458008273438,1358.9087245064234,1366.855490811992,4411743.0,INFY.NS
2023-09-08,,1365.9261474609375,1370.7128602563196,1357.1892535120792,1360.25649837947,3125838.0,INFY.NS
2023-09-11,,1372.2928466796875,1373.7800644251438,1361.1859124430616,1365.9261069950462,4182226.0,INFY.NS
2023-09-12,,1395.2039794921875,1397.8994199484737,1372.8970738547118,1377.9161503149019,6793161.0,INFY.NS
2023-09-13,,1392.64794921875,1398.8288435447748,1383.6322871056639,1398.8288435447748,4804686.0,INFY.NS
2023-09-14,,1400.6412353515625,1405.846270656975,1393.3915592483722,1398.8288446904617,6444213.0,INFY.NS
2023-09-15,,1404.9632568359375,1411.2835921776357,1402.5466980730964,1410.9117877236317,8657816.0,INFY.NS
2023-09-18,,1386.5601806640625,1398.7360111511314,1383.0282084042437,1398.7360111511314,3991916.0,INFY.NS
2023-09-20,,1385.1195068359375,1389.6273382680865,1372.060626309963,1372.060626309963,4169337.0,INFY.NS
2023-09-21,,1395.80810546875,1398.4106230981856,1371.8746553500082,1381.6804443744052,6779195.0,INFY.NS
2023-09-22,,1390.6031494140625,1400.641188325793,1380.4255561991947,1386.6529684238076,5455613.0,INFY.NS
2023-09-25,,1370.1551513671875,1384.7475392640083,1367.7385927513728,1384.7475392640083,4217863.0,INFY.NS
2023-09-26,,1357.607666015625,1375.4996641903995,1356.0740434803138,1374.8025733524212,3996528.0,INFY.NS
2023-09-27,,1363.509521484375,1365.926080084956,1347.7553157505324,1353.2855237091,3863586.0,INFY.NS
2023-09-28,,1337.903076171875,1368.7145118891362,1333.7670495202924,1364.346121640076,5814602.0,INFY.NS
2023-09-29,,1334.185302734375,1344.7347011757531,1316.1074596363055,1331.0716531169655,6068968.0,INFY.NS
2023-10-03,,1332.83740234375,1335.6257651101596,1320.1039244273218,1334.7428289509717,4181867.0,INFY.NS
2023-10-04,,1342.4573974609375,1347.6623192444497,1318.1521429784143,1324.4724780818983,4510406.0,INFY.NS
2023-10-05,,1360.2100830078125,1371.5494954859564,1347.8948114227326,1349.5678748329035,7384621.0,INFY.NS
2023-10-06,,1374.3841552734375,1379.7750360960613,1360.0706484952473,1365.8332203052626,3598672.0,INFY.NS
2023-10-09,,1371.3634033203125,1385.8164641413844,1359.0481329313968,1361.5577278028998,3567552.0,INFY.NS
2023-10-10,,1389.673828125,1391.393296146582,1365.4614945887647,1379.2174656790087,5688951.0,INFY.NS
2023-10-11,,1388.976806640625,1411.1442734410896,1376.9403029710347,1391.3933656125876,7220129.0,INFY.NS
2023-10-12,,1362.115478515625,1398.271278835673,1349.5678436060646,1386.6530983638577,11081662.0,INFY.NS
2023-10-13,,1330.1885986328125,1336.5553381568939,1301.2360733099106,1305.8833450003033,17973439.0,INFY.NS
2023-10-16,,1332.9771728515625,1341.7604723545678,1329.1199140456142,1331.071745773082,4850745.0,INFY.NS
2023-10-17,,1340.691650390625,1350.8227275272113,1336.6021411982906,1338.6468957944578,3923764.0,INFY.NS
2023-10-18,,1338.9256591796875,1351.4267762032766,1336.880791305478,1340.2733227545561,4264837.0,INFY.NS
2023-10-19,,1332.512451171875,1338.0891781072362,1325.495024394692,1325.495024394692,6795691.0,INFY.NS
2023-10-20,,1326.563720703125,1337.0200821379894,1324.7048120035936,1329.119720164981,3928622.0,INFY.NS
2023-10-23,,1309.27587890625,1331.3039013836562,1306.1157114580749,1325.0300845878248,2636516.0,INFY.NS
2023-10-25,,1289.88134765625,1320.4796048766234,1281.643355327688,1317.1372877323818,6940777.0,INFY.NS
2023-10-26,,1279.901611328125,1293.600262701033,1273.923205151914,1275.7591696776637,6357656.0,INFY.NS
2023-10-27,,1299.57861328125,1303.9565408986182,1283.8558619720413,1283.8558619720413,4634358.0,INFY.NS
2023-10-30,,1296.4718017578125,1299.578632909673,1283.3380187073392,1299.578632909673,2667696.0,INFY.NS
2023-10-31,,1288.3277587890625,1300.3316893879341,1283.2437181381906,1299.2018387281082,3451595.0,INFY.NS
2023-11-01,,1274.9117431640625,1296.848271394198,1272.5580310195833,1292.7058299617952,3090672.0,INFY.NS
2023-11-02,,1289.9754638671875,1295.7656185619023,1281.972842805629,1289.8342181571022,3758060.0,INFY.NS
2023-11-03,,1307.76953125,1310.54686548969,1297.1307068451297,1299.2961678955407,3349045.0,INFY.NS
2023-11-06,,1321.185791015625,1324.9046103571086,1309.4172299003549,1312.3358100714709,2736381.0,INFY.NS
2023-11-07,,1322.127197265625,1323.6335500133118,1313.2300966352614,1318.078766511828,2272209.0,INFY.NS
2023-11-08,,1309.6053466796875,1322.7861337778295,1305.3215449018542,1322.7861337778295,3550635.0,INFY.NS
2023-11-09,,1294.3533935546875,1315.725053279232,1289.8813406007866,1314.2187005328615,5498051.0,INFY.NS
2023-11-10,,1288.75146484375,1292.7998955154703,1281.3608320382564,1289.7870751538298,2943649.0,INFY.NS
2023-11-13,,1293.176513671875,1301.5556365838725,1290.6344357148544,1299.1077990502322,3462092.0,INFY.NS
2023-11-15,,1327.96435546875,1331.2595523805833,1311.4883709095843,1317.1372799012984,8551860.0,INFY.NS
2023-11-16,,1360.351318359375,1368.3539386173018,1328.058345935866,1333.2365119851127,6673907.0,INFY.NS
2023-11-17,,1353.431640625,1366.094566340676,1351.0779284155915,1356.726837718172,4901251.0,INFY.NS
2023-11-20,,1352.537109375,1367.0359990167078,1349.7597750449072,1357.6211505386314,3584210.0,INFY.NS
2023-11-21,,1354.7967529296875,1365.1530866907901,1352.6784119330985,1357.6212075918063,3793135.0,INFY.NS
2023-11-22,,1372.49658203125,1373.5791976051314,1352.1604184890853,1352.1604184890853,3108786.0,INFY.NS
2023-11-23,,1364.447021484375,1382.0057382429595,1362.9876738861756,1382.0057382429595,3186928.0,INFY.NS
2023-11-24,,1353.2904052734375,1367.6480498608116,1349.948087939533,1360.9635301203575,2973195.0,INFY.NS
2023-11-28,,1358.2801513671875,1360.4456124998921,1343.5460053605395,1359.504127646951,3755373.0,INFY.NS
2023-11-29,,1374.1912841796875,1375.226894544369,1364.964801471109,1366.1886628376049,3875778.0,INFY.NS
2023-11-30,,1370.001708984375,1375.179875684024,1364.729416784748,1368.21286477539,10120867.0,INFY.NS
2023-12-01,,1367.318603515625,1374.4738659652146,1361.5284482373077,1374.4738659652146,3489187.0,INFY.NS
2023-12-04,,1378.6632080078125,1385.7714640337215,1364.493931093046,1374.9913943979213,5511948.0,INFY.NS
2023-12-05,,1368.8719482421875,1381.064246866101,1357.6212494620409,1380.0286364435226,5123039.0,INFY.NS
2023-12-06,,1388.03125,1390.5732132882843,1366.1417258233225,1371.5081438440814,5269178.0,INFY.NS
2023-12-07,,1380.1226806640625,1386.6659544767813,1376.2626157196041,1386.6659544767813,4424453.0,INFY.NS
2023-12-08,,1403.895263671875,1407.237466186765,1380.4522661411922,1384.359451550866,6323433.0,INFY.NS
2023-12-11,,1401.4000244140625,1410.344129373373,1395.280373652429,1402.8122515129012,3862018.0,INFY.NS
2023-12-12,,1389.6787109375,1402.812378171591,1381.7702154844862,1391.0438179520306,6103494.0,INFY.NS
2023-12-13,,1364.2115478515625,1389.6787590187653,1349.2890359623277,1389.6316388053183,8549258.0,INFY.NS
2023-12-14,,1413.59228515625,1422.5835108283188,1375.8387682448185,1377.768858025946,12489858.0,INFY.NS
2023-12-15,,1486.0396728515625,1495.5957668241965,1431.9984208352303,1433.9285107001285,18395389.0,INFY.NS
2023-12-18,,1472.811767578125,1499.7853308836295,1468.9988229814394,1476.2010899731836,6467243.0,INFY.NS
2023-12-19,,1467.115966796875,1481.8501135515992,1452.9465730697686,1478.2254196692145,4221721.0,INFY.NS
2023-12-20,,1446.497314453125,1490.8412269194432,1440.4717885612556,1473.470877793026,6592367.0,INFY.NS
2023-12-21,,1446.120849609375,1456.1476870794431,1432.2339469194412,1432.2339469194412,5319038.0,INFY.NS
2023-12-22,,1471.4466552734375,1474.3652352440706,1433.8813877884545,1445.1320854708788,6741060.0,INFY.NS
2023-12-26,,1453.60546875,1457.4185283124546,1433.8814073771757,1445.1792254261095,6878067.0,INFY.NS
2023-12-27,,1475.40087890625,1478.131207944611,1453.6526019531718,1453.6526019531718,4225849.0,INFY.NS
2023-12-28,,1471.2113037109375,1477.1425892283842,1464.0089217215004,1477.1425892283842,5702253.0,INFY.NS
2023-12-29,,1452.616943359375,1468.1984480838207,1449.8866144117019,1450.8752194379208,4388990.0,INFY.NS
2024-01-01,,1460.572509765625,1465.8919221925776,1445.4146265550125,1448.9451947683858,2808451.0,INFY.NS
2024-01-02,,1444.6143798828125,1458.5012814497022,1433.8814295846275,1455.5355811804557,5396313.0,INFY.NS
2024-01-03,,1402.8123779296875,1431.0098022399532,1400.9294082948825,1431.0098022399532,7550363.0,INFY.NS
2024-01-04,,1424.18408203125,1430.821596173285,1405.5427510177758,1416.8875744672803,7056038.0,INFY.NS
2024-01-05,,1442.87255859375,1449.6040828896844,1418.1114626851406,1418.582205079393,8895403.0,INFY.NS
2024-01-08,,1433.6932373046875,1446.120791889042,1424.7020106289667,1439.4832774397032,4440136.0,INFY.NS
2024-01-09,,1439.812744140625,1462.1258878294154,1436.5645526388157,1451.675429581847,4412074.0,INFY.NS
2024-01-10,,1430.9627685546875,1445.602788218323,1416.9346220683428,1435.7171978317997,4096845.0,INFY.NS
2024-01-11,,1406.7666015625,1435.7643805973064,1399.6113397659765,1435.6702550988025,11296088.0,INFY.NS
2024-01-12,,1518.3797607421875,1523.3225564289937,1464.3856251298819,1470.5994024363956,26754401.0,INFY.NS
2024-01-15,,1555.427001953125,1567.5250585454428,1540.2691197866588,1548.69536270453,13228305.0,INFY.NS
2024-01-16,,1536.07958984375,1552.0377114243083,1529.9128183588118,1548.5542635934448,6500917.0,INFY.NS
2024-01-17,,1544.223388671875,1551.0962739751476,1525.4408120839046,1525.4408120839046,9209876.0,INFY.NS
2024-01-18,,1546.4830322265625,1552.5085584102292,1532.9727472598277,1546.5301524412396,6375464.0,INFY.NS
2024-01-19,,1562.111572265625,1568.0429726211407,1547.9422946366542,1554.9563105966838,4522736.0,INFY.NS
2024-01-23,,1546.059326171875,1576.7045882258603,1541.8696497501444,1553.5440845490969,9401255.0,INFY.NS
2024-01-24,,1577.36376953125,1581.6945769350064,1548.7426065821937,1562.7707540892902,8999681.0,INFY.NS
2024-01-25,,1571.432373046875,1582.2124437614616,1560.9819139785684,1575.0570668097866,8865304.0,INFY.NS
2024-01-29,,1559.663818359375,1581.0825992301918,1551.1904544983925,1567.7135599982494,4253785.0,INFY.NS
2024-01-30,,1554.8150634765625,1591.1093493392334,1551.8023580167996,1565.171396519599,4995943.0,INFY.NS
2024-01-31,,1563.7122802734375,1569.690686352798,1542.2463787626282,1551.8024734029086,6763779.0,INFY.NS
2024-02-01,,1560.0875244140625,1578.8701012939357,1553.7795069313138,1562.4412365507558,5760011.0,INFY.NS
2024-02-02,,1594.2633056640625,1617.941672001784,1567.5722338568344,1568.5608388941694,7858483.0,INFY.NS
2024-02-05,,1588.4732666015625,1601.2304328815121,1583.4363454059862,1595.5815235195898,3634135.0,INFY.NS
2024-02-06,,1628.2509765625,1631.5932938509086,1575.998565824632,1588.0496182360184,7694265.0,INFY.NS
2024-02-07,,1594.6400146484375,1627.827356650715,1588.143745994436,1627.827356650715,4613877.0,INFY.NS
2024-02-08,,1593.0865478515625,1606.5027074369461,1584.330807394356,1598.6413316478238,5919715.0,INFY.NS
2024-02-09,,1571.667724609375,1593.8397389846994,1562.6766131725003,1586.1194941932167,4600004.0,INFY.NS
2024-02-12,,1581.788818359375,1593.8868768043424,1572.6093402312206,1572.6093402312206,3555808.0,INFY.NS
2024-02-13,,1585.978271484375,1590.2619583832927,1566.1599704025425,1584.518924068217,2696481.0,INFY.NS
2024-02-14,,1568.7020263671875,1571.7618521594686,1539.7984871618103,1563.0531172122069,3768579.0,INFY.NS
2024-02-15,,1578.2581787109375,1588.9911294855572,1564.3712765276096,1578.8701668773688,4834391.0,INFY.NS
2024-02-16,,1602.07763671875,1608.997527029752,1589.1792259716428,1590.1678309849335,4880654.0,INFY.NS
2024-02-19,,1600.2889404296875,1611.3513878778704,1588.9440015438006,1605.2317360980246,3690993.0,INFY.NS
2024-02-20,,1586.6373291015625,1595.1106926748687,1571.1028292171682,1586.401957891193,3706389.0,INFY.NS
2024-02-21,,1558.6754150390625,1576.0457659509111,1549.0251945486223,1576.0457659509111,4300508.0,INFY.NS
2024-02-22,,1582.9654541015625,1586.0252797181995,1548.1776365233488,1567.5722005233338,5841277.0,INFY.NS
2024-02-23,,1578.7288818359375,1599.064932049705,1574.0685776987198,1597.6998249586602,5373072.0,INFY.NS
2024-02-26,,1563.0059814453125,1576.939887241313,1548.7424640342401,1576.939887241313,2782438.0,INFY.NS
2024-02-27,,1566.254150390625,1573.315286661556,1556.0861831168934,1563.8063128021718,5159088.0,INFY.NS
2024-02-28,,1573.4566650390625,1589.0382863616267,1564.7950497873524,1572.2798088946804,3188916.0,INFY.NS
2024-02-29,,1575.951416015625,1583.8127910418666,1556.5568522895687,1567.5721783829442,7814722.0,INFY.NS
2024-03-01,,1557.8748779296875,1574.1154909938598,1554.3914300839626,1571.3381567596207,6387291.0,INFY.NS
2024-03-04,,1541.39892578125,1567.0543875331723,1538.0567235736469,1560.8406106080845,4445156.0,INFY.NS
2024-03-05,,1512.495361328125,1541.5401450012134,1508.2586796437324,1538.386193843857,4596579.0,INFY.NS
2024-03-06,,1522.8988037109375,1525.3466412368123,1483.7800637991031,1509.0119027331223,6420684.0,INFY.NS
2024-03-07,,1521.8631591796875,1533.1609775234701,1510.3299696204092,1522.004404894455,6348359.0,INFY.NS
2024-03-11,,1506.940673828125,1519.3683431830998,1495.0779873422402,1514.0489306330928,6752895.0,INFY.NS
2024-03-12,,1518.56787109375,1529.9128089712128,1504.1632225256892,1506.375688833194,4614222.0,INFY.NS
2024-03-13,,1517.108642578125,1529.4420705773052,1505.0105857809417,1518.5208697901078,5688997.0,INFY.NS
2024-03-14,,1556.556884765625,1560.746446205705,1513.9075768353332,1519.9331026141767,8803799.0,INFY.NS
2024-03-15,,1538.3863525390625,1549.4959205173257,1523.6520906201538,1545.0708724563005,11809997.0,INFY.NS
2024-03-18,,1508.8707275390625,1537.1152732206572,1505.2930391151203,1534.6203153666463,4958904.0,INFY.NS
2024-03-19,,1470.08154296875,1505.4343467383314,1466.8334660527332,1499.1734492026353,6870411.0,INFY.NS
2024-03-20,,1463.9619140625,1482.7916122525826,1461.5140762832607,1471.540913554951,4759059.0,INFY.NS
2024-03-21,,1463.7264404296875,1484.6744782005846,1453.087730653012,1472.4822954464403,11062497.0,INFY.NS
2024-03-22,,1420.5594482421875,1439.4362661905388,1410.5326112138532,1431.9985126005026,14673890.0,INFY.NS
2024-03-26,,1405.307373046875,1419.2412797585116,1400.8353200453062,1404.6953849138222,8351081.0,INFY.NS
2024-03-27,,1397.022216796875,1411.2857346994197,1394.8568706833632,1408.4612802603947,6857402.0,INFY.NS
2024-03-28,,1410.3914794921875,1423.3368966751368,1400.1292712489605,1400.1292712489605,12499530.0,INFY.NS
2024-04-01,,1407.9434814453125,1440.4247089660325,1405.4486385196594,1435.7644049013911,6580002.0,INFY.NS
2024-04-02,,1396.0809326171875,1405.7782735557334,1394.197962720566,1397.963902513809,7279400.0,INFY.NS
2024-04-03,,1394.009521484375,1407.613931160152,1388.690109266799,1392.4560485461666,8736248.0,INFY.NS
2024-04-04,,1399.70556640625,1408.1319252871788,1382.09984460195,1403.3303752430386,11186915.0,INFY.NS
2024-04-05,,1392.5501708984375,1399.7054325276108,1389.678711160811,1393.4446504316754,5072482.0,INFY.NS
2024-04-08,,1390.2906494140625,1403.706808694374,1387.8428117589144,1396.2220500141934,6610887.0,INFY.NS
2024-04-09,,1407.378662109375,1425.2198696967855,1400.2705201600338,1402.8124833871761,9423230.0,INFY.NS
2024-04-10,,1418.62939453125,1421.5008543199363,1397.6813569645744,1412.5567483925915,6744595.0,INFY.NS
2024-04-12,,1397.86962890625,1418.6294157880386,1392.926833451286,1415.993212241118,12275616.0,INFY.NS
2024-04-15,,1382.240966796875,1404.6482366428452,1375.5564475345761,1393.3975389714133,8531224.0,INFY.NS
2024-04-16,,1331.68310546875,1370.0016050968616,1330.3651187142993,1366.0944202615754,16173541.0,INFY.NS
2024-04-18,,1336.202392578125,1360.1631363842591,1325.1399454315383,1337.9441165902024,22107945.0,INFY.NS
2024-04-19,,1328.67041015625,1343.3575498977523,1298.0721544750609,1303.9564344137511,20603621.0,INFY.NS
2024-04-22,,1348.9124755859375,1352.7725406478596,1330.3652692316007,1336.814417739945,5859087.0,INFY.NS
2024-04-23,,1357.9976806640625,1362.1872419980825,1349.147700674865,1358.5625485511725,4856174.0,INFY.NS
2024-04-24,,1347.0294189453125,1359.7865843478146,1343.54597104933,1359.7865843478146,4268213.0,INFY.NS
2024-04-25,,1354.27880859375,1360.351454707475,1336.9084594402714,1336.9084594402714,9089398.0,INFY.NS
2024-04-26,,1346.5587158203125,1360.8222343797577,1343.4988900371166,1355.4557017420498,8062444.0,INFY.NS
2024-04-29,,1350.79541015625,1355.549954695784,1344.6757585333085,1346.2762368329832,5055957.0,INFY.NS
2024-04-30,,1337.4263916015625,1352.4901496742034,1334.6019369629423,1350.7483107051714,6936588.0,INFY.NS
2024-05-02,,1331.68310546875,1340.6743311181829,1329.235268018188,1330.3179985042082,10076354.0,INFY.NS
2024-05-03,,1333.4249267578125,1341.4275473090295,1321.0913843193591,1338.8854694716506,8842345.0,INFY.NS
2024-05-06,,1342.46337890625,1361.104711483765,1334.1782655868928,1336.9085948576374,6445422.0,INFY.NS
2024-05-07,,1356.632568359375,1358.892155017695,1332.7659500503705,1341.568810540377,6080661.0,INFY.NS
2024-05-08,,1343.7813720703125,1355.5028124792066,1342.1807788692665,1351.2661306551702,6234983.0,INFY.NS
2024-05-09,,1355.314453125,1365.1058028380908,1341.474557983215,1344.0166358308118,6088406.0,INFY.NS
2024-05-10,,1341.521728515625,1351.9250667078657,1330.3180362931507,1351.0778223208927,8777481.0,INFY.NS
2024-05-13,,1340.156494140625,1341.615841553252,1328.6233053272724,1341.615841553252,3735954.0,INFY.NS
2024-05-14,,1341.3333740234375,1349.8538575959403,1335.0725919265954,1342.9339671701941,3463230.0,INFY.NS
2024-05-15,,1336.861328125,1348.0180152167325,1335.5433413149956,1342.5573572737128,4327544.0,INFY.NS
2024-05-16,,1368.3070068359375,1370.566593499511,1343.4989036055658,1350.0421774524657,9249145.0,INFY.NS
2024-05-17,,1359.7864990234375,1371.7433096292284,1355.0319549649053,1371.7433096292284,7542860.0,INFY.NS
2024-05-21,,1350.2305908203125,1360.1631875478636,1344.8170526513272,1346.3234055041823,6752663.0,INFY.NS
2024-05-22,,1369.6722412109375,1374.5207963720839,1344.4404006067602,1345.1465142625411,7173285.0,INFY.NS
2024-05-23,,1386.2423095703125,1391.6558474322132,1365.153026044568,1369.5779588477037,8641428.0,INFY.NS
2024-05-24,,1379.3692626953125,1389.1607269278481,1374.5677135307749,1382.334962596959,5277938.0,INFY.NS
2024-05-27,,1385.253662109375,1393.0209118473929,1374.8032036291474,1385.7244045177397,5821844.0,INFY.NS
2024-05-28,,1381.2054443359375,1389.6316880724814,1374.8504213721912,1389.1609456307224,6186922.0,INFY.NS
2024-05-29,,1366.0474853515625,1379.7461367746178,1365.1531206572472,1379.6520112690093,7401634.0,INFY.NS
2024-05-30,,1343.9224853515625,1365.011768697552,1338.3678167520543,1358.3743695494225,9663150.0,INFY.NS
2024-05-31,,1351.076904296875,1379.7424895610318,1344.4506597427837,1353.8618612517012,37113815.0,INFY.NS
2024-06-03,,1350.11669921875,1382.8636553906256,1348.2920640058599,1382.8636553906256,10589244.0,INFY.NS
2024-06-04,,1338.3526611328125,1358.8555105856897,1304.4532506211224,1353.09357909204,13736134.0,INFY.NS
2024-06-05,,1373.3563232421875,1380.9428896837226,1344.594729280313,1344.594729280313,9233424.0,INFY.NS
2024-06-06,,1413.8341064453125,1415.8028134944423,1380.4629159552635,1387.6172681767946,12660930.0,INFY.NS
2024-06-07,,1472.7496337890625,1478.6075738994743,1418.6355184856213,1422.2367255895786,24075302.0,INFY.NS
2024-06-10,,1440.242919921875,1469.1006429210506,1437.8901779119085,1464.7791939197848,6810606.0,INFY.NS
2024-06-11,,1436.4014892578125,1446.6768867495505,1434.67286293827,1440.530920339611,4853054.0,INFY.NS
2024-06-12,,1426.2701416015625,1448.8857708643502,1423.9173996680136,1447.205207418443,9564320.0,INFY.NS
2024-06-13,,1434.6729736328125,1445.2845783914581,1430.2555159747842,1435.6813586014816,7307565.0,INFY.NS
2024-06-14,,1429.8233642578125,1444.0360586769375,1427.0864701658527,1444.0360586769375,4237727.0,INFY.NS
2024-06-18,,1438.7542724609375,1447.2051523581276,1436.0654413858667,1437.6019330325926,5420939.0,INFY.NS
2024-06-19,,1451.382568359375,1455.5119996711499,1437.3138282236787,1445.2845473689924,5493456.0,INFY.NS
2024-06-20,,1455.2718505859375,1457.2885031581282,1439.618556511379,1456.1361637531038,7927010.0,INFY.NS
2024-06-21,,1471.885498046875,1495.94161129154,1463.2425999556383,1483.6975056622882,17301941.0,INFY.NS
2024-06-24,,1466.5556640625,1468.428244941943,1455.271881344855,1464.0588504809766,5564989.0,INFY.NS
2024-06-25,,1480.7684326171875,1482.6411308173647,1460.0255012602715,1465.4513439015984,4551525.0,INFY.NS
2024-06-26,,1479.56787109375,1487.394517847717,1474.0940832778324,1479.8560145479737,4851004.0,INFY.NS
2024-06-27,,1510.9224853515625,1515.7721579895247,1471.2612599725667,1477.4072265440695,14757754.0,INFY.NS
2024-06-28,,1504.5843505859375,1525.4713521019703,1502.1835458139797,1510.1542645475977,8197544.0,INFY.NS
2024-07-01,,1527.6802978515625,1536.4192046826302,1497.6221720979565,1497.6221720979565,6801771.0,INFY.NS
2024-07-02,,1556.72998046875,1568.9740856185726,1523.550809426941,1532.86588566981,10493173.0,INFY.NS
2024-07-03,,1562.8280029296875,1571.086748455425,1542.2770892539197,1560.5232067482063,7269965.0,INFY.NS
2024-07-04,,1585.155517578125,1594.13450474685,1563.4042010408868,1563.5962185483268,8008311.0,INFY.NS
2024-07-05,,1582.0823974609375,1599.7523453204356,1568.5418810019864,1585.9236853770542,7065022.0,INFY.NS
2024-07-08,,1595.718994140625,1599.8963711842514,1574.9280004454815,1577.904975049744,5880533.0,INFY.NS
2024-07-09,,1591.3975830078125,1600.61665051487,1585.491579421059,1594.0384684368905,5191182.0,INFY.NS
2024-07-10,,1582.8507080078125,1607.5789990626897,1572.575309683498,1591.2535253565572,9852770.0,INFY.NS
2024-07-11,,1587.1240234375,1598.9360301908912,1576.896688557358,1590.2931327303997,8857679.0,INFY.NS
2024-07-12,,1643.8310546875,1651.5136300854847,1600.520559326722,1613.340833576749,17078316.0,INFY.NS
2024-07-15,,1639.317626953125,1659.4363248574064,1635.092186939841,1657.7076984616265,6942230.0,INFY.NS
2024-07-16,,1657.5638427734375,1668.9436350815074,1632.5474076652558,1650.4093735037613,6886281.0,INFY.NS
2024-07-18,,1688.2940673828125,1695.3524103380762,1650.7934479826547,1650.7934479826547,11248896.0,INFY.NS
2024-07-19,,1721.8092041015625,1770.8336868455729,1715.5671113876276,1770.8336868455729,29819116.0,INFY.NS
2024-07-22,,1738.9989013671875,1750.6668359793866,1721.8091157912575,1728.7235038558324,8462126.0,INFY.NS
2024-07-23,,1764.015380859375,1766.9442924167647,1712.494085746934,1738.1826974355533,7113056.0,INFY.NS
2024-07-24,,1761.1824951171875,1769.2492234088459,1747.4018977834583,1764.5916851274765,6002845.0,INFY.NS
2024-07-25,,1752.4434814453125,1758.2534761150766,1740.1033678723722,1747.7859434479678,5815599.0,INFY.NS
2024-07-26,,1804.3489990234375,1808.2862957121283,1752.923709894062,1752.923709894062,11369047.0,INFY.NS
2024-07-29,,1796.8583984375,1827.4926924499405,1790.040135957272,1818.4656425678857,4635931.0,INFY.NS
2024-07-30,,1802.6683349609375,1805.3571660297775,1786.1987904104494,1796.8583403917328,2721265.0,INFY.NS
2024-07-31,,1794.1214599609375,1810.350924152097,1791.048476651269,1802.5242769151237,5004209.0,INFY.NS
2024-08-01,,1779.0924072265625,1793.785379837503,1771.889992657827,1782.4535340253058,7475014.0,INFY.NS
2024-08-02,,1748.9383544921875,1785.7187334567977,1744.0887987976403,1769.8734206834515,7400938.0,INFY.NS
2024-08-05,,1682.38818359375,1726.1788446068424,1650.361467418729,1714.1267562697674,10736703.0,INFY.NS
2024-08-06,,1681.6197509765625,1725.6504891423297,1675.6177387613052,1690.3586573166167,7690163.0,INFY.NS
2024-08-07,,1720.5609130859375,1726.5629255103806,1692.183351452448,1724.7382902879888,5094329.0,INFY.NS
2024-08-08,,1673.9852294921875,1709.3250068929763,1658.5720153140558,1709.3250068929763,6227910.0,INFY.NS
2024-08-09,,1700.4901123046875,1710.0933319139192,1686.325363381071,1700.9702732851492,4258524.0,INFY.NS
2024-08-12,,1726.082763671875,1731.9407043499043,1697.9452825491308,1702.698946723047,4315329.0,INFY.NS
2024-08-13,,1726.130615234375,1738.1827024097588,1718.0640047615366,1738.1827024097588,4176918.0,INFY.NS
2024-08-14,,1750.9071044921875,1752.5876680094568,1726.130749746865,1730.5002617824882,7450718.0,INFY.NS
2024-08-16,,1785.1904296875,1787.9753867685558,1756.9089953467567,1776.5955951852964,7335657.0,INFY.NS
2024-08-19,,1790.8084716796875,1793.449357119504,1775.8273550396493,1786.1988792940135,2585989.0,INFY.NS
2024-08-20,,1797.914794921875,1810.8791418743747,1794.0735069359491,1805.405353385153,3870333.0,INFY.NS
2024-08-21,,1798.394775390625,1804.444850251852,1793.0169961955314,1800.6995713961778,1966902.0,INFY.NS
2024-08-22,,1805.6453857421875,1818.513723597305,1795.51394205871,1809.2465931329778,4300287.0,INFY.NS
2024-08-23,,1788.2154541015625,1807.9020537953018,1783.3178356718943,1803.67661383031,5015935.0,INFY.NS
2024-08-26,,1801.7081298828125,1813.8081635443523,1790.0401942272256,1795.8021261828926,3728589.0,INFY.NS
2024-08-27,,1824.7076416015625,1827.2525181137994,1799.5472543971127,1801.7079786991785,3830679.0,INFY.NS
2024-08-28,,1862.160400390625,1873.5882558424064,1822.1150191580127,1831.2380783228014,6514531.0,INFY.NS
2024-08-29,,1856.638427734375,1873.1079727033768,1844.6824662886909,1856.3023384955793,7228284.0,INFY.NS
2024-08-30,,1866.5777587890625,1872.6278340667684,1851.5007508106305,1861.1039704725115,13466759.0,INFY.NS
2024-09-02,,1886.552490234375,1897.3561122833119,1865.713550595146,1866.241657337013,5573739.0,INFY.NS
2024-09-03,,1864.22509765625,1888.9533893572925,1859.6155051280512,1888.9533893572925,4694322.0,INFY.NS
2024-09-04,,1846.1708984375,1850.7324277310104,1824.6597803927025,1844.8744872415468,4778310.0,INFY.NS
2024-09-05,,1856.4464111328125,1863.0245930805459,1833.8307821972226,1849.8201661965988,4081810.0,INFY.NS
2024-09-06,,1826.3883056640625,1859.6634851962026,1821.5866958391305,1845.7388167038994,5848106.0,INFY.NS
2024-09-09,,1819.4739990234375,1844.634387126065,1814.0481565814205,1815.0084785277315,4772612.0,INFY.NS
2024-09-10,,1836.4237060546875,1858.2229673598686,1820.7704114285846,1829.317300201853,6909600.0,INFY.NS
2024-09-11,,1834.35888671875,1849.5799652721262,1829.4132055261682,1838.728280994298,5312946.0,INFY.NS
2024-09-12,,1873.0599365234375,1878.773922571952,1834.9832642548035,1848.6197893164426,8555092.0,INFY.NS
2024-09-13,,1866.9619140625,1880.886582594913,1858.8472403257115,1873.0599351123685,3843127.0,INFY.NS
2024-09-16,,1872.8680419921875,1874.5486055473657,1856.3505499405885,1868.5465928503006,1570181.0,INFY.NS
2024-09-17,,1875.07666015625,1880.7424658489679,1865.0892884852562,1870.467067930622,2793127.0,INFY.NS
2024-09-18,,1817.0732421875,1861.8242226231127,1806.6537722399733,1861.8242226231127,6385468.0,INFY.NS
2024-09-19,,1819.041748046875,1848.5237015550497,1804.2528841458939,1834.7910511020839,7976570.0,INFY.NS
2024-09-20,,1830.1336669921875,1839.0166455673825,1793.305341425795,1829.4134254860905,15242974.0,INFY.NS
2024-09-23,,1821.2025146484375,1842.761812755645,1803.9167195535472,1833.2546020080952,3636672.0,INFY.NS
2024-09-24,,1823.2672119140625,1835.0792186672709,1797.1465020357018,1813.0878227950013,7277616.0,INFY.NS
2024-09-25,,1820.0982666015625,1826.1482246431408,1802.3323102544668,1811.5033146813457,4268341.0,INFY.NS
2024-09-26,,1824.851806640625,1841.8494584619364,1817.8894724224197,1822.499064726573,8952803.0,INFY.NS
2024-09-27,,1831.093994140625,1896.2518191297418,1827.7809300940019,1855.438133669678,14908931.0,INFY.NS
2024-09-30,,1801.179931640625,1825.8122145485347,1796.282312853667,1805.40537191387,6986955.0,INFY.NS
2024-10-01,,1828.7891845703125,1833.2066423426222,1800.603757202924,1800.603757202924,4029072.0,INFY.NS
2024-10-03,,1818.2735595703125,1835.9914522282918,1806.3655442331449,1814.528280610594,7503887.0,INFY.NS
2024-10-04,,1842.0416259765625,1876.5651542030093,1811.1672509312862,1814.5764408447044,10001483.0,INFY.NS
2024-10-07,,1857.55078125,1864.9452133204372,1840.0249057901142,1846.8911139011777,6112575.0,INFY.NS
2024-10-08,,1871.2353515625,1880.2622839615105,1830.7096956078074,1861.007899519078,5637391.0,INFY.NS
2024-10-09,,1875.2686767578125,1898.5564839074102,1867.9221904384558,1875.07665925967,4857163.0,INFY.NS
2024-10-10,,1842.85791015625,1886.0723999723164,1838.1523089309171,1880.214459242611,4782119.0,INFY.NS
2024-10-11,,1858.3189697265625,1869.7468243014484,1834.3109211351211,1841.8974879353766,4709431.0,INFY.NS
2024-10-14,,1881.1746826171875,1891.354071794841,1854.477685639696,1855.4860705732615,3751378.0,INFY.NS
2024-10-15,,1881.5589599609375,1912.4332187825676,1874.308481899041,1882.2311384768134,5353705.0,INFY.NS
2024-10-16,,1843.914306640625,1881.7990810660253,1840.3130990275722,1877.4295689381306,3111512.0,INFY.NS
2024-10-17,,1890.0096435546875,1899.516854492198,1853.5654717255002,1858.415027332384,8162822.0,INFY.NS
2024-10-18,,1805.0211181640625,1859.9995499352583,1795.0818094027522,1818.6577602233042,10526196.0,INFY.NS
2024-10-21,,1779.236572265625,1823.4594469274077,1765.0718228709857,1816.064897246326,4654601.0,INFY.NS
2024-10-22,,1778.132080078125,1803.2925852339904,1773.666559613223,1784.4701814346959,4125240.0,INFY.NS
2024-10-23,,1799.0672607421875,1811.167294513619,1770.8337704576425,1772.0341729593083,4311910.0,INFY.NS
2024-10-24,,1789.4158935546875,1809.2465653946333,1786.198838446931,1787.5433126309072,2906475.0,INFY.NS
2024-10-25,,1788.1676025390625,1801.9001366151979,1773.1385399992107,1789.5119595392343,4689120.0,INFY.NS
2024-10-28,,1791.336669921875,1807.2300463621355,1783.3180044404317,1785.9108270230458,7018940.0,INFY.NS
2024-10-29,,1786.4317626953125,1798.378144066303,1776.4277753656768,1792.9391324904534,4621252.0,INFY.NS
2024-10-30,,1750.301025390625,1786.1404080241402,1744.7163014394891,1779.3416136488445,5919715.0,INFY.NS
2024-10-31,,1706.740234375,1736.5092654474463,1696.2992285309076,1736.5092654474463,7395236.0,INFY.NS
2024-11-01,,1710.236572265625,1715.2385657478123,1701.6895882617994,1713.7816813488193,371966.0,INFY.NS
2024-11-04,,1712.9561767578125,1716.2098616116575,1668.6183034798119,1674.9314693544445,7336722.0,INFY.NS
2024-11-05,,1703.7777099609375,1717.6181118779048,1694.842199656711,1709.4110437798347,3160880.0,INFY.NS
2024-11-06,,1771.2801513671875,1774.679548579323,1711.985022561022,1713.296194916247,10421494.0,INFY.NS
2024-11-07,,1751.2237548828125,1773.22261567757,1735.6350435250165,1760.8390975998175,4550965.0,INFY.NS
2024-11-08,,1777.3504638671875,1787.694367437014,1761.0334287500186,1765.7439982122546,4210960.0,INFY.NS
2024-11-11,,1806.6337890625,1814.306737413767,1770.163186757311,1776.427742360696,3804234.0,INFY.NS
2024-11-12,,1815.083740234375,1826.9330191433785,1807.5078940062876,1817.3175584882076,5012450.0,INFY.NS
2024-11-13,,1814.6953125,1819.3572716489662,1802.943134866599,1807.605094015565,4257495.0,INFY.NS
2024-11-14,,1810.9559326171875,1822.0767695268303,1802.6516440521305,1811.975680567675,4311431.0,INFY.NS
2024-11-18,,1759.3822021484375,1796.047127993138,1743.4050832115965,1796.047127993138,4839244.0,INFY.NS
2024-11-19,,1772.2999267578125,1806.24528689049,1768.2206977377823,1773.0283689800722,4669769.0,INFY.NS
2024-11-21,,1781.3326416015625,1813.3354888516371,1768.26917339711,1789.0540816629436,5436504.0,INFY.NS
2024-11-22,,1847.572265625,1859.0331371970146,1781.2840242640295,1800.80625185363,6301486.0,INFY.NS
2024-11-25,,1835.383056640625,1864.1323391283017,1827.904430253904,1860.927145784527,12764638.0,INFY.NS
2024-11-26,,1868.8427734375,1882.8773790978912,1842.7645663309452,1850.194581938472,6850495.0,INFY.NS
2024-11-27,,1869.1827392578125,1885.5969943515,1856.7992214996743,1874.621750796134,4447143.0,INFY.NS
2024-11-28,,1803.282958984375,1859.8586361338635,1798.4266776839897,1859.8586361338635,8468790.0,INFY.NS
2024-11-29,,1804.448486328125,1823.0480681141644,1791.9678666332622,1797.8925063282472,5244346.0,INFY.NS
2024-12-02,,1825.7677001953125,1828.6814691911163,1782.4495729417774,1805.5655210664468,2868263.0,INFY.NS
2024-12-03,,1837.7139892578125,1845.1441235346933,1817.3662175546285,1832.760605927078,4715792.0,INFY.NS
2024-12-04,,1834.9459228515625,1858.935905488834,1821.1055208927776,1829.8468273930628,4705573.0,INFY.NS
2024-12-05,,1879.2352294921875,1893.8526842407528,1834.654541582606,1845.386971128795,9050038.0,INFY.NS
2024-12-06,,1867.1431884765625,1882.2461532385446,1857.4306251975142,1877.2442779990854,3573331.0,INFY.NS
2024-12-09,,1868.357177734375,1874.7188352688952,1842.6673778401903,1868.8912975545852,4274645.0,INFY.NS
2024-12-10,,1892.54150390625,1909.101352624084,1876.4671647750902,1883.2659588503623,6174921.0,INFY.NS
2024-12-11,,1917.4056396484375,1921.1449526741415,1895.8922889888395,1898.806057875605,5025612.0,INFY.NS
2024-12-12,,1929.88623046875,1941.3471020098962,1913.9091120699152,1918.4253589276038,6462130.0,INFY.NS
2024-12-13,,1942.22119140625,1948.7771714843159,1897.6406217246506,1913.132112410419,5362693.0,INFY.NS
2024-12-16,,1923.1361083984375,1942.1240981650324,1920.7564592966078,1938.0933607570853,3119221.0,INFY.NS
2024-12-17,,1919.7852783203125,1925.0300863243267,1901.7199339167669,1911.4324974199167,5811050.0,INFY.NS
2024-12-18,,1922.261962890625,1927.8951783904936,1905.216367108079,1910.2669710918078,3064095.0,INFY.NS
2024-12-19,,1890.259033203125,1903.4196039771014,1864.8121646312206,1878.4097533316565,5323592.0,INFY.NS
2024-12-20,,1866.9002685546875,1923.038809987995,1856.3135514684034,1918.3768510152895,11056720.0,INFY.NS
2024-12-23,,1868.988525390625,1884.2372017118134,1854.1282567360063,1874.5732490554924,2781793.0,INFY.NS
2024-12-24,,1854.1768798828125,1886.1797274213886,1787.111585198432,1871.6594932162752,2360544.0,INFY.NS
2024-12-26,,1852.5743408203125,1864.5693327398988,1847.6209572676305,1854.1769374712999,3623321.0,INFY.NS
2024-12-27,,1861.655517578125,1868.8428379280153,1849.1748978049127,1854.5168074679777,3937500.0,INFY.NS
2024-12-30,,1851.2144775390625,1860.9270403802957,1832.2749799986577,1860.6356160704356,7789055.0,INFY.NS
2015-01-01,,217.2353515625,217.77157448998673,215.63811666891775,216.99576911381928,3544940.0,HDFCBANK.NS
2015-01-02,,220.25869750976562,221.17140319833965,216.85887717589762,216.85887717589762,5900384.0,HDFCBANK.NS
2015-01-05,,218.3990478515625,221.4566032697849,217.9312750879502,221.33110903455474,4796000.0,HDFCBANK.NS
2015-01-06,,214.99923706054688,218.2621571618612,213.92680507467585,217.68031006183256,8219680.0,HDFCBANK.NS
2015-01-07,,215.62669372558594,217.0756082661509,213.63015026516385,214.41736161491522,5746112.0,HDFCBANK.NS
2015-01-08,,220.156005859375,221.0915375059701,216.35687695026266,217.73734145946173,9525824.0,HDFCBANK.NS
2015-01-09,,222.62030029296875,223.612862017948,220.55529282372464,221.9928152209796,8985184.0,HDFCBANK.NS
2015-01-12,,220.65798950195312,222.3350944334962,220.07614245500247,221.19421240936452,4126412.0,HDFCBANK.NS
2015-01-13,,219.81373596191406,221.77606141683725,218.06819480563135,221.09153219630693,5828348.0,HDFCBANK.NS
2015-01-14,,219.93923950195312,222.3921358239376,218.9808958280074,219.0607519980102,3685232.0,HDFCBANK.NS
2015-01-15,,226.61338806152344,227.76567604954334,221.50223133761725,225.89462685989295,11398476.0,HDFCBANK.NS
2015-01-16,,228.48443603515625,231.5762374434814,227.84554489082137,228.67839433416773,7821308.0,HDFCBANK.NS
2015-01-19,,229.214599609375,232.7399277712668,228.8495229404467,231.1997370727805,4239492.0,HDFCBANK.NS
2015-01-20,,232.95669555664062,234.33715997464017,228.6327500434172,230.45816122140855,8505804.0,HDFCBANK.NS
2015-01-21,,232.72853088378906,235.69481027067818,232.36344027372903,234.42844791428834,6740612.0,HDFCBANK.NS
2015-01-22,,233.025146484375,235.59213096217104,232.4090674243475,233.88080797697367,6470680.0,HDFCBANK.NS
2015-01-23,,237.94239807128906,239.12890439441398,233.7439460875436,235.02172855557862,9987912.0,HDFCBANK.NS
2015-01-27,,245.07290649414062,245.9171481461634,237.50885224697575,237.9880171806527,9962400.0,HDFCBANK.NS
2015-01-28,,241.49049377441406,249.442435954613,240.72610838485292,244.1487544756328,11364940.0,HDFCBANK.NS
2015-01-29,,249.85313415527344,251.13091630261545,242.09513729565765,245.28960659079354,20567616.0,HDFCBANK.NS
2015-01-30,,245.82582092285156,249.75047142687586,242.83671587299906,249.75047142687586,10570416.0,HDFCBANK.NS
2015-02-02,,246.7955780029297,249.39679442121957,240.12141859138288,243.8064728628299,5710352.0,HDFCBANK.NS
2015-02-03,,242.802490234375,246.93247730915817,240.79455472107844,246.08823581034395,10200688.0,HDFCBANK.NS
2015-02-04,,243.6239471435547,246.61308046277867,241.23951474833416,242.55152913452753,6197512.0,HDFCBANK.NS
2015-02-05,,245.63186645507812,249.3511524903417,244.22857618515664,245.28960189429537,8059148.0,HDFCBANK.NS
2015-02-06,,240.3838653564453,246.190944270378,239.59666782632067,245.74601138005846,6903120.0,HDFCBANK.NS
2015-02-09,,237.32627868652344,239.98453943615863,236.04849636007233,238.90070148767109,5231896.0,HDFCBANK.NS
2015-02-10,,240.60060119628906,242.39180827391687,235.0216991871086,235.0216991871086,9275752.0,HDFCBANK.NS
2015-02-11,,241.501953125,242.9622879326257,240.26979476064173,241.41067697697906,4161588.0,HDFCBANK.NS
2015-02-12,,245.51779174804688,246.86403799841878,240.20127080389918,243.03066356576022,5525740.0,HDFCBANK.NS
2015-02-13,,243.19039916992188,246.886845418309,242.68839441719277,246.70429317121435,7714500.0,HDFCBANK.NS
2015-02-16,,243.58973693847656,247.57140414013358,242.4374349298543,245.47219231557895,7388716.0,HDFCBANK.NS
2015-02-18,,245.24400329589844,247.1036186535932,241.19387223826735,243.58972441320404,5381692.0,HDFCBANK.NS
2015-02-19,,246.38485717773438,247.54855110210016,242.73403523239176,245.0614230811233,4507004.0,HDFCBANK.NS
2015-02-20,,244.84474182128906,248.68950929186462,243.8065278704923,247.1150862739758,6206024.0,HDFCBANK.NS
2015-02-23,,243.57830810546875,246.7841976814443,242.32333789977312,245.76879598469728,5581564.0,HDFCBANK.NS
2015-02-24,,243.6125946044922,244.37698014815368,241.2053218939107,244.2172677731453,5846288.0,HDFCBANK.NS
2015-02-25,,240.14425659179688,245.24402174494068,239.585235517017,244.14876381257923,4648524.0,HDFCBANK.NS
2015-02-26,,236.88136291503906,240.95430656033113,236.1854136722777,240.41809752837727,12426944.0,HDFCBANK.NS
2015-02-27,,240.49789428710938,241.53610791335944,238.5469751796938,238.5469751796938,10261784.0,HDFCBANK.NS
2015-03-02,,247.01239013671875,250.76588103628112,243.69241214444787,246.5103853096746,14385232.0,HDFCBANK.NS
2015-03-03,,247.19488525390625,249.16861658788372,245.75739071649863,247.90222648852554,6029348.0,HDFCBANK.NS
2015-03-04,,243.0762939453125,253.11605405361163,241.8669480635705,252.13488453796737,12277624.0,HDFCBANK.NS
2015-03-05,,247.59422302246094,248.71229302972986,242.43744160008072,243.00788263913972,9702452.0,HDFCBANK.NS
2015-03-09,,241.63882446289062,246.84125788737092,240.9542952151204,245.7574199117347,5755808.0,HDFCBANK.NS
2015-03-10,,240.16709899902344,242.38039910382614,238.44435590821212,242.3233549995419,5134836.0,HDFCBANK.NS
2015-03-11,,241.0569305419922,242.3005085510909,239.58520400169255,239.7905683186922,5465536.0,HDFCBANK.NS
2015-03-12,,240.6348114013672,242.7568629352068,239.83619404938324,241.8897815259134,7530836.0,HDFCBANK.NS
2015-03-13,,237.9081268310547,242.77968735530018,236.07129568661193,241.8669817637389,5426780.0,HDFCBANK.NS
2015-03-16,,239.93890380859375,241.38781837333474,237.87389625364713,238.44433725185732,5348772.0,HDFCBANK.NS
2015-03-17,,241.42210388183594,243.21328344227084,237.95380513230955,241.8670368175721,5369304.0,HDFCBANK.NS
2015-03-18,,242.677001953125,244.58226917003674,240.31535411914825,241.9011966844578,5148332.0,HDFCBANK.NS
2015-03-19,,240.08721923828125,245.01585221891258,239.28860176410433,244.37694709814423,5373572.0,HDFCBANK.NS
2015-03-20,,240.93142700195312,241.75285633715313,238.66105548042157,239.81335725374984,6483236.0,HDFCBANK.NS
2015-03-23,,239.07183837890625,241.73009917950665,238.67252965338673,240.942873837057,5446740.0,HDFCBANK.NS
2015-03-24,,236.83570861816406,241.182480645395,236.26526755703495,238.05647477183436,8973564.0,HDFCBANK.NS
2015-03-25,,235.991455078125,238.83224027774057,235.27269380666624,237.314889414575,10608900.0,HDFCBANK.NS
2015-03-26,,229.76222229003906,235.52366230088396,228.6555584251585,234.31434412710445,35800620.0,HDFCBANK.NS
2015-03-27,,231.51919555664062,233.54995721079604,230.02462895825124,231.58764569297708,10840896.0,HDFCBANK.NS
2015-03-30,,236.59609985351562,237.07526469267276,231.09704060322792,232.7399133652803,6955144.0,HDFCBANK.NS
2015-03-31,,233.3560028076172,237.28063960136595,231.56480974422936,237.28063960136595,5962256.0,HDFCBANK.NS
2015-04-01,,235.76327514648438,236.5847046500779,231.1427028535095,234.13180824763444,3844196.0,HDFCBANK.NS
2015-04-06,,235.46664428710938,236.58471431017006,232.69430915419574,236.1625935060176,7151172.0,HDFCBANK.NS
2015-04-07,,235.64920043945312,236.89275080119256,233.5728005645127,235.76328865075277,6197072.0,HDFCBANK.NS
2015-04-08,,236.28807067871094,237.8624654793497,235.03310053969778,237.31486442881263,4106144.0,HDFCBANK.NS
2015-04-09,,240.97708129882812,241.63879840435916,235.0216830561756,236.90413828453816,7002784.0,HDFCBANK.NS
2015-04-10,,237.9081268310547,240.26974697850665,236.12833978608452,240.26974697850665,6119324.0,HDFCBANK.NS
2015-04-13,,237.02967834472656,238.741001509941,236.1169726566122,237.30347890973403,4563236.0,HDFCBANK.NS
2015-04-15,,235.39817810058594,239.28856883441742,233.92642367428363,237.30344538464422,4893996.0,HDFCBANK.NS
2015-04-16,,234.94183349609375,235.83172701796377,232.283572891796,234.56533686912212,5610120.0,HDFCBANK.NS
2015-04-17,,232.34063720703125,234.53112524514435,231.8386463029852,233.90364009678262,4049012.0,HDFCBANK.NS
2015-04-20,,229.34010314941406,233.88081925990485,228.76966212682893,232.73993721473457,5188880.0,HDFCBANK.NS
2015-04-21,,228.86093139648438,231.46214795216235,227.17242044956606,229.3172842008642,6510744.0,HDFCBANK.NS
2015-04-22,,231.16549682617188,232.96809589104643,226.6932451202298,229.65953821188856,6765936.0,HDFCBANK.NS
2015-04-23,,231.25682067871094,233.69829743196723,229.5683094612063,232.75137356720262,9627828.0,HDFCBANK.NS
2015-04-24,,229.6481475830078,232.5117587051584,228.2562631444049,232.4889466351742,7205244.0,HDFCBANK.NS
2015-04-27,,229.4199676513672,231.02860851045386,227.26369785324647,229.76223225656787,7370704.0,HDFCBANK.NS
2015-04-28,,229.214599609375,230.78902233854058,225.91744784725896,228.07371761049623,7942108.0,HDFCBANK.NS
2015-04-29,,226.61338806152344,230.34406647986052,225.4382740783578,229.0890963306389,7863564.0,HDFCBANK.NS
2015-04-30,,225.62083435058594,227.0355308963014,223.39611432421515,226.12282524445698,15143684.0,HDFCBANK.NS
2015-05-04,,228.3931884765625,230.34409406590967,226.35100674926437,226.81876562100044,3141448.0,HDFCBANK.NS
2015-05-05,,225.35842895507812,229.0662954867401,224.9477002901451,227.9596315812208,5138004.0,HDFCBANK.NS
2015-05-06,,221.468017578125,225.32420447092278,220.304323459925,225.32420447092278,11007696.0,HDFCBANK.NS
2015-05-07,,217.064208984375,221.3311104978866,215.44416209680443,220.87475769273632,11736664.0,HDFCBANK.NS
2015-05-08,,224.06922912597656,225.39264948617065,217.99974233950934,219.3916128356685,11571932.0,HDFCBANK.NS
2015-05-11,,225.9630889892578,226.52212396167658,222.25522244241594,224.99333927700687,6731344.0,HDFCBANK.NS
2015-05-12,,221.77606201171875,225.8946433809338,220.64658600945754,225.8946433809338,11107568.0,HDFCBANK.NS
2015-05-13,,225.95167541503906,226.6704366308489,221.6961800725611,222.665929752454,7791848.0,HDFCBANK.NS
2015-05-14,,226.1342315673828,227.0012991523813,222.2438265068041,225.6664727055742,4455188.0,HDFCBANK.NS
2015-05-15,,225.91741943359375,227.61733618348077,224.57118720030195,227.0126771561924,8153624.0,HDFCBANK.NS
2015-05-18,,230.42393493652344,230.91451977355374,226.35099171478785,227.263697326541,5713304.0,HDFCBANK.NS
2015-05-19,,229.8991241455078,232.28357026015559,227.74285442600754,229.62530968597443,4786348.0,HDFCBANK.NS
2015-05-20,,233.6640625,234.2915476240038,230.35549064665182,230.37831664359436,4008840.0,HDFCBANK.NS
2015-05-21,,233.81236267089844,235.0217088188687,231.62187464485334,233.6526503208947,3934380.0,HDFCBANK.NS
2015-05-22,,233.72109985351562,234.79351780214816,232.3634335486433,233.81234813151988,4689536.0,HDFCBANK.NS
2015-05-25,,233.54994201660156,235.24985891340785,232.1922897059933,234.65660586804404,4369060.0,HDFCBANK.NS
2015-05-26,,234.42843627929688,235.0673134799324,232.29497860735722,233.75529919477148,4906344.0,HDFCBANK.NS
2015-05-27,,236.88136291503906,237.30348373365945,233.05940776836715,233.6070228362976,3218592.0,HDFCBANK.NS
2015-05-28,,234.88479614257812,238.14770201172695,233.24192324636346,237.08670401464968,9561160.0,HDFCBANK.NS
2015-05-29,,239.71072387695312,240.49792130145735,234.37139064167286,235.0102678381152,5058680.0,HDFCBANK.NS
2015-06-01,,236.43637084960938,240.9542746405452,235.24986472954743,239.3456199042182,3841320.0,HDFCBANK.NS
2015-06-02,,230.1843719482422,237.37194317489528,229.29449225766183,236.9384024019675,4726008.0,HDFCBANK.NS
2015-06-03,,229.4427947998047,232.0554175765592,227.72006562576803,230.23000622885763,5824832.0,HDFCBANK.NS
2015-06-04,,231.58763122558594,232.24933440454492,227.03550943201978,230.19574688204423,5557588.0,HDFCBANK.NS
2015-06-05,,230.85748291015625,232.39767367827443,228.74685111680913,230.51521829501888,6753860.0,HDFCBANK.NS
2015-06-08,,228.96365356445312,230.97160346917144,227.16105410151252,229.14619193273938,3811996.0,HDFCBANK.NS
2015-06-09,,228.59849548339844,229.54543300936803,227.5146577032846,229.31725663460722,6040260.0,HDFCBANK.NS
2015-06-10,,231.73594665527344,232.51175198727853,227.49187117891725,227.72004757929733,7986248.0,HDFCBANK.NS
2015-06-11,,228.2220458984375,232.40907741143272,226.96707565536417,232.19230703863624,9094176.0,HDFCBANK.NS
2015-06-12,,230.2642059326172,230.65209464811645,225.92885459052118,228.40456281253188,6528344.0,HDFCBANK.NS
2015-06-15,,229.36294555664062,231.31385120810685,228.1764253594149,228.63277821013372,5999828.0,HDFCBANK.NS
2015-06-16,,230.0930938720703,230.56085272001187,227.5032833023748,228.17640648686756,6010524.0,HDFCBANK.NS
2015-06-17,,229.2488250732422,231.25677454839484,228.0623050430396,230.22998077881638,9686268.0,HDFCBANK.NS
2015-06-18,,232.6486358642578,233.60697946368512,228.68978116731952,229.52263054073666,8431716.0,HDFCBANK.NS
2015-06-19,,235.13580322265625,236.15117716064793,231.17694786574904,233.835208756738,3742324.0,HDFCBANK.NS
2015-06-22,,238.93490600585938,241.15962574920337,234.67941087480165,235.50084028624696,5449652.0,HDFCBANK.NS
2015-06-23,,240.0644073486328,242.14080721235155,237.873919274231,240.0415952772096,5655180.0,HDFCBANK.NS
2015-06-24,,238.62693786621094,241.36505521245056,237.91956860224303,240.49797357804667,6267396.0,HDFCBANK.NS
2015-06-25,,243.00787353515625,244.3426999458335,237.90813640773717,239.1859187166456,16573568.0,HDFCBANK.NS
2015-06-26,,242.5172882080078,244.365511530937,239.92749156355552,243.46422586620423,5647504.0,HDFCBANK.NS
2015-06-29,,241.1026153564453,242.26630950646003,235.1357965118032,238.42154247045434,6487836.0,HDFCBANK.NS
2015-06-30,,243.4984893798828,244.6051395243679,239.12890505740444,240.0986549109292,7290136.0,HDFCBANK.NS
2015-07-01,,244.68496704101562,245.7459929154025,241.8784139176309,242.1750265377014,4971188.0,HDFCBANK.NS
2015-07-02,,243.27113342285156,245.45510230789807,242.6849270335663,244.83440658679072,4483444.0,HDFCBANK.NS
2015-07-03,,246.96090698242188,247.39770637975545,242.31711060131235,242.31711060131235,4039288.0,HDFCBANK.NS
2015-07-06,,249.08741760253906,249.43225482118586,243.74244071351367,244.61603955925543,3267780.0,HDFCBANK.NS
2015-07-07,,249.85751342773438,250.92651426830537,247.93792545887982,247.93792545887982,4141472.0,HDFCBANK.NS
2015-07-08,,245.71945190429688,248.42067623495444,245.06426693455094,248.07583908635985,5400676.0,HDFCBANK.NS
2015-07-09,,246.91488647460938,247.57007139734642,243.7078843850276,244.30559645378918,2797964.0,HDFCBANK.NS
2015-07-10,,250.75413513183594,251.73117393477912,245.63904963407444,245.9379197872036,4900088.0,HDFCBANK.NS
2015-07-13,,251.99554443359375,254.23698630149946,249.43224889001934,249.43224889001934,7076084.0,HDFCBANK.NS
2015-07-14,,251.00697326660156,253.31739355687583,249.66211390098982,251.84608266900034,5674116.0,HDFCBANK.NS
2015-07-15,,252.12196350097656,253.2139479816451,250.76562628059025,251.27137628857258,3849404.0,HDFCBANK.NS
2015-07-16,,256.2599792480469,257.2485236741074,252.44378692230188,252.60472776950158,7310424.0,HDFCBANK.NS
2015-07-17,,255.3059539794922,257.88072692329297,254.16797449563316,257.3404876432809,3510988.0,HDFCBANK.NS
2015-07-20,,256.3864440917969,257.2485370443584,254.48983959616152,256.5473568844397,4551268.0,HDFCBANK.NS
2015-07-21,,252.43228149414062,259.31751820354486,251.29430214299714,256.6852727058122,11028136.0,HDFCBANK.NS
2015-07-22,,256.1910400390625,256.80025800020223,250.27133514272205,252.05299389793132,7286400.0,HDFCBANK.NS
2015-07-23,,254.69671630859375,256.7197440182974,252.90355196181903,255.84617343782926,5083172.0,HDFCBANK.NS
2015-07-24,,254.6852264404297,256.3289558506208,252.9955299673616,253.60474789654123,4761008.0,HDFCBANK.NS
2015-07-27,,251.926513671875,253.9150801201666,245.9838259199441,253.77715087709421,3328572.0,HDFCBANK.NS
2015-07-28,,254.8346710205078,256.07609045673723,251.1449020417272,251.50124501257156,6345672.0,HDFCBANK.NS
2015-07-29,,254.80023193359375,256.99570692794015,254.0416068406397,254.0530845775915,3943032.0,HDFCBANK.NS
2015-07-30,,255.3059539794922,256.78874256591774,253.13346299917245,254.48982812933835,9462188.0,HDFCBANK.NS
2015-07-31,,255.5588836669922,257.70836351278746,253.57031664103883,256.4669438386776,5649500.0,HDFCBANK.NS
2015-08-03,,251.82308959960938,256.903684823353,251.37478445276966,255.8117004807034,4345728.0,HDFCBANK.NS
2015-08-04,,249.76556396484375,253.34038737115736,248.73105240116843,252.4438050700543,5390928.0,HDFCBANK.NS
2015-08-05,,251.08743286132812,252.35183584839618,249.47819269596877,251.07595512647126,4122780.0,HDFCBANK.NS
2015-08-06,,251.94947814941406,253.19089736902566,249.53561835797004,251.01843478189247,3743712.0,HDFCBANK.NS
2015-08-07,,251.19091796875,252.30588597528163,250.25984629875163,251.48976003921274,3227140.0,HDFCBANK.NS
2015-08-10,,251.65069580078125,254.24845249714957,250.12191195793906,251.7311522003155,3954376.0,HDFCBANK.NS
2015-08-11,,251.66213989257812,252.61619494988526,249.2597856485026,251.74262434427553,2727688.0,HDFCBANK.NS
2015-08-12,,246.0872802734375,251.70814280892486,245.455078814592,250.2138484516537,6005740.0,HDFCBANK.NS
2015-08-13,,247.71957397460938,248.90349263898327,245.2022454463471,247.5931224362177,3465052.0,HDFCBANK.NS
2015-08-14,,253.29441833496094,253.71971191746923,248.25978981830644,248.9954312549196,3601660.0,HDFCBANK.NS
2015-08-17,,250.92657470703125,253.29446840538816,247.3172893468606,252.66226677419775,2500212.0,HDFCBANK.NS
2015-08-18,,249.7425537109375,251.98399519241613,247.92640576977095,250.949483739426,1857316.0,HDFCBANK.NS
2015-08-19,,248.7080841064453,249.89203080333291,247.133333131171,249.3977585244858,3004576.0,HDFCBANK.NS
2015-08-20,,247.06431579589844,249.3747359598973,245.5240543951789,245.5240543951789,3044852.0,HDFCBANK.NS
2015-08-21,,243.98379516601562,246.6620079770676,241.61590212176665,244.6044908254612,7758972.0,HDFCBANK.NS
2015-08-24,,234.2708740234375,240.16758116383966,232.4777235602414,240.16758116383966,14686328.0,HDFCBANK.NS
2015-08-25,,234.13294982910156,237.3169548273543,231.20183384447705,235.56975735873144,12347920.0,HDFCBANK.NS
2015-08-26,,232.99497985839844,236.55829726126493,231.96046835434043,233.89156210783284,5573000.0,HDFCBANK.NS
2015-08-27,,234.9720458984375,237.81119969898418,231.9834570425102,235.63873671734396,13873432.0,HDFCBANK.NS
2015-08-28,,236.31690979003906,239.7193145470187,234.3513546888067,237.0295957504179,5553136.0,HDFCBANK.NS
2015-08-31,,236.20196533203125,237.45489060546177,233.46626542346544,234.7421601984594,3441460.0,HDFCBANK.NS
2015-09-01,,229.91444396972656,234.78814573726768,228.28222021321355,234.78814573726768,10469144.0,HDFCBANK.NS
2015-09-02,,228.77647399902344,233.09843030006706,226.44307025136195,231.06388262055697,8681688.0,HDFCBANK.NS
2015-09-03,,232.25933837890625,233.3398310432312,229.6615676967369,230.42020670565913,6507368.0,HDFCBANK.NS
2015-09-04,,228.9833984375,231.27082139576842,225.29364310919786,230.39723660633126,11404592.0,HDFCBANK.NS
2015-09-07,,226.316650390625,232.14439328356426,225.29363058829406,230.12135124375752,5381740.0,HDFCBANK.NS
2015-09-08,,230.82249450683594,232.19035136323805,224.60393394245898,226.833883687586,7444488.0,HDFCBANK.NS
2015-09-09,,233.63868713378906,235.63874563473712,231.0409164516203,233.22488531360077,6553120.0,HDFCBANK.NS
2015-09-10,,232.42027282714844,233.78812986026722,229.0408654604614,230.58114109360028,4463740.0,HDFCBANK.NS
2015-09-11,,232.3053436279297,234.4893127169602,231.45474233433055,233.22490956015307,4301760.0,HDFCBANK.NS
2015-09-14,,234.42031860351562,235.0180307717225,230.69607423998602,231.92598790710665,5060344.0,HDFCBANK.NS
2015-09-15,,232.91453552246094,234.40882999456693,231.7535724381944,234.0180117109547,4332728.0,HDFCBANK.NS
2015-09-16,,235.25942993164062,236.35141441283972,232.54671339516477,234.2364241165288,4254052.0,HDFCBANK.NS
2015-09-18,,241.3285369873047,244.14470710218393,237.05256185403115,237.93763827755214,7841168.0,HDFCBANK.NS
2015-09-21,,242.06419372558594,242.5354824284591,238.24800122602574,238.61582193750357,4276688.0,HDFCBANK.NS
2015-09-22,,236.9376220703125,243.68493033056046,235.70770845905838,241.39752169083326,6025212.0,HDFCBANK.NS
2015-09-23,,241.2020721435547,242.1791107008527,234.17890594002225,234.30534341761606,5161152.0,HDFCBANK.NS
2015-09-24,,241.70787048339844,242.30558262681978,238.16753662370522,240.69634251449745,8252836.0,HDFCBANK.NS
2015-09-28,,240.55841064453125,243.68492864474774,239.7997576603748,242.53547143415932,5777108.0,HDFCBANK.NS
2015-09-29,,244.78843688964844,246.88044355500045,235.6617291250733,237.24798580554364,10418840.0,HDFCBANK.NS
2015-09-30,,245.70797729492188,246.6735100980971,243.9952692640381,245.5240529214983,9027796.0,HDFCBANK.NS
2015-10-01,,245.4436492919922,247.57014552580898,243.53553874350533,247.17931316400094,5034788.0,HDFCBANK.NS
2015-10-05,,252.50125122070312,253.9840678095128,247.63904177325426,247.63904177325426,8053372.0,HDFCBANK.NS
2015-10-06,,249.65057373046875,254.69670718480012,248.97240527368052,254.489799296366,4758964.0,HDFCBANK.NS
2015-10-07,,250.06439208984375,252.50123552911253,249.05286422932156,250.12186494484024,4386268.0,HDFCBANK.NS
2015-10-08,,248.9954071044922,250.7425763941794,247.2252542839379,250.14486427703892,3881908.0,HDFCBANK.NS
2015-10-09,,249.69662475585938,251.73115864464924,248.32875367706814,251.73115864464924,3443228.0,HDFCBANK.NS
2015-10-12,,248.40921020507812,251.84607605616713,247.7770087362014,250.05291157382138,2217340.0,HDFCBANK.NS
2015-10-13,,247.4436798095703,248.7770615698339,246.71951606154656,247.25978347007023,1823652.0,HDFCBANK.NS
2015-10-14,,249.37477111816406,249.77708118910832,245.30570334006865,245.7080134110129,2749148.0,HDFCBANK.NS
2015-10-15,,249.23683166503906,252.0759855799626,248.51266795434526,249.5931465898474,3925952.0,HDFCBANK.NS
2015-10-16,,252.89205932617188,253.22539064884077,249.4321823458849,250.5816394073867,4843688.0,HDFCBANK.NS
2015-10-19,,252.3748016357422,253.3633178630001,251.570181699108,252.88055151360285,2654220.0,HDFCBANK.NS
2015-10-20,,251.70814514160156,253.54727667528695,250.85752996952,252.42080299832062,3851356.0,HDFCBANK.NS
2015-10-21,,251.73117065429688,253.80019397474314,249.432255853801,252.6277530390752,7273204.0,HDFCBANK.NS
2015-10-23,,254.8346710205078,256.03009532922005,251.96102791021792,252.75414218348953,4467048.0,HDFCBANK.NS
2015-10-26,,253.22547912597656,256.1450898571382,252.19096740916595,256.08761698398206,4887984.0,HDFCBANK.NS
2015-10-27,,255.3863983154297,256.0990561445407,251.85757043445992,251.85757043445992,8984032.0,HDFCBANK.NS
2015-10-28,,255.52438354492188,258.39802708456335,254.04159470363692,254.04159470363692,7694760.0,HDFCBANK.NS
2015-10-29,,253.6967010498047,256.2140010054443,252.8805752409051,255.17948956127697,6702368.0,HDFCBANK.NS
2015-10-30,,252.7886199951172,255.63927944321904,250.68510772164706,253.34036505973685,8097460.0,HDFCBANK.NS
2015-11-02,,248.9954071044922,251.93802869137954,247.47812924931432,251.74262658463047,3156552.0,HDFCBANK.NS
2015-11-03,,249.4092559814453,251.04147977029763,248.09885779324216,250.80008250688778,2548592.0,HDFCBANK.NS
2015-11-04,,248.673583984375,252.44380958534498,247.8804696632069,250.59320014831184,2696444.0,HDFCBANK.NS
2015-11-05,,248.2482147216797,248.97237822105507,245.8688444205156,247.93786695420857,3596952.0,HDFCBANK.NS
2015-11-06,,248.4896697998047,250.35178490136292,247.1907775162447,248.4436746728142,5881004.0,HDFCBANK.NS
2015-11-09,,244.78843688964844,245.9034048537664,241.61592352870773,243.22516374250503,11429432.0,HDFCBANK.NS
2015-11-10,,242.44346618652344,244.8343423725094,241.9491940611696,243.69639116129622,4402580.0,HDFCBANK.NS
2015-11-13,,241.8572998046875,242.53546832507308,239.31698817668348,241.2480818783012,3940028.0,HDFCBANK.NS
2015-11-16,,243.9033203125,244.83439190123644,240.2940358072933,241.09865587457438,4734732.0,HDFCBANK.NS
2015-11-17,,243.8688507080078,244.5585250278122,241.66187043429775,244.4435793078448,2567404.0,HDFCBANK.NS
2015-11-18,,241.06419372558594,245.02982164717992,240.5354601737945,244.0757664186754,2446720.0,HDFCBANK.NS
2015-11-19,,245.73097229003906,246.20223291667884,241.2940561562031,242.53547557743002,3277680.0,HDFCBANK.NS
2015-11-20,,246.17922973632812,248.34021476925992,243.68491335840363,244.8113869667007,4648160.0,HDFCBANK.NS
2015-11-23,,245.0758056640625,247.2482687669714,243.46656542104176,246.90343157203836,3408280.0,HDFCBANK.NS
2015-11-24,,244.6849365234375,246.78844870861914,244.16768080886425,244.89184442185052,4002252.0,HDFCBANK.NS
2015-11-26,,244.59295654296875,245.29413657465145,241.63885751170548,243.45500527887148,8791484.0,HDFCBANK.NS
2015-11-27,,248.14486694335938,248.78854624394646,243.90335233688796,244.79993471359185,6925072.0,HDFCBANK.NS
2015-11-30,,247.76553344726562,248.51268072975563,245.91489587623622,248.09886485582243,5247776.0,HDFCBANK.NS
2015-12-01,,248.97242736816406,249.40922671297284,246.7884587070398,247.60458453715412,1895332.0,HDFCBANK.NS
2015-12-02,,247.7770233154297,251.2023835707378,246.4091523099858,250.58168786266876,2562284.0,HDFCBANK.NS
2015-12-03,,247.5355682373047,248.51260670027986,245.3631057036201,246.5585297743295,3807712.0,HDFCBANK.NS
2015-12-04,,243.4320831298828,246.81147651280128,242.76539225447803,246.81147651280128,5859828.0,HDFCBANK.NS
2015-12-07,,244.13323974609375,246.236752347131,243.93783760565293,245.57006145951755,5814808.0,HDFCBANK.NS
2015-12-08,,241.21359252929688,244.12172484714233,240.6963367912069,243.91481693932238,4902660.0,HDFCBANK.NS
2015-12-09,,240.7998046875,242.99527941161048,240.20209248885456,240.71934828703442,3890616.0,HDFCBANK.NS
2015-12-10,,243.82284545898438,244.42055756541447,239.61584912059976,240.2365447574851,6514340.0,HDFCBANK.NS
2015-12-11,,240.5469207763672,243.8228740434791,239.5468985495174,243.6849447816588,3033920.0,HDFCBANK.NS
2015-12-14,,242.5469970703125,243.65045924498182,239.1101028917838,239.31701081919758,5878016.0,HDFCBANK.NS
2015-12-15,,243.55848693847656,244.24816129261404,240.3055453517986,242.07569830224955,4557416.0,HDFCBANK.NS
2015-12-16,,245.36317443847656,246.75400097881732,243.53552043446587,244.37462990325645,6842768.0,HDFCBANK.NS
2015-12-17,,248.34022521972656,249.20231810986678,244.83438079982298,246.88042020500637,4878012.0,HDFCBANK.NS
2015-12-18,,246.67355346679688,249.432251175652,245.6390418259762,249.432251175652,3172128.0,HDFCBANK.NS
2015-12-21,,247.2252655029297,248.2597770051675,245.76546044013375,246.38615611630823,3097500.0,HDFCBANK.NS
2015-12-22,,245.167724609375,247.47814489745042,244.60450178438202,247.01836199935946,2429536.0,HDFCBANK.NS
2015-12-23,,246.92636108398438,247.8114374114269,245.78840981483205,246.58152396449378,3013968.0,HDFCBANK.NS
2015-12-24,,246.90338134765625,247.45512635989923,245.5930114986316,247.40913123884403,2146352.0,HDFCBANK.NS
2015-12-28,,247.65057373046875,248.25979170822907,245.46660487417776,246.90342649015867,7755428.0,HDFCBANK.NS
2015-12-29,,247.81146240234375,248.24826174366484,246.28270680209909,248.04135383852122,4231612.0,HDFCBANK.NS
2015-12-30,,246.97238159179688,248.7310286316453,246.5700715777025,248.28275155539365,2112560.0,HDFCBANK.NS
2015-12-31,,248.777099609375,249.40930125285433,247.1333697237431,247.1333697237431,9290008.0,HDFCBANK.NS
2016-01-01,,250.29437255859375,250.63920981125773,247.39774524880195,248.8345671349018,3195076.0,HDFCBANK.NS
2016-01-04,,246.09877014160156,249.20230437505472,245.54702510973738,249.20230437505472,5187536.0,HDFCBANK.NS
2016-01-05,,244.23670959472656,247.0873695083078,243.9953123198757,246.02984626888906,3160872.0,HDFCBANK.NS
2016-01-06,,245.317138671875,247.53559657791297,242.9147844600894,242.9147844600894,4165536.0,HDFCBANK.NS
2016-01-07,,242.81134033203125,244.81141280181177,241.31704589430942,243.70792260724863,6055428.0,HDFCBANK.NS
2016-01-08,,244.22520446777344,244.719476754875,243.05276355010952,244.13324226458082,3488356.0,HDFCBANK.NS
2016-01-11,,243.3630828857422,243.91482797725706,240.30554344442083,241.8573107289133,3288912.0,HDFCBANK.NS
2016-01-12,,240.68484497070312,244.58152192834712,239.8917306847434,244.58152192834712,4258736.0,HDFCBANK.NS
2016-01-13,,243.71945190429688,244.3171641244324,238.39745866575996,241.84583077760797,4515148.0,HDFCBANK.NS
2016-01-14,,241.3285369873047,243.08721210020096,238.9721497483241,241.42049917506836,6279184.0,HDFCBANK.NS
2016-01-15,,239.58135986328125,242.63889905060728,238.65028834476314,240.9262191188706,5417260.0,HDFCBANK.NS
2016-01-18,,235.8341522216797,239.42045343973754,234.71918423627608,238.08709978917545,6495388.0,HDFCBANK.NS
2016-01-19,,238.12158203125,238.52389208040103,235.93761319300154,236.14449305365594,6405212.0,HDFCBANK.NS
2016-01-20,,234.09848022460938,254.71974781325653,231.70761736437282,235.63875587417684,9563588.0,HDFCBANK.NS
2016-01-21,,235.17897033691406,237.53535786961532,232.97201787009072,234.71918740370407,6300804.0,HDFCBANK.NS
2016-01-22,,236.85716247558594,240.06413684679117,234.96054405917405,235.7996393984889,4236284.0,HDFCBANK.NS
2016-01-25,,239.35147094726562,240.6273515619538,237.48935595358626,239.0755843900678,10143884.0,HDFCBANK.NS
2016-01-27,,238.08705139160156,241.08711754271454,237.47783352457466,241.02964468852176,4039468.0,HDFCBANK.NS
2016-01-28,,237.17901611328125,240.67338326173063,236.78821184317542,238.8572350534556,9951972.0,HDFCBANK.NS
2016-01-29,,241.35153198242188,242.523972759069,237.98361664390842,237.98361664390842,5360184.0,HDFCBANK.NS
2016-02-01,,243.62744140625,245.29415426324016,242.23658703835287,243.22513140628686,4609484.0,HDFCBANK.NS
2016-02-02,,242.25965881347656,244.89190509911117,241.43202701476085,244.83443222769623,6528628.0,HDFCBANK.NS
2016-02-03,,239.97218322753906,241.70787489122156,239.5468896598251,240.12161828184963,4850244.0,HDFCBANK.NS
2016-02-04,,241.2020721435547,242.51247010521112,240.36299089173914,240.92621365842604,5675992.0,HDFCBANK.NS
2016-02-05,,242.59295654296875,244.5585396974834,240.37449840194128,242.02973370651193,7523904.0,HDFCBANK.NS
2016-02-08,,238.13307189941406,243.22517353641422,236.8571910877096,242.53549913130152,3481924.0,HDFCBANK.NS
2016-02-09,,235.880126953125,237.14452989304388,234.63870754498421,236.02953394114277,5535460.0,HDFCBANK.NS
2016-02-10,,232.86854553222656,236.8226812521729,232.2133464852157,235.38585969924623,7682280.0,HDFCBANK.NS
2016-02-11,,224.213134765625,232.88004548380204,222.58091103671384,232.19037111415602,8803600.0,HDFCBANK.NS
2016-02-12,,223.31655883789062,226.7764223338848,222.07513940255922,225.06372823509884,12542144.0,HDFCBANK.NS
2016-02-15,,223.8223114013672,227.19022677592184,223.24758277304457,225.2936223024573,10912960.0,HDFCBANK.NS
2016-02-16,,223.78782653808594,225.7533955566507,221.15556672657635,225.63844983589885,7136096.0,HDFCBANK.NS
2016-02-17,,224.12118530273438,225.27064257881474,220.46590555221445,224.58096821316653,7503924.0,HDFCBANK.NS
2016-02-18,,227.46612548828125,227.87992734197928,224.60397378372133,226.67299708367372,6799856.0,HDFCBANK.NS
2016-02-19,,227.43161010742188,228.1902490908955,223.79932798089618,227.3051726154197,3328660.0,HDFCBANK.NS
2016-02-22,,227.30516052246094,228.97187345675965,225.98328474698266,225.98328474698266,4002396.0,HDFCBANK.NS
2016-02-23,,223.00621032714844,226.55803622803546,222.07515271058577,226.42010696316,6078320.0,HDFCBANK.NS
2016-02-24,,218.304931640625,221.36249937955554,217.569290170754,220.69580851209062,6463468.0,HDFCBANK.NS
2016-02-25,,216.70718383789062,220.06359343995595,215.6841640654895,219.3164462175168,8463196.0,HDFCBANK.NS
2016-02-26,,220.92568969726562,223.2246042622736,217.24742639325288,218.39688367575687,6209388.0,HDFCBANK.NS
2016-02-29,,223.42002868652344,225.89136209056255,213.33929292542322,220.94869528248432,8812752.0,HDFCBANK.NS
2016-03-01,,226.24766540527344,226.84537753435586,223.41998947914522,224.1326613592388,4322560.0,HDFCBANK.NS
2016-03-02,,231.54669189453125,232.39729314167596,228.74201314813115,229.43168755963305,6358976.0,HDFCBANK.NS
2016-03-03,,233.5352325439453,234.48928770946534,232.1903731240784,232.36279171798245,4610400.0,HDFCBANK.NS
2016-03-04,,234.61572265625,235.6157589089045,228.30519938163508,233.44328184302577,5704624.0,HDFCBANK.NS
2016-03-08,,233.14437866210938,235.40880343412192,232.07537799486923,235.40880343412192,1913688.0,HDFCBANK.NS
2016-03-09,,235.5927734375,236.76521424107773,231.4432214649342,232.8800430533681,6528172.0,HDFCBANK.NS
2016-03-10,,234.77664184570312,235.81115336423989,232.2133465816334,235.59276771327274,2671392.0,HDFCBANK.NS
2016-03-11,,236.4893035888672,236.9720980437803,232.88001935123668,234.46627583600556,4730856.0,HDFCBANK.NS
2016-03-14,,236.2249755859375,238.6158242653281,235.69621401477127,236.3284155154205,3008656.0,HDFCBANK.NS
2016-03-15,,236.029541015625,237.56983057180892,234.8686060282915,236.30542759399225,7690036.0,HDFCBANK.NS
2016-03-16,,236.89161682128906,237.76521549521846,234.24787936307496,236.09850259955462,4803548.0,HDFCBANK.NS
2016-03-17,,234.12144470214844,238.8572026846598,232.4547317863989,237.9261311410388,5113484.0,HDFCBANK.NS
2016-03-18,,236.42037963867188,237.2479832700528,233.4202849041289,235.16746839359888,4135068.0,HDFCBANK.NS
2016-03-21,,240.37449645996094,240.77680650072887,237.30545119011552,237.47786977901606,5318796.0,HDFCBANK.NS
2016-03-22,,242.2710723876953,242.90327380582954,239.24799453930615,240.58137602817467,4120264.0,HDFCBANK.NS
2016-03-23,,241.23658752441406,242.08720272744708,239.21355960150007,242.08720272744708,8464300.0,HDFCBANK.NS
2016-03-28,,240.81130981445312,242.07571287314477,239.46645035552027,240.23658115141149,11270868.0,HDFCBANK.NS
2016-03-29,,242.25965881347656,243.57002905656728,240.0641839002552,240.81133122864958,6733952.0,HDFCBANK.NS
2016-03-30,,244.82289123535156,245.9608707635402,242.2826075217276,243.22515686485778,7814380.0,HDFCBANK.NS
2016-03-31,,246.24827575683594,248.02993480889955,244.84594327682916,245.25973112213342,20080392.0,HDFCBANK.NS
2016-04-01,,244.70790100097656,247.45512019778732,242.94925415868906,245.70795108829,5158648.0,HDFCBANK.NS
2016-04-04,,245.7654571533203,246.6275500603224,244.60449414672277,244.8803526517954,6179960.0,HDFCBANK.NS
2016-04-05,,243.09872436523438,247.57013030624012,242.68493655590103,245.75398207588228,6663028.0,HDFCBANK.NS
2016-04-06,,244.02980041503906,245.28269772709217,242.93781591012015,243.9148546776792,4295376.0,HDFCBANK.NS
2016-04-07,,242.65040588378906,244.77690162459916,240.70783451329768,244.60448305101997,3911692.0,HDFCBANK.NS
2016-04-08,,243.5354766845703,244.45504238918977,242.36303602376415,242.5354545933803,2962796.0,HDFCBANK.NS
2016-04-11,,246.20223999023438,246.92640367866582,239.74229578335667,243.7539184698502,4049620.0,HDFCBANK.NS
2016-04-12,,244.37460327148438,246.2137348106865,243.51251036248337,245.8918811787421,4941480.0,HDFCBANK.NS
2016-04-13,,248.68508911132812,249.4207305648337,245.86891870077693,246.44364735599146,4974604.0,HDFCBANK.NS
2016-04-18,,250.07594299316406,251.04147590609543,246.35168447988056,249.08739848374944,4117068.0,HDFCBANK.NS
2016-04-20,,252.3862762451172,252.88054838408746,249.09884595387362,251.01843359493327,3821352.0,HDFCBANK.NS
2016-04-21,,250.8460693359375,254.06454973929814,250.35179708997987,251.73114583427727,8191728.0,HDFCBANK.NS
2016-04-22,,251.0759735107422,253.07601806611024,249.47821096324842,250.46675550523517,7809320.0,HDFCBANK.NS
2016-04-25,,251.32882690429688,252.88059418680683,249.31727672326548,252.88059418680683,5561960.0,HDFCBANK.NS
2016-04-26,,256.0646057128906,256.32898651335904,251.15642848954684,251.7311571588593,7053796.0,HDFCBANK.NS
2016-04-27,,258.4439392089844,258.62786358158786,254.94960063287195,255.14500273943864,5763636.0,HDFCBANK.NS
2016-04-28,,256.08758544921875,261.31761626239916,255.2599817902671,258.4439729584539,8089584.0,HDFCBANK.NS
2016-04-29,,260.31756591796875,261.15667528476877,254.30589916216587,256.05309655278717,5611940.0,HDFCBANK.NS
2016-05-02,,256.9381408691406,259.77729417967146,256.5588144287729,259.2600385054199,3862716.0,HDFCBANK.NS
2016-05-03,,257.0185852050781,260.92673900515535,255.90361752763908,257.91516727767885,4695296.0,HDFCBANK.NS
2016-05-04,,259.1681213378906,260.81185082300414,256.1565489462604,256.9036961610464,5292328.0,HDFCBANK.NS
2016-05-05,,260.3060607910156,260.8692835333807,258.09908075361847,259.31751647997663,5214248.0,HDFCBANK.NS
2016-05-06,,257.39794921875,260.29457566925527,256.8462041655778,260.2371028108606,2733152.0,HDFCBANK.NS
2016-05-09,,262.39813232421875,263.2142302138398,257.24855772763135,257.4784492001315,6953180.0,HDFCBANK.NS
2016-05-10,,263.2027282714844,263.80044043242896,261.1796722743722,262.88087462699997,5453000.0,HDFCBANK.NS
2016-05-11,,261.8003845214844,263.2257002320708,259.7083499557668,260.8578071620204,6147372.0,HDFCBANK.NS
2016-05-12,,264.16827392578125,264.83496477956436,260.35208126116027,262.99583307970624,4221688.0,HDFCBANK.NS
2016-05-13,,262.2831115722656,263.91533494759875,259.77728962612076,263.91533494759875,5045316.0,HDFCBANK.NS
2016-05-16,,267.31781005859375,268.0304679963906,260.36359315567745,263.2257307054274,4518768.0,HDFCBANK.NS
2016-05-17,,265.16827392578125,268.80056995339856,264.6740297732526,267.8350371171561,4295424.0,HDFCBANK.NS
2016-05-18,,262.2256774902344,264.6050482892873,260.12216519489886,264.6050482892873,4162644.0,HDFCBANK.NS
2016-05-19,,261.91534423828125,262.69695272996506,260.23712540230275,262.0992405633568,3855796.0,HDFCBANK.NS
2016-05-20,,262.2831115722656,264.03028065097317,260.6048930778332,262.0646978981048,2016632.0,HDFCBANK.NS
2016-05-23,,261.3290710449219,264.3636265563223,260.51294528075385,262.5244952008269,3463532.0,HDFCBANK.NS
2016-05-24,,262.06475830078125,262.9153735395575,261.0532583282811,261.708443375944,3259468.0,HDFCBANK.NS
2016-05-25,,269.73162841796875,270.340818262495,263.52455975334277,263.52455975334277,5767348.0,HDFCBANK.NS
2016-05-26,,272.0190734863281,273.31796586434496,268.11091861688584,270.3753439139487,13705560.0,HDFCBANK.NS
2016-05-27,,272.835205078125,273.5708465495595,270.51327880413044,272.01907914266076,5775184.0,HDFCBANK.NS
2016-05-30,,271.2144775390625,274.72032266088553,270.8351509788704,272.88119079369966,3814532.0,HDFCBANK.NS
2016-05-31,,271.708740234375,272.6283061354556,270.6742285956593,272.6283061354556,5515640.0,HDFCBANK.NS
2016-06-01,,270.15692138671875,271.95005771497875,269.2028663332443,271.95005771497875,5675632.0,HDFCBANK.NS
2016-06-02,,270.1109619140625,271.409854286285,269.20290186479434,270.05348904859176,7910616.0,HDFCBANK.NS
2016-06-03,,269.3753356933594,272.4213977355501,268.7546399363468,271.2949238960419,4524420.0,HDFCBANK.NS
2016-06-06,,269.22589111328125,271.8236759128697,268.98452191093423,270.3523649130034,5547308.0,HDFCBANK.NS
2016-06-07,,269.8236083984375,271.2719358915023,268.43278183607003,270.5707556794946,5628504.0,HDFCBANK.NS
2016-06-08,,267.2717590332031,270.81209251052525,266.90393837412546,270.3063426121581,4742812.0,HDFCBANK.NS
2016-06-09,,266.5361633300781,267.63962549615775,264.94990664948375,267.24882124080244,4648184.0,HDFCBANK.NS
2016-06-10,,266.9844055175781,269.59366762474065,265.8004590453738,266.30623702704054,6322312.0,HDFCBANK.NS
2016-06-13,,265.0418701171875,267.81204537526236,264.61657652833776,265.46716370603724,3323236.0,HDFCBANK.NS
2016-06-14,,264.8004455566406,265.9843920673636,263.05327625158236,265.5246091942999,3828768.0,HDFCBANK.NS
2016-06-15,,268.8695983886719,269.17994628185454,265.1108501462548,265.52466604578206,3045824.0,HDFCBANK.NS
2016-06-16,,267.1683044433594,268.7085656461637,265.60503164950626,268.17983224744574,4727768.0,HDFCBANK.NS
2016-06-17,,268.9730224609375,270.81215423844816,267.9500166348667,268.283348044371,3761652.0,HDFCBANK.NS
2016-06-20,,269.4443054199219,271.0995127589796,266.3982434788098,266.4442105470912,2742764.0,HDFCBANK.NS
2016-06-21,,268.2028503417969,270.2258781477833,266.94992517354825,270.1224382263963,2670968.0,HDFCBANK.NS
2016-06-22,,269.3177795410156,270.1223994542837,268.0533768201658,268.0533768201658,3803840.0,HDFCBANK.NS
2016-06-23,,273.5937805175781,273.9960905131481,268.39823990165854,268.92700140671775,3926732.0,HDFCBANK.NS
2016-06-24,,267.11090087890625,269.40981554683225,263.68551241111186,266.63961214681217,11173964.0,HDFCBANK.NS
2016-06-27,,266.6625671386719,268.74309591562474,265.07633863792347,267.13385582032157,4163788.0,HDFCBANK.NS
2016-06-28,,268.2718505859375,269.6856887964386,264.3752012363627,266.96148037889236,4034980.0,HDFCBANK.NS
2016-06-29,,270.78668212890625,271.0648048567745,268.7933655039036,270.02180218738124,5420668.0,HDFCBANK.NS
2016-06-30,,272.67559814453125,273.4984225126117,269.36118508494854,271.41241759514264,16278892.0,HDFCBANK.NS
2016-07-01,,272.2236328125,274.65730513649424,271.5978426750592,273.4984135536398,4304876.0,HDFCBANK.NS
2016-07-04,,271.82965087890625,273.38255445337006,271.50515554137894,273.0812312913972,7249852.0,HDFCBANK.NS
2016-07-05,,270.16082763671875,272.1773161720998,269.3264312707786,271.8296486618535,2136328.0,HDFCBANK.NS
2016-07-07,,274.80792236328125,275.5264293700764,269.0714099536834,270.6938579079131,4832616.0,HDFCBANK.NS
2016-07-08,,272.3048095703125,274.79642702250754,271.4704131054383,274.68053783868453,3118868.0,HDFCBANK.NS
2016-07-11,,278.07598876953125,278.5743177254129,273.7417462922976,274.88903745002216,5102532.0,HDFCBANK.NS
2016-07-12,,278.6323547363281,280.4286369850924,277.1026232540962,280.4286369850924,7046032.0,HDFCBANK.NS
2016-07-13,,277.6125183105469,278.58597606183514,276.58111597184245,278.0876752446611,6687072.0,HDFCBANK.NS
2016-07-14,,278.2150573730469,278.6322696012944,276.326058700936,278.36571891620554,3459668.0,HDFCBANK.NS
2016-07-15,,283.62713623046875,284.16023771640624,276.99828153129795,279.01477001469937,5774216.0,HDFCBANK.NS
2016-07-18,,284.49627685546875,287.0574385123423,283.38375793730603,283.9284313101488,4438484.0,HDFCBANK.NS
2016-07-19,,282.3871765136719,285.261234012055,281.34417382989835,284.8556218572542,2586004.0,HDFCBANK.NS
2016-07-20,,285.59722900390625,287.0574437086631,283.17515692455316,283.46487981888976,4690332.0,HDFCBANK.NS
2016-07-21,,284.7628479003906,287.3819543220522,283.3490057593422,285.249576730161,9112904.0,HDFCBANK.NS
2016-07-22,,285.2727355957031,286.16507636902594,283.11718614402827,285.86375326950196,5620272.0,HDFCBANK.NS
2016-07-25,,289.0160217285156,289.59546764263774,284.39205465112434,285.78272484501736,9872884.0,HDFCBANK.NS
2016-07-26,,287.1269836425781,288.71465941791905,286.2809871468378,287.9613799054415,5665992.0,HDFCBANK.NS
2016-07-27,,286.6981506347656,289.1550231959518,285.0873028020859,287.6368640466574,10734736.0,HDFCBANK.NS
2016-07-28,,289.3636169433594,290.0126075222478,286.3736994084996,286.9415449450891,10646528.0,HDFCBANK.NS
2016-07-29,,288.84210205078125,289.72287089560353,286.24619644485625,289.25931430217054,3395676.0,HDFCBANK.NS
2016-08-01,,287.9382019042969,291.7972880785781,284.5426440504448,289.4911052428229,5560864.0,HDFCBANK.NS
2016-08-02,,288.16998291015625,291.2178450390449,287.49782015537545,289.0275513361952,5329396.0,HDFCBANK.NS
2016-08-03,,287.5094299316406,289.7113241570145,285.3191359405442,287.660091510975,4733876.0,HDFCBANK.NS
2016-08-04,,287.63690185546875,288.95802699310417,285.9217365886551,288.934854819212,4662880.0,HDFCBANK.NS
2016-08-05,,289.549072265625,291.0324592030428,287.8107348295696,289.1202880233818,5784912.0,HDFCBANK.NS
2016-08-08,,289.63018798828125,290.8817965964303,288.4597244281276,290.39506777472025,4728776.0,HDFCBANK.NS
2016-08-09,,289.0739440917969,290.39509765036064,286.872049787446,290.39509765036064,4210856.0,HDFCBANK.NS
2016-08-10,,284.3688049316406,289.9430561295561,282.71158441049016,288.56398654729264,3619720.0,HDFCBANK.NS
2016-08-11,,284.6817321777344,286.24623589619534,283.23311762360385,284.34566491847727,2856072.0,HDFCBANK.NS
2016-08-12,,284.7859191894531,286.246133454738,282.6303984802741,285.3306207014714,4641496.0,HDFCBANK.NS
2016-08-16,,284.4615173339844,287.04582273009134,281.3325103012905,285.7826423193776,3468568.0,HDFCBANK.NS
2016-08-17,,286.2230224609375,286.82564036993364,284.16018997457667,285.87535501806485,5511036.0,HDFCBANK.NS
2016-08-18,,290.3023681640625,290.8586418335666,286.1419583168572,286.9415822651572,6111656.0,HDFCBANK.NS
2016-08-19,,289.05072021484375,289.7228829619656,287.7411671252056,289.7228829619656,4110636.0,HDFCBANK.NS
2016-08-22,,289.7924499511719,290.75430736162355,287.6369002196543,288.575613749598,5501292.0,HDFCBANK.NS
2016-08-23,,290.05902099609375,290.65006713891836,288.80744047077116,289.95473205006925,5314524.0,HDFCBANK.NS
2016-08-24,,292.45794677734375,293.0141922082828,289.0392159578513,290.1981077610691,5570936.0,HDFCBANK.NS
2016-08-25,,291.7045593261719,293.61673009497184,290.7195016573961,292.9677396076563,8729888.0,HDFCBANK.NS
2016-08-26,,291.3685607910156,292.4811081984925,290.62688138153493,292.0407236708139,2521136.0,HDFCBANK.NS
2016-08-29,,286.9647521972656,290.99770090307976,286.5243677001315,290.99770090307976,2944184.0,HDFCBANK.NS
2016-08-30,,294.0455322265625,294.47431640289545,288.3205915078733,288.58714219907966,9867608.0,HDFCBANK.NS
2016-08-31,,299.27215576171875,300.15292469588775,293.31546424914745,294.12668836994715,11161364.0,HDFCBANK.NS
2016-09-01,,297.5338134765625,298.99402818733614,295.6100704261918,298.5304715544876,5224676.0,HDFCBANK.NS
2016-09-02,,297.85833740234375,298.7622785819174,296.94282428178775,297.95105439647386,3955188.0,HDFCBANK.NS
2016-09-06,,301.404541015625,302.21576515723484,299.0056409983722,299.0056409983722,5508884.0,HDFCBANK.NS
2016-09-07,,298.2407531738281,302.47070751260594,297.3947566474222,301.54359423287383,4016444.0,HDFCBANK.NS
2016-09-08,,298.85498046875,300.2108780229419,297.5106548549555,298.9940418062884,2905380.0,HDFCBANK.NS
2016-09-09,,299.0868225097656,300.0371081941777,296.2823098144973,298.99410550057104,4013768.0,HDFCBANK.NS
2016-09-12,,296.653076171875,297.69607860746333,294.70613263345973,295.4478119370218,3985728.0,HDFCBANK.NS
2016-09-14,,294.2309875488281,295.9809252448282,293.2923022951467,295.5173685882192,3849508.0,HDFCBANK.NS
2016-09-15,,296.5835266113281,297.5801846844593,294.32368803706095,294.82201707362657,3501812.0,HDFCBANK.NS
2016-09-16,,300.8135070800781,302.3548386698554,297.55703844214656,297.55703844214656,6525816.0,HDFCBANK.NS
2016-09-19,,299.02880859375,301.89126521952267,298.530479541455,300.6164844450832,5894832.0,HDFCBANK.NS
2016-09-20,,298.6347351074219,300.15289426831805,297.61493323639905,299.60822092964696,3778248.0,HDFCBANK.NS
2016-09-21,,299.6893615722656,300.8482531483378,298.5072978233223,299.45758325705117,4256400.0,HDFCBANK.NS
2016-09-22,,302.9111022949219,305.2404575136251,301.43931557187506,302.4707178134012,6555800.0,HDFCBANK.NS
2016-09-23,,304.2554016113281,305.5881270050507,301.65949563998714,302.71409835579925,4876808.0,HDFCBANK.NS
2016-09-26,,300.41949462890625,303.3746684007465,299.8516207320905,302.72567774531535,5576772.0,HDFCBANK.NS
2016-09-27,,300.85986328125,302.7372620376128,300.11815567220697,301.0800413706482,4056812.0,HDFCBANK.NS
2016-09-28,,300.2108459472656,301.31179288279895,298.76223155840603,301.28862071122717,4989652.0,HDFCBANK.NS
2016-09-29,,296.0968322753906,302.7025150306538,293.8833377892199,300.8366880579179,16450012.0,HDFCBANK.NS
2016-09-30,,295.0190734863281,296.908072738122,293.75589276895244,296.00413149502214,4138428.0,HDFCBANK.NS
2016-10-03,,298.34503173828125,298.97085015631546,295.8418429458972,296.90801752190805,3900548.0,HDFCBANK.NS
2016-10-04,,298.8897705078125,300.1529511470756,297.2093775380702,298.66956410823843,2775512.0,HDFCBANK.NS
2016-10-05,,298.0901184082031,301.32344323792506,295.84187982001663,300.8482863220407,3647020.0,HDFCBANK.NS
2016-10-06,,297.1281433105469,300.2919223696174,296.4560089589736,298.32180706532574,2895712.0,HDFCBANK.NS
2016-10-07,,296.8153076171875,298.4725282453226,295.8070775951023,297.6033595550334,3337464.0,HDFCBANK.NS
2016-10-10,,297.68450927734375,298.507333712583,296.38655621474146,297.8351708589973,4719312.0,HDFCBANK.NS
2016-10-13,,292.6780700683594,296.444467723169,291.2178553525787,296.444467723169,4519356.0,HDFCBANK.NS
2016-10-14,,292.45794677734375,293.89496129603106,290.65006424702125,293.37345998458306,4067116.0,HDFCBANK.NS
2016-10-17,,286.8720397949219,293.5240951217841,285.7247483304465,293.31548895735557,5135360.0,HDFCBANK.NS
2016-10-18,,291.5423583984375,292.04068745234395,287.17334266147157,288.1468003023451,2610968.0,HDFCBANK.NS
2016-10-19,,291.6582336425781,292.73600845349176,289.25933376877094,292.29562400144357,3044904.0,HDFCBANK.NS
2016-10-20,,290.9976501464844,293.76738946180166,289.95464781621024,292.09859705066265,3200356.0,HDFCBANK.NS
2016-10-21,,294.5207214355469,295.04222269366755,289.7229211781385,291.1135911997936,3956408.0,HDFCBANK.NS
2016-10-24,,292.863525390625,295.94616025842663,292.2840795553329,294.7640964130815,3255664.0,HDFCBANK.NS
2016-10-25,,289.7924499511719,293.89491497060567,288.3438354254887,293.89491497060567,5501796.0,HDFCBANK.NS
2016-10-26,,287.2428894042969,293.1995810377227,286.2578315233401,288.1815746443159,5366540.0,HDFCBANK.NS
2016-10-27,,290.2096862792969,291.3454059308371,283.7314922698164,287.17339534471535,11623860.0,HDFCBANK.NS
2016-10-28,,291.82049560546875,292.4810581372965,287.4282796086208,290.76589296652804,5320536.0,HDFCBANK.NS
2016-11-01,,291.99432373046875,292.93300890190164,289.0391503035217,291.1135548427843,3402416.0,HDFCBANK.NS
2016-11-02,,288.83056640625,291.0440324420864,287.7527915324357,289.97785780186524,6474432.0,HDFCBANK.NS
2016-11-03,,290.8702087402344,292.0407006434481,285.4929627123549,288.56402563578797,6315812.0,HDFCBANK.NS
2016-11-04,,288.2626647949219,290.37186999173235,287.8107084203196,290.37186999173235,5734920.0,HDFCBANK.NS
2016-11-07,,289.59539794921875,290.8470064811645,287.40510423825174,290.1864439566864,5671392.0,HDFCBANK.NS
2016-11-08,,290.71954345703125,291.5771118805562,287.42827450277895,289.97783589442133,5348164.0,HDFCBANK.NS
2016-11-09,,290.01263427734375,291.438076659915,277.05622002240665,278.1339949113387,13645468.0,HDFCBANK.NS
2016-11-10,,296.3401794433594,297.37158163993064,290.67318259905585,292.90984902374305,10700736.0,HDFCBANK.NS
2016-11-11,,295.7027893066406,297.13980356038076,293.3386334880095,295.2855770171023,7139320.0,HDFCBANK.NS
2016-11-15,,290.8238830566406,298.7622915003067,289.873597485539,296.09684049002465,12512524.0,HDFCBANK.NS
2016-11-16,,288.413330078125,293.89489268632684,287.4167003359749,293.89489268632684,8647744.0,HDFCBANK.NS
2016-11-17,,285.1336364746094,289.4679074041499,283.963173104802,287.01106322814314,4815624.0,HDFCBANK.NS
2016-11-18,,280.7762756347656,286.4780169147087,280.26634633097194,286.4780169147087,6879900.0,HDFCBANK.NS
2016-11-21,,277.8326721191406,282.6536726876957,275.4337720686337,282.6536726876957,5552520.0,HDFCBANK.NS
2016-11-22,,277.6820068359375,279.71006698433536,275.66551862672344,279.71006698433536,10017784.0,HDFCBANK.NS
2016-11-23,,274.5993347167969,278.82928859616516,273.75333828227343,278.82928859616516,3532692.0,HDFCBANK.NS
2016-11-24,,270.1375732421875,274.95857256758325,269.0713988605844,274.42547123015873,15285996.0,HDFCBANK.NS
2016-11-25,,275.65399169921875,276.557904592648,268.39931832360196,270.9488800693357,5969960.0,HDFCBANK.NS
2016-11-28,,274.5298767089844,277.879091103133,273.0580897305749,273.55641888051485,4130180.0,HDFCBANK.NS
2016-11-29,,273.2087707519531,276.5000124948212,272.68726938678503,274.58784082253817,3932644.0,HDFCBANK.NS
2016-11-30,,278.041259765625,278.59753337777494,273.753360957398,274.6573020404853,6442840.0,HDFCBANK.NS
2016-12-01,,277.49664306640625,279.96508827290245,276.5115850308813,278.66713510827395,4476984.0,HDFCBANK.NS
2016-12-02,,275.60760498046875,278.5859508454181,272.7335480461264,275.58443280625085,4062672.0,HDFCBANK.NS
2016-12-05,,277.28802490234375,277.89064295703616,272.68723028796796,275.2599643285913,4551936.0,HDFCBANK.NS
2016-12-06,,276.84759521484375,278.79453870669755,275.8625373825681,276.97508460455634,2702964.0,HDFCBANK.NS
2016-12-07,,273.8692626953125,279.50148730052933,270.4853048147214,278.56277376857565,5628192.0,HDFCBANK.NS
2016-12-08,,278.01812744140625,279.4203977591423,275.1208981016667,275.1208981016667,4309696.0,HDFCBANK.NS
2016-12-09,,277.739990234375,278.667103574664,275.35266206582935,277.9253959264805,4387952.0,HDFCBANK.NS
2016-12-12,,274.5298767089844,276.31458711885557,273.75342483469825,276.2798147049978,3425272.0,HDFCBANK.NS
2016-12-13,,274.9469909667969,275.8972762779799,273.16230948709335,273.5563212548468,2526868.0,HDFCBANK.NS
2016-12-14,,272.50177001953125,275.35265478281616,271.968696838917,275.1208764538744,4314144.0,HDFCBANK.NS
2016-12-15,,272.71038818359375,276.8592261130046,269.69726977466195,269.83633111950024,4941488.0,HDFCBANK.NS
2016-12-16,,274.0315246582031,274.65731481770194,271.53990766724087,272.7103712312298,3255828.0,HDFCBANK.NS
2016-12-19,,272.7451477050781,273.38253810761813,271.2965331538508,272.7567479387891,3160436.0,HDFCBANK.NS
2016-12-20,,273.9388427734375,274.6573500135559,271.57468658217726,272.5713448235795,4189992.0,HDFCBANK.NS
2016-12-21,,273.49835205078125,274.6572433730303,272.3394607285322,274.4254651085805,2658876.0,HDFCBANK.NS
2016-12-22,,271.899169921875,273.3825569834033,270.80982302143894,272.66404977503555,2805716.0,HDFCBANK.NS
2016-12-23,,274.9469909667969,275.6423258227719,271.018360347837,271.4123721155904,4752516.0,HDFCBANK.NS
2016-12-26,,272.33953857421875,274.91227238635435,271.20381909513094,273.1623629655102,4183864.0,HDFCBANK.NS
2016-12-27,,274.70361328125,275.09765334344365,272.08453562509976,273.33614402829215,4899296.0,HDFCBANK.NS
2016-12-28,,275.0628967285156,276.9634674657124,273.73017150737473,275.7930040300514,6507840.0,HDFCBANK.NS
2016-12-29,,279.3392333984375,279.9766238091314,273.83449803335384,274.6573224262782,8100816.0,HDFCBANK.NS
2016-12-30,,279.5710144042969,280.91534005519577,278.12239982067894,278.1340000546493,4066540.0,HDFCBANK.NS
2017-01-02,,277.46185302734375,280.4749715328303,276.2913893530886,280.3243099489049,3708656.0,HDFCBANK.NS
2017-01-03,,275.79302978515625,278.5859415769371,274.83114409446534,278.31941914241906,3847500.0,HDFCBANK.NS
2017-01-04,,274.7731628417969,276.27972172705347,274.37915106602907,275.7813927448189,6967120.0,HDFCBANK.NS
2017-01-05,,274.9354553222656,276.8592268596891,274.216948127618,275.5844459909338,6776384.0,HDFCBANK.NS
2017-01-06,,276.6622009277344,277.7631479620645,275.39899209134103,275.8393765637236,5525260.0,HDFCBANK.NS
2017-01-09,,277.02142333984375,279.09585617939973,276.3145164740067,277.8674198255509,4573796.0,HDFCBANK.NS
2017-01-10,,281.4599914550781,282.0278653033711,277.044631525675,277.2532093747914,5546116.0,HDFCBANK.NS
2017-01-11,,286.0144348144531,286.96472022771485,281.7265360753385,282.19009269578333,9343404.0,HDFCBANK.NS
2017-01-12,,286.2462463378906,288.2627065534956,284.0443521352915,286.2462463378906,2916316.0,HDFCBANK.NS
2017-01-13,,285.6668395996094,287.3356325379794,284.76289830246816,287.1733989970921,3850412.0,HDFCBANK.NS
2017-01-16,,289.1781921386719,289.59537608899535,285.7362901555724,285.8985236429346,3765864.0,HDFCBANK.NS
2017-01-17,,287.0574645996094,290.279189077747,286.5359633518507,289.0275804244755,3559612.0,HDFCBANK.NS
2017-01-18,,288.0077819824219,291.1136176381683,287.6021698559356,287.61377009113784,4612888.0,HDFCBANK.NS
2017-01-19,,286.54754638671875,288.5408342665275,286.24622325546494,288.5408342665275,3512412.0,HDFCBANK.NS
2017-01-20,,286.5591735839844,288.56406208361835,285.0873866368278,286.47805681554405,13942068.0,HDFCBANK.NS
2017-01-23,,288.48291015625,289.7229185891608,286.4316775512895,286.47802190096223,4793848.0,HDFCBANK.NS
2017-01-24,,293.7906494140625,294.70616254982536,289.5490944281316,289.72292818504263,10261864.0,HDFCBANK.NS
2017-01-25,,299.13311767578125,300.29200936698857,294.3816617418313,294.9611075874349,15636984.0,HDFCBANK.NS
2017-01-27,,299.4344177246094,301.3118164608303,298.5304766165765,301.08003814047584,6852236.0,HDFCBANK.NS
2017-01-30,,297.8235778808594,299.6778046706841,296.80377578106015,299.6778046706841,5319628.0,HDFCBANK.NS
2017-01-31,,298.2176208496094,299.61986289662667,295.9809541047322,297.2325628582663,6101040.0,HDFCBANK.NS
2017-02-01,,302.6329345703125,303.62959264208706,296.79213234976527,298.1132574279303,10910664.0,HDFCBANK.NS
2017-02-02,,301.0105285644531,302.6329769968642,299.5966863034317,302.6329769968642,5971636.0,HDFCBANK.NS
2017-02-03,,303.8730163574219,305.02030786987336,300.5006300556921,301.08007592930505,8005104.0,HDFCBANK.NS
2017-02-06,,304.57989501953125,305.94739281272354,303.9656767919763,304.1627110052838,4310220.0,HDFCBANK.NS
2017-02-07,,302.9690856933594,305.48387521382034,301.9955996158136,305.0203184987766,3411920.0,HDFCBANK.NS
2017-02-08,,302.62139892578125,305.64608932327155,300.8830613548369,303.0617834357381,4940960.0,HDFCBANK.NS
2017-02-09,,300.7671813964844,305.9242496815896,299.5851174706844,303.4905770077197,4465376.0,HDFCBANK.NS
2017-02-10,,302.1462707519531,303.33993498955107,300.8483175674783,300.92943433652226,3296736.0,HDFCBANK.NS
2017-02-13,,303.67596435546875,304.78851168500455,301.1264026607653,303.0617743999842,2795792.0,HDFCBANK.NS
2017-02-14,,303.8844909667969,304.5566536235499,302.2388708714681,304.5566536235499,2446060.0,HDFCBANK.NS
2017-02-15,,306.4573059082031,306.8745182321648,303.03857543696114,304.0931781877645,6126940.0,HDFCBANK.NS
2017-02-16,,307.7784423828125,308.9605061776549,306.00533254392263,306.642722935512,5043700.0,HDFCBANK.NS
2017-02-17,,319.17034912109375,337.00567965340025,315.32280634739544,334.91967475870933,402259960.0,HDFCBANK.NS
2017-02-20,,326.5988464355469,328.07063320525333,315.0215299108889,315.496658522044,10566716.0,HDFCBANK.NS
2017-02-21,,328.09381103515625,329.54242553004275,323.88702888335547,325.8919170029287,6260028.0,HDFCBANK.NS
2017-02-22,,324.2926025390625,328.84705163029633,323.2959445673045,327.96628280440564,5296776.0,HDFCBANK.NS
2017-02-23,,323.1684875488281,329.43807344318134,321.4880949126102,325.37038134801014,34494980.0,HDFCBANK.NS
2017-02-27,,323.0062561035156,324.10720310650805,319.52958135722366,322.38046596648365,4681376.0,HDFCBANK.NS
2017-02-28,,322.1950378417969,323.62048017228943,320.89708490494877,322.84402845684696,2928008.0,HDFCBANK.NS
2017-03-01,,322.5543518066406,323.678471164206,321.3375154488804,323.6668709292106,3481736.0,HDFCBANK.NS
2017-03-02,,319.8773193359375,323.56260103792937,318.9849782796922,323.22653372234925,4601988.0,HDFCBANK.NS
2017-03-03,,319.1587829589844,320.8971205568002,317.30455618798084,320.8971205568002,2492824.0,HDFCBANK.NS
2017-03-06,,320.02789306640625,322.14867020545285,318.25478338316236,319.11238008342576,3679124.0,HDFCBANK.NS
2017-03-07,,321.2911376953125,321.5924608678423,318.9733541935623,320.3756245294234,3112876.0,HDFCBANK.NS
2017-03-08,,322.68182373046875,324.3042722618108,320.0975176330081,321.6851937514557,3782144.0,HDFCBANK.NS
2017-03-09,,323.14532470703125,324.1883271543914,320.236523746456,320.236523746456,3509316.0,HDFCBANK.NS
2017-03-10,,324.5127868652344,326.34384106394464,322.9019390238732,323.3307232132122,5860704.0,HDFCBANK.NS
2017-03-14,,326.96966552734375,330.0871009151192,326.03098030493896,329.6119440406259,7155020.0,HDFCBANK.NS
2017-03-15,,328.3371887207031,329.12524073039856,326.9349467484733,327.02763544928695,4271860.0,HDFCBANK.NS
2017-03-16,,328.510986328125,329.7857670498432,327.65341788717865,328.68482006290475,4980108.0,HDFCBANK.NS
2017-03-17,,330.4811096191406,330.86354950313614,327.4679914800578,328.7891448708375,3390464.0,HDFCBANK.NS
2017-03-20,,332.8568420410156,333.72601074714595,330.50428641777245,330.66654821886806,8142344.0,HDFCBANK.NS
2017-03-21,,333.9809875488281,334.919701142689,332.3701394038865,332.3701394038865,5557280.0,HDFCBANK.NS
2017-03-22,,331.651611328125,333.0654534537947,330.4695475277537,330.9099037112186,5636544.0,HDFCBANK.NS
2017-03-23,,331.651611328125,332.6018968031979,329.79738472573786,332.4628354666694,4922472.0,HDFCBANK.NS
2017-03-24,,330.1334228515625,332.474378071877,329.5887494938198,332.1383108471475,3810364.0,HDFCBANK.NS
2017-03-27,,326.7726135253906,330.052281957707,325.42831643156785,330.052281957707,5864084.0,HDFCBANK.NS
2017-03-28,,329.17156982421875,330.2145722993186,327.5259493554895,328.7312136360011,8061400.0,HDFCBANK.NS
2017-03-29,,331.11846923828125,332.5555116547746,329.1251815439186,329.31061549870776,8575772.0,HDFCBANK.NS
2017-03-30,,339.8333740234375,343.02032604119444,330.2957184376256,330.97945318958864,34321092.0,HDFCBANK.NS
2017-03-31,,334.351806640625,337.0056569270489,332.9611368046124,336.95931258314863,9651392.0,HDFCBANK.NS
2017-04-03,,332.1846618652344,336.10172095451867,330.5158693540988,335.15143554419836,4149052.0,HDFCBANK.NS
2017-04-05,,331.9876708984375,335.2673397841503,330.8751519387067,332.6598336848957,5744080.0,HDFCBANK.NS
2017-04-06,,333.4131164550781,334.45611890488544,330.295709339066,331.7906681998223,6124416.0,HDFCBANK.NS
2017-04-07,,333.49420166015625,334.9196438653612,331.1184740825646,331.6863478941338,4648360.0,HDFCBANK.NS
2017-04-10,,332.4049377441406,334.45617055354114,332.0572702071827,334.45617055354114,3393876.0,HDFCBANK.NS
2017-04-11,,333.6449279785156,334.03893984812817,331.79070121656486,332.3701470796745,4356260.0,HDFCBANK.NS
2017-04-12,,334.618408203125,336.0670229582699,332.7178369616777,333.52906122455886,3565092.0,HDFCBANK.NS
2017-04-13,,333.830322265625,335.82361013898577,333.0770427331789,334.4561124060487,4804236.0,HDFCBANK.NS
2017-04-17,,333.01910400390625,334.6415522561378,331.03738803566546,333.830328130022,7137056.0,HDFCBANK.NS
2017-04-18,,335.4527587890625,337.23744045561665,333.29720919256135,333.76076581174436,3638860.0,HDFCBANK.NS
2017-04-19,,335.8468322753906,337.64311450460684,333.29727040166443,335.38327557107675,4338144.0,HDFCBANK.NS
2017-04-20,,338.8946533203125,339.79859436581097,336.7622759446174,336.7738761771334,5781372.0,HDFCBANK.NS
2017-04-21,,346.87939453125,347.4356681041426,336.8434112210692,339.78698428330426,17258032.0,HDFCBANK.NS
2017-04-24,,355.3277893066406,356.70685908847906,346.97216897690265,347.22711948784075,20206952.0,HDFCBANK.NS
2017-04-25,,356.25494384765625,358.2134596959508,354.52817806889715,355.79138712207106,9057780.0,HDFCBANK.NS
2017-04-26,,359.4070739746094,359.95174739282487,340.3548782248711,357.62236385318107,7795852.0,HDFCBANK.NS
2017-04-27,,363.5674743652344,364.807482743386,358.3524620609265,358.3524620609265,16180420.0,HDFCBANK.NS
2017-04-28,,358.4451904296875,361.5510257370662,356.26646845028733,361.5510257370662,5437728.0,HDFCBANK.NS
2017-05-02,,357.0777282714844,359.46505664673856,354.7020001312897,358.56111540303766,4007040.0,HDFCBANK.NS
2017-05-03,,357.9352111816406,360.2413937636166,356.7878917130882,360.2413937636166,2507964.0,HDFCBANK.NS
2017-05-04,,355.7333679199219,357.6107666061252,352.90565551098183,356.76477010071994,5131028.0,HDFCBANK.NS
2017-05-05,,355.1307067871094,357.61075162085683,353.76323742535385,357.4253176599832,2757896.0,HDFCBANK.NS
2017-05-08,,355.7333679199219,356.93860383635456,354.28475345630034,356.47504720799566,3747252.0,HDFCBANK.NS
2017-05-09,,355.9535827636719,358.2365937354766,355.235075574159,355.7334046597621,3345836.0,HDFCBANK.NS
2017-05-10,,359.67364501953125,360.41532440196323,356.2549144504451,356.9386492469604,2342244.0,HDFCBANK.NS
2017-05-11,,358.42205810546875,361.57423811241284,357.1704493148899,359.4882328925335,3875744.0,HDFCBANK.NS
2017-05-12,,359.6388244628906,360.8556606042384,356.057832556688,358.30609916522405,6147604.0,HDFCBANK.NS
2017-05-15,,360.0444641113281,360.925204790919,357.46013006865064,359.2564121292971,2804780.0,HDFCBANK.NS
2017-05-16,,361.4930419921875,362.0377153547177,358.8507636350459,360.41526720652115,3590376.0,HDFCBANK.NS
2017-05-17,,360.91363525390625,362.82580649249013,359.60408201974053,361.2960751602737,3472472.0,HDFCBANK.NS
2017-05-18,,360.9020690917969,361.92189950730506,358.81606390731673,359.02467008441596,3107280.0,HDFCBANK.NS
2017-05-19,,361.8639221191406,363.86881035670604,358.1554687939805,361.4583100367012,2854136.0,HDFCBANK.NS
2017-05-22,,365.28265380859375,366.2097671431333,362.29270764605286,362.7562643133227,2860052.0,HDFCBANK.NS
2017-05-23,,363.683349609375,367.03256324814083,362.73306417338574,366.2097389098719,3080172.0,HDFCBANK.NS
2017-05-24,,363.1387634277344,365.15522394181534,362.0378161634729,363.6718649993117,3467388.0,HDFCBANK.NS
2017-05-25,,374.8203125,377.6595968946489,363.2197963702765,363.2197963702765,20090804.0,HDFCBANK.NS
2017-05-26,,376.87152099609375,378.26219081526756,371.1002355878726,372.3866164879083,5443156.0,HDFCBANK.NS
2017-05-29,,378.2390441894531,381.9706694642827,374.9362031458451,375.4345321900223,5916340.0,HDFCBANK.NS
2017-05-30,,377.5784912109375,378.60989343866373,374.5885451633315,377.79866930212546,4434184.0,HDFCBANK.NS
2017-05-31,,379.2357177734375,380.8118218409027,376.21102733915086,376.6398116198825,5318912.0,HDFCBANK.NS
2017-06-01,,377.47418212890625,380.08168833829467,375.6083835505846,379.8846824166804,3359540.0,HDFCBANK.NS
2017-06-02,,378.7837219238281,381.530289375043,376.91789511839096,378.7257773434512,3213544.0,HDFCBANK.NS
2017-06-05,,379.0850524902344,379.87307616420605,376.6397798330938,378.6562399524376,2899900.0,HDFCBANK.NS
2017-06-06,,379.8730773925781,380.99722491216335,377.7986726850137,378.9575643190168,5002632.0,HDFCBANK.NS
2017-06-07,,380.3018798828125,381.2521653389345,377.87977945579496,380.2091628958916,2554276.0,HDFCBANK.NS
2017-06-08,,381.2173767089844,384.6129346210388,380.49886960411555,381.0203708034438,4248768.0,HDFCBANK.NS
2017-06-09,,386.3280944824219,387.069773749552,380.13959669263147,380.13959669263147,5305272.0,HDFCBANK.NS
2017-06-12,,386.78009033203125,388.4604832338483,384.7520299332865,385.67914325842696,3971412.0,HDFCBANK.NS
2017-06-13,,388.6227111816406,392.14575874266063,384.983802749891,385.15763649586484,5051620.0,HDFCBANK.NS
2017-06-14,,387.3479309082031,389.3759912806739,386.3744732467183,388.2286998729773,3858360.0,HDFCBANK.NS
2017-06-15,,385.7602233886719,388.3677293680526,383.26860656393023,386.60621987618777,3526692.0,HDFCBANK.NS
2017-06-16,,386.89599609375,388.1591767361372,384.3116619304142,385.91093814353377,3755104.0,HDFCBANK.NS
2017-06-19,,392.3775939941406,393.09610125641785,386.69902413518884,387.3016422166711,3825532.0,HDFCBANK.NS
2017-06-20,,390.9056701660156,392.6324070378739,389.3527387112281,391.7052939161788,3660264.0,HDFCBANK.NS
2017-06-21,,393.7218322753906,394.31287832581785,389.29487189376306,389.99020687391146,3410932.0,HDFCBANK.NS
2017-06-22,,393.5595703125,397.73157989178446,391.98346648747,392.85263514982097,6675460.0,HDFCBANK.NS
2017-06-23,,389.0746765136719,394.6605282806946,388.27502434607896,394.48669454338113,5217468.0,HDFCBANK.NS
2017-06-27,,386.52508544921875,392.8642162594155,383.88280718563834,391.4735464673468,6000432.0,HDFCBANK.NS
2017-06-28,,386.2469482421875,388.22866408361597,384.24208852196796,385.9108810144601,4449036.0,HDFCBANK.NS
2017-06-29,,388.0202331542969,392.4182799400579,385.2320607785395,388.9418295763282,9187708.0,HDFCBANK.NS
2017-06-30,,385.4537048339844,387.3085748693215,383.3421617531899,385.8620120665273,4330432.0,HDFCBANK.NS
2017-07-03,,386.9819641113281,389.05850395160877,384.3338054778336,385.5820534524318,3504332.0,HDFCBANK.NS
2017-07-04,,385.75701904296875,388.87181437509594,385.44204485994527,387.3669218999541,3766080.0,HDFCBANK.NS
2017-07-05,,384.68377685546875,387.1919500783323,383.8088327079582,385.69870637033,4014200.0,HDFCBANK.NS
2017-07-06,,386.876953125,388.0085417929682,385.2903764383363,385.57037563782274,4571676.0,HDFCBANK.NS
2017-07-07,,388.9884948730469,389.54846482975694,386.84197660045595,387.5069284635,5517396.0,HDFCBANK.NS
2017-07-10,,391.1233825683594,407.8406554040263,387.5536273300643,389.1751791841624,1309252.0,HDFCBANK.NS
2017-07-11,,392.06829833984375,394.4948157258668,388.96515180561414,391.4033465057242,4410280.0,HDFCBANK.NS
2017-07-12,,392.2666320800781,393.1415762408515,386.97031481936517,391.974984026487,5738892.0,HDFCBANK.NS
2017-07-13,,392.80328369140625,395.0781385545908,391.89333604988127,393.8415393903061,4481004.0,HDFCBANK.NS
2017-07-14,,391.9632568359375,393.38652194136114,390.10838684362545,392.88488165676523,2443252.0,HDFCBANK.NS
2017-07-17,,392.5233154296875,393.7599146915208,391.2750673333135,392.5699962116246,2399340.0,HDFCBANK.NS
2017-07-18,,392.80328369140625,393.80653592692903,391.3566922281149,391.9049848835031,2322188.0,HDFCBANK.NS
2017-07-19,,394.8447570800781,395.7546760951017,392.4065626040821,393.1415212926599,3987244.0,HDFCBANK.NS
2017-07-20,,399.1844787597656,400.1410785574427,393.8764848605342,395.21806573616414,3698476.0,HDFCBANK.NS
2017-07-21,,397.35296630859375,400.1994397814669,396.64133369974854,399.9311178888898,3873508.0,HDFCBANK.NS
2017-07-24,,404.8307800292969,405.97404596994545,395.4747171948606,398.97449345322224,19678176.0,HDFCBANK.NS
2017-07-25,,405.8924255371094,410.4071316069727,404.3525295456934,410.4071316069727,11160468.0,HDFCBANK.NS
2017-07-26,,407.7356262207031,409.4738370996505,404.2241725214499,406.440697565579,3895344.0,HDFCBANK.NS
2017-07-27,,417.5583190917969,419.69318834660316,408.6688929212744,409.7071485053387,17961712.0,HDFCBANK.NS
2017-07-28,,414.9568176269531,416.8233650213954,410.89707134779053,413.44024786896875,9255396.0,HDFCBANK.NS
2017-07-31,,416.3334045410156,417.87330045448005,412.16867633826433,414.7351790211227,7369140.0,HDFCBANK.NS
2017-08-01,,419.3197937011719,422.1079655144198,413.48683402648805,415.7383621571657,8516860.0,HDFCBANK.NS
2017-08-02,,418.0249328613281,421.60636474048823,415.7850818328917,421.60636474048823,7397916.0,HDFCBANK.NS
2017-08-03,,415.29510498046875,418.1066032980485,414.00020485476455,417.17332962997256,4256784.0,HDFCBANK.NS
2017-08-04,,417.6983337402344,419.21490358763646,412.0753650791946,414.6068644359148,3545068.0,HDFCBANK.NS
2017-08-07,,417.3016662597656,419.1448589696908,416.47337448663313,416.70669290371245,1918660.0,HDFCBANK.NS
2017-08-08,,414.81683349609375,419.3315393235098,412.0636646886433,418.1299437385314,4035372.0,HDFCBANK.NS
2017-08-09,,411.6787109375,414.61854607273096,410.25547414673633,413.206958115239,3270056.0,HDFCBANK.NS
2017-08-10,,410.7453918457031,412.04032044003975,408.9721775898899,410.6404099515685,7788444.0,HDFCBANK.NS
2017-08-11,,408.0856018066406,410.17379031363146,403.90919631140594,407.1406507948162,6359836.0,HDFCBANK.NS
2017-08-14,,409.98712158203125,414.12852359107853,407.8406034825191,409.0071955977437,3577084.0,HDFCBANK.NS
2017-08-16,,415.59844970703125,417.59333365812637,407.9689485070162,411.18872572336284,4426832.0,HDFCBANK.NS
2017-08-17,,411.9003601074219,415.5284445883388,409.18219471428085,414.43185936492733,5454868.0,HDFCBANK.NS
2017-08-18,,408.8088684082031,410.87373069414645,406.67399920493887,410.6404122780794,3707464.0,HDFCBANK.NS
2017-08-21,,406.7206726074219,410.40711516513596,405.5540804665318,409.2405230242459,4009724.0,HDFCBANK.NS
2017-08-22,,407.6072692871094,409.24049818522604,405.2274328566401,408.61054985988176,6609556.0,HDFCBANK.NS
2017-08-23,,413.54522705078125,414.8284783760305,408.30723985203764,408.30723985203764,3360524.0,HDFCBANK.NS
2017-08-24,,411.22369384765625,414.1284966329734,410.4420828775861,414.1168478013311,7878276.0,HDFCBANK.NS
2017-08-28,,411.16534423828125,413.24188366341224,410.2553967956677,411.20034769400667,1507784.0,HDFCBANK.NS
2017-08-29,,407.4090270996094,410.40716355897644,405.5074759894833,410.40716355897644,4918596.0,HDFCBANK.NS
2017-08-30,,412.63531494140625,412.973615267627,408.31892404736607,408.7622062731027,2694320.0,HDFCBANK.NS
2017-08-31,,414.478515625,415.2718039871628,409.80049816918256,413.4402599988813,7303436.0,HDFCBANK.NS
2017-09-01,,412.41363525390625,415.64508968843177,410.897065517441,415.5401077914852,2295172.0,HDFCBANK.NS
2017-09-04,,408.5172119140625,411.8069958161166,407.3972721476711,411.8069958161166,3642524.0,HDFCBANK.NS
2017-09-05,,409.5555114746094,411.7837139338395,408.54058197292636,409.9404925907662,3682436.0,HDFCBANK.NS
2017-09-06,,410.61712646484375,411.29375563414936,405.5074469548351,406.8490279789952,5751632.0,HDFCBANK.NS
2017-09-07,,412.16864013671875,414.5484764774788,410.66371933428906,410.66371933428906,6946420.0,HDFCBANK.NS
2017-09-08,,417.0916748046875,417.639967389647,413.20691745646076,413.76688735479786,8311664.0,HDFCBANK.NS
2017-09-11,,425.421142578125,426.73939736958505,417.68663112856564,418.3399341080733,11477676.0,HDFCBANK.NS
2017-09-12,,428.18597412109375,429.28258783795957,424.2429154135185,426.4360858847424,6687680.0,HDFCBANK.NS
2017-09-13,,429.7375793457031,431.40581195133893,425.57285072971456,428.1393536672293,4995376.0,HDFCBANK.NS
2017-09-14,,429.1658935546875,432.2223590615173,427.32267240009116,429.34088236402414,8154016.0,HDFCBANK.NS
2017-09-15,,431.39410400390625,432.0590843209572,427.77766830329546,428.37264169815563,3767332.0,HDFCBANK.NS
2017-09-18,,434.0772399902344,435.01051366355586,432.2223699570088,432.4673656887566,4084928.0,HDFCBANK.NS
2017-09-19,,431.569091796875,435.83883049021756,431.06747995363725,435.1155490480745,4241468.0,HDFCBANK.NS
2017-09-20,,431.3707580566406,434.3105644723983,430.5308174351745,431.1724430945414,3446128.0,HDFCBANK.NS
2017-09-21,,429.09588623046875,431.28908500165306,427.13600587151143,431.17242579553954,7712496.0,HDFCBANK.NS
2017-09-22,,425.59613037109375,429.06090326187245,424.63953053153153,428.09265458989347,8243524.0,HDFCBANK.NS
2017-09-25,,419.9148864746094,425.2112039738826,418.24665383667536,425.2112039738826,10149228.0,HDFCBANK.NS
2017-09-26,,418.1766052246094,419.17985731706574,416.4733694081984,417.41832037834797,11438732.0,HDFCBANK.NS
2017-09-27,,414.49017333984375,421.27973366903063,412.97360360907595,419.03988253214715,7337220.0,HDFCBANK.NS
2017-09-28,,418.8765563964844,419.7398231282609,411.410367213547,413.9068628290911,27646464.0,HDFCBANK.NS
2017-09-29,,421.30303955078125,425.10614100828445,419.09819197921564,419.9964621572146,6213632.0,HDFCBANK.NS
2017-10-03,,422.0379943847656,424.8728187232384,419.29650310524994,421.83967943526363,4394424.0,HDFCBANK.NS
2017-10-04,,419.273193359375,422.74964345242824,418.4215754451159,421.816369788857,6625104.0,HDFCBANK.NS
2017-10-05,,419.64654541015625,421.1397891399228,418.36329397510383,418.8066047125548,3336196.0,HDFCBANK.NS
2017-10-06,,419.99652099609375,421.0114505207258,418.57328419869253,419.50655796502184,3030660.0,HDFCBANK.NS
2017-10-09,,418.92327880859375,420.67316719125284,417.75668655348767,419.69324108946626,3062492.0,HDFCBANK.NS
2017-10-10,,420.6031188964844,423.46126964039075,418.2582857830928,419.73985210511194,3798180.0,HDFCBANK.NS
2017-10-11,,417.6750183105469,423.5313055599254,417.0800448857198,420.73148423133756,5267440.0,HDFCBANK.NS
2017-10-12,,424.35955810546875,424.9778291399021,417.1733393021696,418.8298944051615,5381560.0,HDFCBANK.NS
2017-10-13,,431.82574462890625,433.16732554856765,425.10616271705766,426.20274790236687,6433464.0,HDFCBANK.NS
2017-10-16,,433.307373046875,437.0637944643975,429.77259276840795,433.97232494529794,3274544.0,HDFCBANK.NS
2017-10-17,,431.9307556152344,432.5023743922166,429.0959309152157,431.63910756957927,2613288.0,HDFCBANK.NS
2017-10-18,,435.9554443359375,437.47201398441683,429.07255131591603,429.5391881308327,3926720.0,HDFCBANK.NS
2017-10-19,,431.2657775878906,435.1388577028288,429.4575598145947,434.3922501437754,570008.0,HDFCBANK.NS
2017-10-23,,434.74224853515625,436.23546372456025,428.3843212222505,433.9489601650016,4162892.0,HDFCBANK.NS
2017-10-24,,435.6288146972656,438.54529493663097,432.3390306835121,434.6722148750043,11328872.0,HDFCBANK.NS
2017-10-25,,418.8299255371094,434.67225329382785,416.4734149916708,433.9722979745141,21367208.0,HDFCBANK.NS
2017-10-26,,418.8882141113281,422.306334615377,410.13877347703163,412.50696110496494,28571464.0,HDFCBANK.NS
2017-10-27,,417.8849792480469,421.72305597213847,415.07348081573133,420.99977454611326,7472088.0,HDFCBANK.NS
2017-10-30,,423.47296142578125,423.70627986182853,418.19997046736404,419.56487762198964,5422352.0,HDFCBANK.NS
2017-10-31,,421.9564208984375,422.65637625519463,419.79822521510295,422.65637625519463,4682460.0,HDFCBANK.NS
2017-11-01,,424.9195556640625,425.8061771789103,422.7730372866769,423.4963187954966,4190612.0,HDFCBANK.NS
2017-11-02,,425.1295471191406,426.9261162943214,423.92795139105834,425.33953942289634,4737944.0,HDFCBANK.NS
2017-11-03,,427.1360168457031,429.30588952766453,425.0128249361374,425.96942475459537,3810488.0,HDFCBANK.NS
2017-11-06,,426.6460876464844,429.3059235210724,425.24617702630695,425.80614697062884,6148244.0,HDFCBANK.NS
2017-11-07,,425.5028076171875,430.4608242339314,424.8145296440704,428.8392725447213,7446376.0,HDFCBANK.NS
2017-11-08,,426.02777099609375,427.81266266144144,424.4062193186311,425.85278217559403,3283144.0,HDFCBANK.NS
2017-11-09,,426.4710693359375,428.13930173923734,424.8961699971147,426.2727543747066,3113308.0,HDFCBANK.NS
2017-11-10,,425.106201171875,428.09268862090835,422.85467251112965,425.036194246798,7744360.0,HDFCBANK.NS
2017-11-13,,423.1346435546875,425.37449475168876,418.80657535282967,425.10617286510063,3335872.0,HDFCBANK.NS
2017-11-14,,420.52142333984375,424.4061804958276,419.9731307820174,423.68289913350867,4712468.0,HDFCBANK.NS
2017-11-15,,420.031494140625,420.8247824809962,417.1733434375434,419.50652768495695,6148368.0,HDFCBANK.NS
2017-11-16,,421.7696838378906,423.70623805852216,418.8532036750429,420.90641710218836,4012972.0,HDFCBANK.NS
2017-11-17,,425.93450927734375,428.90931952523164,423.04135479098977,426.6694396124052,6358772.0,HDFCBANK.NS
2017-11-20,,428.8742980957031,429.23592459056357,426.73942866392724,426.73942866392724,2392424.0,HDFCBANK.NS
2017-11-21,,430.7641296386719,431.63907370699684,428.3959419974884,428.710916165835,2275532.0,HDFCBANK.NS
2017-11-22,,432.864013671875,433.9722762051947,430.36751788405616,431.56908500360004,5660796.0,HDFCBANK.NS
2017-11-23,,429.97088623046875,433.97230321713585,428.83929748015896,433.738984774546,3232580.0,HDFCBANK.NS
2017-11-24,,431.96575927734375,433.45900296804155,429.53924184011663,430.0058787133813,5203684.0,HDFCBANK.NS
2017-11-27,,433.40069580078125,434.4389515050552,430.61252324989806,431.40581167177606,3870472.0,HDFCBANK.NS
2017-11-28,,435.220458984375,436.5387136019777,433.003934249357,433.03893770458075,5090540.0,HDFCBANK.NS
2017-11-29,,437.075439453125,437.5887286220567,432.99236680535853,435.13888503339683,3274584.0,HDFCBANK.NS
2017-11-30,,432.5023498535156,437.22704792506545,429.305898846993,436.0021262028118,5796312.0,HDFCBANK.NS
2017-12-01,,431.2191467285156,433.9723158235546,430.26254678236006,432.7823974280315,3858148.0,HDFCBANK.NS
2017-12-04,,427.9293518066406,432.782386827113,426.996078032031,432.782386827113,3641932.0,HDFCBANK.NS
2017-12-05,,424.7445373535156,426.6344394787059,421.60641576755944,426.0394660717009,3893360.0,HDFCBANK.NS
2017-12-06,,420.7431335449219,424.9545140909789,419.739852909779,424.6278625947984,6395120.0,HDFCBANK.NS
2017-12-07,,422.22467041015625,423.8462219827382,420.69642341746993,421.52471517342997,4231304.0,HDFCBANK.NS
2017-12-08,,429.3992614746094,432.339068114159,423.23964897953823,423.23964897953823,8956400.0,HDFCBANK.NS
2017-12-11,,430.79913330078125,432.04738114259635,429.30588972721876,431.1724370738588,3198232.0,HDFCBANK.NS
2017-12-12,,424.61614990234375,431.6157017052905,423.6945251595396,431.4290355980456,2410588.0,HDFCBANK.NS
2017-12-13,,424.9544982910156,430.47248461663384,423.49625816697557,424.6512014339668,2907460.0,HDFCBANK.NS
2017-12-14,,428.85101318359375,429.30597279486784,422.7730558175546,425.57287737926026,3683092.0,HDFCBANK.NS
2017-12-15,,437.1103820800781,440.50517647987897,432.92232783814376,433.0389870480166,12450124.0,HDFCBANK.NS
2017-12-18,,438.3936462402344,443.07169208577403,422.14304061356023,432.8056813160141,12297988.0,HDFCBANK.NS
2017-12-19,,439.6886291503906,441.8234987133048,437.74042574427756,438.5920438026403,4952112.0,HDFCBANK.NS
2017-12-20,,435.8738098144531,444.0282771597041,434.8238769297641,443.04835119316186,9343504.0,HDFCBANK.NS
2017-12-21,,435.9088439941406,439.80525047052896,435.18553405982226,438.6153321469392,6854544.0,HDFCBANK.NS
2017-12-22,,437.8570556640625,438.63866674099364,434.3806052154494,438.4053483012378,4470904.0,HDFCBANK.NS
2017-12-26,,435.92047119140625,439.2919395023736,433.2023058592517,438.8719549472435,6785696.0,HDFCBANK.NS
2017-12-27,,433.2140197753906,436.37549607590756,431.9074421886245,436.3288152984752,3489384.0,HDFCBANK.NS
2017-12-28,,438.1836853027344,438.84863712659455,433.5056394266462,433.7156317081951,8700520.0,HDFCBANK.NS
2017-12-29,,436.8654479980469,438.45199628402827,435.873844638838,437.8920548191258,6345872.0,HDFCBANK.NS
2018-01-01,,432.68902587890625,438.81363463022535,431.7557521644195,436.93540988731945,6580516.0,HDFCBANK.NS
2018-01-02,,436.853759765625,437.4720593056945,433.6339824978874,433.6339824978874,4776316.0,HDFCBANK.NS
2018-01-03,,432.2574157714844,438.2303621697606,431.91908694300224,437.4720772358851,4531288.0,HDFCBANK.NS
2018-01-04,,433.948974609375,435.25555218422113,432.33907166837935,432.33907166837935,2373776.0,HDFCBANK.NS
2018-01-05,,434.8122253417969,435.85050945572596,432.93402904792623,434.67223997847327,2870868.0,HDFCBANK.NS
2018-01-08,,434.1122741699219,436.4687846655706,433.4473223268743,435.1388809794755,4570308.0,HDFCBANK.NS
2018-01-09,,434.83551025390625,436.2704241747234,432.80565147506815,434.438880348559,5305528.0,HDFCBANK.NS
2018-01-10,,434.9521789550781,435.8154741815216,433.34230467249125,435.18549737067065,4615888.0,HDFCBANK.NS
2018-01-11,,436.90045166015625,437.70538887726343,433.0973497352986,434.9522199214611,4059096.0,HDFCBANK.NS
2018-01-12,,435.2088623046875,438.2069983198087,433.97226328025886,437.0054027547983,4336708.0,HDFCBANK.NS
2018-01-15,,442.780029296875,444.33160247821263,433.93725552772156,436.29376586145315,12576444.0,HDFCBANK.NS
2018-01-16,,443.34002685546875,445.63820772786687,439.86357650207384,444.109960596822,6445384.0,HDFCBANK.NS
2018-01-17,,441.0885314941406,443.9000302204196,440.2719169158653,442.6051014252233,2905496.0,HDFCBANK.NS
2018-01-18,,451.3078308105469,455.90419228809475,447.51640648880607,448.9046396941117,16649540.0,HDFCBANK.NS
2018-01-19,,455.4842224121094,457.28079139118796,447.7963916245769,451.5061603151383,11455988.0,HDFCBANK.NS
2018-01-22,,458.0857238769531,463.83702874756364,455.70588733523647,457.30411284971063,8849768.0,HDFCBANK.NS
2018-01-23,,455.2742614746094,458.8673424928477,453.40771404435424,458.47071255641987,5047796.0,HDFCBANK.NS
2018-01-24,,456.7558288574219,459.4039873339698,455.1109225382041,455.5659105641331,4790568.0,HDFCBANK.NS
2018-01-25,,460.7922058105469,461.97047523331474,455.087581789182,455.8808701196716,8723668.0,HDFCBANK.NS
2018-01-29,,466.5552062988281,468.2584137565709,461.50385657084894,461.50385657084894,8235892.0,HDFCBANK.NS
2018-01-30,,465.58697509765625,467.08021889995865,462.9388163402075,466.123618934521,6397560.0,HDFCBANK.NS
2018-01-31,,467.96673583984375,469.7866308781601,463.60369285070976,464.16366274567264,6943348.0,HDFCBANK.NS
2018-02-01,,464.572021484375,470.13666062982185,463.2071142949265,468.0367946518226,6521420.0,HDFCBANK.NS
2018-02-02,,454.5043029785156,464.2803509205568,452.9877331790493,463.3704033446263,7346124.0,HDFCBANK.NS
2018-02-05,,446.5364685058594,451.5294885699681,444.6699210786227,447.50474567998907,7926784.0,HDFCBANK.NS
2018-02-06,,442.5584411621094,446.1048701600004,428.4426751345571,433.97231092970753,10749804.0,HDFCBANK.NS
2018-02-07,,436.958740234375,444.9382186573335,434.5322230152949,444.9382186573335,8364972.0,HDFCBANK.NS
2018-02-08,,438.86029052734375,442.9783665225845,435.48885059857577,439.57192313298515,5171444.0,HDFCBANK.NS
2018-02-09,,431.52239990234375,435.06882834683466,430.2624747903202,431.1490961420686,6408952.0,HDFCBANK.NS
2018-02-12,,437.8570556640625,440.0385773795287,432.8407092093118,433.9722979458767,4381108.0,HDFCBANK.NS
2018-02-14,,439.3735656738281,442.81501219145514,437.39035920604306,440.9251387831101,3577188.0,HDFCBANK.NS
2018-02-15,,439.0819396972656,442.08007569393885,437.472036905204,440.90180628203984,4915224.0,HDFCBANK.NS
2018-02-16,,438.31201171875,442.1034363344179,437.62373371948445,439.5486108320543,3583520.0,HDFCBANK.NS
2018-02-19,,438.2186584472656,440.4118573585593,433.75063335268595,439.2452652228981,3654552.0,HDFCBANK.NS
2018-02-20,,434.7188720703125,440.0035400199082,433.69229379947717,439.7468954521994,4084068.0,HDFCBANK.NS
2018-02-21,,433.36566162109375,435.9671678361138,432.152388685023,435.8271539918047,2753072.0,HDFCBANK.NS
2018-02-22,,432.3857116699219,433.97228841793,429.6675746914474,431.639104071597,13253596.0,HDFCBANK.NS
2018-02-23,,438.7669982910156,439.770250481816,431.7324417160376,433.24901155722256,4076748.0,HDFCBANK.NS
2018-02-26,,445.9998474121094,446.758132294568,439.4669315016969,440.528513248387,4788884.0,HDFCBANK.NS
2018-02-27,,443.9000244140625,448.3797272209315,443.30505097945615,446.746498085744,4787328.0,HDFCBANK.NS
2018-02-28,,439.61859130859375,442.24342374696937,438.17202837950197,440.86686774206953,4066364.0,HDFCBANK.NS
2018-03-01,,437.32037353515625,441.741774669809,435.83880726879596,438.4753167994861,3909840.0,HDFCBANK.NS
2018-03-05,,436.2937927246094,438.17201750417627,433.563978448954,437.2737472327002,3781464.0,HDFCBANK.NS
2018-03-06,,430.7641296386719,438.6153001080252,429.18923031568687,436.30544207139684,4576828.0,HDFCBANK.NS
2018-03-07,,427.579345703125,432.43238040082497,426.622745844024,429.30590776757134,5628164.0,HDFCBANK.NS
2018-03-08,,432.3040466308594,433.62230145448046,427.43936306946904,429.2592582130304,5518724.0,HDFCBANK.NS
2018-03-09,,431.8841247558594,435.19723532643724,430.2392183042221,432.7940439184612,4108108.0,HDFCBANK.NS
2018-03-12,,435.6638488769531,436.17713804277474,432.43239424012285,434.0189425134606,6557116.0,HDFCBANK.NS
2018-03-13,,434.0305480957031,439.74684882321003,432.80562651123734,435.7104291618992,5124200.0,HDFCBANK.NS
2018-03-14,,435.022216796875,435.8155051625328,431.17246266592923,433.03901012335746,3680392.0,HDFCBANK.NS
2018-03-15,,438.8253173828125,440.38853948145044,435.18552706620113,435.18552706620113,5870924.0,HDFCBANK.NS
2018-03-16,,432.33905029296875,438.8952924721807,430.83415781370024,438.6386478957265,7896336.0,HDFCBANK.NS
2018-03-19,,430.9974670410156,433.9722770043519,430.04086718042873,432.3390480048731,7838740.0,HDFCBANK.NS
2018-03-20,,429.1892395019531,433.0156673389115,428.1976362032941,430.49581697570034,3657372.0,HDFCBANK.NS
2018-03-21,,433.71563720703125,434.7188893718679,430.075875378634,431.17246061214826,5921140.0,HDFCBANK.NS
2018-03-22,,435.7804870605469,438.6386377587087,432.8290032963986,433.71562470139077,6673224.0,HDFCBANK.NS
2018-03-23,,429.66754150390625,432.362352127021,428.6642609199748,430.8574597323759,7190152.0,HDFCBANK.NS
2018-03-26,,441.7767333984375,443.3049803811995,427.7893060678575,429.2825495927603,10501768.0,HDFCBANK.NS
2018-03-27,,441.57843017578125,443.07167374035095,437.7053501510786,441.8584293648424,6136836.0,HDFCBANK.NS
2018-03-28,,440.0618591308594,443.2349838951618,437.7170261366285,439.32690042352505,8837508.0,HDFCBANK.NS
2018-04-02,,450.5845947265625,451.64620510303473,441.08854487784436,441.08854487784436,4596368.0,HDFCBANK.NS
2018-04-03,,447.0148620605469,449.3013659762127,445.8715958620847,448.8930586539947,4079884.0,HDFCBANK.NS
2018-04-04,,439.3969421386719,449.1263094729365,438.27700225963594,446.3264882566009,3714108.0,HDFCBANK.NS
2018-04-05,,445.38153076171875,446.571448989107,441.01845928629234,443.6083164933311,4858892.0,HDFCBANK.NS
2018-04-06,,448.76470947265625,449.47631365171907,444.65831047593423,446.15152576110154,3720008.0,HDFCBANK.NS
2018-04-09,,452.4161071777344,453.1043851447475,447.13143911097467,447.69140903191504,4003536.0,HDFCBANK.NS
2018-04-10,,448.169677734375,453.33768639180846,446.45479305750155,453.33768639180846,6067236.0,HDFCBANK.NS
2018-04-11,,447.7030944824219,447.9714163916159,444.5649727757225,447.0148164591141,2870812.0,HDFCBANK.NS
2018-04-12,,450.02459716796875,450.9811970304485,444.68159944856467,447.0381098847965,4712516.0,HDFCBANK.NS
2018-04-13,,449.1379699707031,452.6377463600852,447.7613855612955,449.83792524857955,3297172.0,HDFCBANK.NS
2018-04-16,,453.1277160644531,454.97093735305725,447.93638101004007,447.97138447070256,2847744.0,HDFCBANK.NS
2018-04-17,,454.6210021972656,455.2042983253093,451.2612108034826,453.4544099411782,2667832.0,HDFCBANK.NS
2018-04-18,,450.91119384765625,455.78755474957177,450.31624893763126,455.2042586723391,2712720.0,HDFCBANK.NS
2018-04-19,,452.4043884277344,453.7576465726229,451.00447799422926,452.63770683331853,3169032.0,HDFCBANK.NS
2018-04-20,,456.3475341796875,457.5374525057616,450.80622133062485,452.87108379076153,9361380.0,HDFCBANK.NS
2018-04-23,,451.6460876464844,461.7371083313406,434.04222595985357,461.7371083313406,15304620.0,HDFCBANK.NS
2018-04-24,,451.47119140625,454.5160085082362,449.3713253997093,451.47119140625,5037416.0,HDFCBANK.NS
2018-04-25,,448.14642333984375,452.17116669666393,446.1048868545002,449.8146559926901,4020592.0,HDFCBANK.NS
2018-04-26,,450.3628845214844,452.45107300799754,445.929834498996,447.22476313490813,7847480.0,HDFCBANK.NS
2018-04-27,,448.76470947265625,451.5878570028242,446.2215326881432,451.0045608816632,5777008.0,HDFCBANK.NS
2018-04-30,,453.64105224609375,456.09089585508553,450.024616442344,450.304587176584,4609552.0,HDFCBANK.NS
2018-05-02,,459.52069091796875,461.50389775869115,454.037707299501,454.9709811068998,7100048.0,HDFCBANK.NS
2018-05-03,,459.1473083496094,460.780537232466,454.0376294341363,459.1823118076352,4152772.0,HDFCBANK.NS
2018-05-04,,463.9537353515625,464.3037130246967,458.7740771816788,459.63734404957415,6881436.0,HDFCBANK.NS
2018-05-07,,461.3638610839844,463.67371919671046,460.8038911655579,462.3554643940875,5264128.0,HDFCBANK.NS
2018-05-08,,458.94903564453125,461.9471718163766,456.0442040610086,461.7955091384711,7100564.0,HDFCBANK.NS
2018-05-09,,461.5971984863281,462.0871615046239,456.40586329648823,456.40586329648823,4327332.0,HDFCBANK.NS
2018-05-10,,464.93359375,466.40351115564755,462.4370981042989,463.97699394563097,7171672.0,HDFCBANK.NS
2018-05-11,,469.3783264160156,470.60324810791775,463.3703771652576,464.93359917004136,6057068.0,HDFCBANK.NS
2018-05-14,,471.7115478515625,473.02980271084607,469.53002617182125,470.6499375755565,4742916.0,HDFCBANK.NS
2018-05-15,,475.456298828125,481.8025486085794,472.86644152033546,472.94812575425465,9826684.0,HDFCBANK.NS
2018-05-16,,472.0848083496094,478.06943137863766,470.6382455720039,473.76471802299983,6841604.0,HDFCBANK.NS
2018-05-17,,473.1114196777344,477.00782584588853,469.55331382144766,472.2014721559418,6615476.0,HDFCBANK.NS
2018-05-18,,469.4716796875,472.39980886447876,467.45346959295676,472.39980886447876,5217460.0,HDFCBANK.NS
2018-05-21,,465.01531982421875,471.53655871177347,463.3820907737574,470.39329268019964,4848108.0,HDFCBANK.NS
2018-05-22,,464.28033447265625,469.89162544314,463.2537277177514,466.33351950121323,3960372.0,HDFCBANK.NS
2018-05-23,,459.0539855957031,465.23692364819925,458.0973857819447,463.79036085483307,5726292.0,HDFCBANK.NS
2018-05-24,,463.3703918457031,464.36199515151594,456.45249485125254,458.9606679188967,4520744.0,HDFCBANK.NS
2018-05-25,,468.666748046875,470.36998408412626,464.2803783792882,464.3037045274857,4759588.0,HDFCBANK.NS
2018-05-28,,476.48291015625,478.7694422769754,468.03679396082487,468.4567785483067,5103940.0,HDFCBANK.NS
2018-05-29,,474.2430114746094,478.93270598751684,473.3564185735697,475.5029366300366,3351244.0,HDFCBANK.NS
2018-05-30,,477.9178466796875,479.00275463460133,470.4399793271082,471.23323923365706,4866996.0,HDFCBANK.NS
2018-05-31,,502.3614196777344,507.186749523889,488.40205509707823,493.09822870378093,39639192.0,HDFCBANK.NS
2018-06-01,,495.5871887207031,502.0209231779506,493.33300261780835,496.85513257462276,21151356.0,HDFCBANK.NS
2018-06-04,,480.4654846191406,506.482296478383,478.5283131096614,504.8386358036733,88796324.0,HDFCBANK.NS
2018-06-05,,484.5511779785156,485.33775260065056,475.0179233679337,481.357757243828,17105460.0,HDFCBANK.NS
2018-06-06,,483.0836181640625,484.83293121066305,480.1837082910383,483.7527884472992,9782000.0,HDFCBANK.NS
2018-06-07,,484.22235107421875,488.3550059418528,482.10907337910896,486.80524603490846,10563896.0,HDFCBANK.NS
2018-06-08,,481.2051696777344,483.99936991371237,477.8356423405238,483.47105040743907,6180888.0,HDFCBANK.NS
2018-06-11,,479.5497131347656,484.398488784009,478.7278828670071,481.8038417591053,7091188.0,HDFCBANK.NS
2018-06-12,,479.9136657714844,481.9917166441849,478.6339700617147,481.8038582541426,5234256.0,HDFCBANK.NS
2018-06-13,,477.0020751953125,482.48488073114135,475.27623715283227,481.82740497059245,7897960.0,HDFCBANK.NS
2018-06-14,,478.3992004394531,480.18374063779606,475.48756713522596,476.6616105108685,16927576.0,HDFCBANK.NS
2018-06-15,,476.567626953125,478.75135884802125,474.85354101808844,475.7223215517076,10880816.0,HDFCBANK.NS
2018-06-18,,474.1139221191406,478.7279181234205,471.7540835683752,476.68506553807373,7487404.0,HDFCBANK.NS
2018-06-19,,475.1352844238281,479.1739815783252,474.1490995982215,475.4757454875541,10981152.0,HDFCBANK.NS
2018-06-20,,482.80181884765625,483.2362378131534,475.4875517840795,475.7223604516272,9051712.0,HDFCBANK.NS
2018-06-21,,483.142333984375,486.2417969096168,480.6650910933606,483.70585185211553,13510704.0,HDFCBANK.NS
2018-06-22,,489.18865966796875,490.4683554387491,481.3225693179536,482.98967645902167,7848980.0,HDFCBANK.NS
2018-06-25,,491.91241455078125,492.5816421946241,486.77012757904987,489.1182142924132,6992336.0,HDFCBANK.NS
2018-06-26,,491.618896484375,493.8026285609672,488.3668308299765,489.822633105593,9161932.0,HDFCBANK.NS
2018-06-27,,496.056884765625,497.6770418723225,490.7501851913914,491.4546112945369,19126804.0,HDFCBANK.NS
2018-06-28,,500.342041015625,502.4905172593556,495.7280165898513,496.6203009362323,37533540.0,HDFCBANK.NS
2018-06-29,,495.0822448730469,502.4904686210191,494.2956703576832,498.19345922315364,19458120.0,HDFCBANK.NS
2018-07-02,,486.8171081542969,495.0706105350471,484.4690212947561,495.05891596182084,9864876.0,HDFCBANK.NS
2018-07-03,,486.1009521484375,489.5761323227596,485.02086654007735,486.81713013820683,6863100.0,HDFCBANK.NS
2018-07-04,,493.9317626953125,494.98840165351896,485.81911211759416,487.52147488359344,6097992.0,HDFCBANK.NS
2018-07-05,,498.6748046875,499.9075499374632,491.34878723869747,494.2721430804885,9735968.0,HDFCBANK.NS
2018-07-06,,496.655517578125,501.4456486698457,495.7632905252457,496.22115595003027,8121344.0,HDFCBANK.NS
2018-07-09,,499.1210021972656,500.14244279265694,494.91795013907165,498.22877515569695,6182296.0,HDFCBANK.NS
2018-07-10,,503.99334716796875,504.7447808338839,498.9684641536166,500.11900379924657,10950736.0,HDFCBANK.NS
2018-07-11,,504.4277038574219,506.17701690919836,501.2695388456107,503.67632761066994,5857920.0,HDFCBANK.NS
2018-07-12,,508.583740234375,511.8476145842898,505.30817131403103,505.51947615031423,8020668.0,HDFCBANK.NS
2018-07-13,,512.0941162109375,514.4187560345381,507.9145684745298,509.159008347547,7161188.0,HDFCBANK.NS
2018-07-16,,509.2648010253906,514.2427333070914,508.06725389157674,511.74198660444114,9017336.0,HDFCBANK.NS
2018-07-17,,511.1197509765625,512.1176877821904,507.9498340645682,507.9498340645682,6361924.0,HDFCBANK.NS
2018-07-18,,510.9906311035156,521.2752626149703,510.39185751227154,513.5265762788018,17460272.0,HDFCBANK.NS
2018-07-19,,513.315185546875,515.0527465344452,509.7695521888673,512.5872558398422,5304776.0,HDFCBANK.NS
2018-07-20,,514.0078735351562,517.2482442871284,509.7930698412642,513.3151995007275,10006964.0,HDFCBANK.NS
2018-07-23,,506.35308837890625,511.4132261172792,502.03263226418625,504.83858409189634,16880132.0,HDFCBANK.NS
2018-07-24,,507.1280822753906,509.3000627180564,504.13427139495946,504.13427139495946,5208792.0,HDFCBANK.NS
2018-07-25,,509.61700439453125,511.13150880478815,507.18671180327374,508.2785491550945,7038616.0,HDFCBANK.NS
2018-07-26,,514.841552734375,517.3891926058208,508.3608100088076,508.3608100088076,21281092.0,HDFCBANK.NS
2018-07-27,,517.0839233398438,519.3850599207711,512.9865232471259,517.0369730680573,10554596.0,HDFCBANK.NS
2018-07-30,,509.5113525390625,516.3443083357055,507.04586129871467,516.3443083357055,7169120.0,HDFCBANK.NS
2018-07-31,,511.7654113769531,513.2681636851529,504.8503086577488,507.186643071447,8860944.0,HDFCBANK.NS
2018-08-01,,506.88134765625,510.70873956051975,505.23768734502073,507.8440859119275,6071560.0,HDFCBANK.NS
2018-08-02,,500.189453125,505.707457264457,498.1114306427529,505.66050699236786,8905704.0,HDFCBANK.NS
2018-08-03,,498.1817321777344,504.1459060780445,496.38546899765464,500.97598941226005,13604008.0,HDFCBANK.NS
2018-08-06,,496.4559631347656,501.88000880497594,494.5305435809291,498.0291696973028,5744632.0,HDFCBANK.NS
2018-08-07,,500.3537292480469,501.1990633183993,494.9766340947228,498.9683811438737,7428456.0,HDFCBANK.NS
2018-08-08,,501.6335144042969,505.26129681328734,500.85863434452847,501.5161100717966,9945380.0,HDFCBANK.NS
2018-08-09,,497.442138671875,502.9601420982564,491.8419292852061,502.9601420982564,8944408.0,HDFCBANK.NS
2018-08-10,,496.49114990234375,498.6866337606767,492.62855898661405,498.61617969879643,5442940.0,HDFCBANK.NS
2018-08-13,,491.1374816894531,494.02563950177796,488.40198389289253,489.341218477302,10054252.0,HDFCBANK.NS
2018-08-14,,490.5388488769531,494.27228405399865,490.0926779777279,492.62862325191884,4935964.0,HDFCBANK.NS
2018-08-16,,487.3923034667969,489.9751986174702,485.20857155596144,489.10641807750983,10625160.0,HDFCBANK.NS
2018-08-17,,487.7797546386719,491.46623884713364,486.4412995202685,489.0828967387038,6065328.0,HDFCBANK.NS
2018-08-20,,492.2059326171875,494.8827859055283,487.2280001770316,487.2280001770316,7811136.0,HDFCBANK.NS
2018-08-21,,492.1706848144531,495.91587133583783,491.3723010045723,492.6285502190283,7776320.0,HDFCBANK.NS
2018-08-23,,488.3785095214844,494.74184714476706,487.66238896879116,494.27222982426895,12574552.0,HDFCBANK.NS
2018-08-24,,486.0187072753906,491.5954127145241,485.1264229398632,486.2887142924375,9714628.0,HDFCBANK.NS
2018-08-27,,488.5076904296875,490.39791170545453,486.11265343941454,487.69761197616907,12574788.0,HDFCBANK.NS
2018-08-28,,491.888916015625,492.6872424831356,488.12022577430554,490.28045385668395,9973532.0,HDFCBANK.NS
2018-08-29,,488.04974365234375,491.7010293604736,486.6995940126993,491.25485856201266,9873692.0,HDFCBANK.NS
2018-08-30,,485.1381530761719,490.2569355569975,484.1402163581432,489.2473042680545,21827460.0,HDFCBANK.NS
2018-08-31,,483.9875793457031,488.1084826306532,483.2949052914213,485.86604855125705,15771500.0,HDFCBANK.NS
2018-09-03,,487.23968505859375,488.15541583376285,484.52763377259936,485.9129818327431,7661608.0,HDFCBANK.NS
2018-09-04,,481.7803955078125,487.92061872345096,481.1229198280426,487.67405817774596,7130536.0,HDFCBANK.NS
2018-09-05,,480.38330078125,483.752799385921,477.9647887335589,482.2500468628833,5641508.0,HDFCBANK.NS
2018-09-06,,481.87432861328125,483.47103899314413,477.2720845332553,481.1229523540322,10402412.0,HDFCBANK.NS
2018-09-07,,482.9895935058594,483.7057712829754,479.18570521637474,481.5924936414478,5919300.0,HDFCBANK.NS
2018-09-10,,479.2796630859375,482.5317570296358,475.510972934382,482.5317570296358,8598592.0,HDFCBANK.NS
2018-09-11,,469.71124267578125,480.8881290039828,468.24368857115485,480.4889657527908,18186536.0,HDFCBANK.NS
2018-09-12,,472.3997802734375,474.63046246498146,467.1635645375021,470.0634456538761,12246008.0,HDFCBANK.NS
2018-09-14,,476.567626953125,478.39914587550027,474.0669091155928,474.2782426317384,10334672.0,HDFCBANK.NS
2018-09-17,,467.78582763671875,475.0061943430665,466.7996426738019,474.6187829625287,9338220.0,HDFCBANK.NS
2018-09-18,,467.0813903808594,471.93019510209257,465.14421887209676,468.41981698481396,9325736.0,HDFCBANK.NS
2018-09-19,,460.5419006347656,469.14764265534535,459.4030845121037,468.40798973834626,16712264.0,HDFCBANK.NS
2018-09-21,,462.63177490234375,469.5821056940648,448.5315030219591,463.48883226720335,22610148.0,HDFCBANK.NS
2018-09-24,,452.1710205078125,463.08962308700353,449.65857933657696,461.9273316970658,13390792.0,HDFCBANK.NS
2018-09-25,,458.4404602050781,460.69461773967225,449.65861007720304,452.1710514202,16682552.0,HDFCBANK.NS
2018-09-26,,462.1504211425781,464.4515576152414,459.12141217562197,460.9176756029017,14726724.0,HDFCBANK.NS
2018-09-27,,464.0171203613281,466.3299798358366,459.08613870143256,462.4321619706474,18352208.0,HDFCBANK.NS
2018-09-28,,471.03790283203125,473.2450812069738,464.25192712831097,465.07375740162604,14460716.0,HDFCBANK.NS
2018-10-01,,477.9412841796875,479.4792923957831,469.1007609012587,471.91846487224274,12449588.0,HDFCBANK.NS
2018-10-03,,476.9316711425781,481.87437681441963,471.26103560926464,476.7672878634971,15332148.0,HDFCBANK.NS
2018-10-04,,459.6966552734375,473.79692680723684,456.23322752970967,471.4957904681714,17970584.0,HDFCBANK.NS
2018-10-05,,461.469482421875,467.26924500262055,455.5640387436054,458.8043811341655,15729180.0,HDFCBANK.NS
2018-10-08,,456.702880859375,462.3382891578969,453.18075067279887,461.39905444147655,20128020.0,HDFCBANK.NS
2018-10-09,,455.6697082519531,461.3990456455287,453.1807420335218,456.56199268080974,12459364.0,HDFCBANK.NS
2018-10-10,,461.9038391113281,465.4494439747444,454.47213964591634,456.7028218089937,15939932.0,HDFCBANK.NS
2018-10-11,,454.9534912109375,457.4776840871296,450.2690416521059,452.0066313181174,14359904.0,HDFCBANK.NS
2018-10-12,,465.35552978515625,468.9363617939593,455.9984105636386,456.70283653258343,9600320.0,HDFCBANK.NS
2018-10-15,,471.5075378417969,472.1532616522276,462.6435109895203,467.2692300935213,12585968.0,HDFCBANK.NS
2018-10-16,,467.9150085449219,473.8908781322037,466.68226294469065,470.3217975739448,9406004.0,HDFCBANK.NS
2018-10-17,,463.6531982421875,472.6698569843588,461.0468277142516,471.0496714140739,7940796.0,HDFCBANK.NS
2018-10-19,,462.04473876953125,465.1207264699463,459.7553543441709,459.9666878699143,9867348.0,HDFCBANK.NS
2018-10-22,,469.3590087890625,474.313465493015,466.9404682670748,472.904613615313,20331160.0,HDFCBANK.NS
2018-10-23,,466.0599365234375,469.35900947380196,463.27745979354967,463.27745979354967,19428564.0,HDFCBANK.NS
2018-10-24,,467.79754638671875,471.6836411210028,463.18355054917953,470.55654810339286,18072336.0,HDFCBANK.NS
2018-10-25,,462.2913513183594,470.46267637304175,460.80029323541254,463.41841581046924,29847056.0,HDFCBANK.NS
2018-10-26,,460.5067443847656,464.2636830415066,457.64209012426744,462.29131317725137,15155712.0,HDFCBANK.NS
2018-10-29,,452.3119201660156,461.38725168249755,445.00934812029163,461.18767005989235,17044280.0,HDFCBANK.NS
2018-10-30,,449.1302490234375,453.65031557353615,445.97208411993347,452.0066550098639,13828704.0,HDFCBANK.NS
2018-10-31,,448.8954772949219,450.3395563558483,442.61434533852633,446.617844648898,23449404.0,HDFCBANK.NS
2018-11-01,,449.00115966796875,453.18076576045746,445.1972704050919,453.18076576045746,19629052.0,HDFCBANK.NS
2018-11-02,,457.74774169921875,460.2249845866228,448.95416863756265,452.24148995603855,30092868.0,HDFCBANK.NS
2018-11-05,,459.2857360839844,460.1427934202508,455.05918023045075,457.8534089995868,5705296.0,HDFCBANK.NS
2018-11-06,,457.0668029785156,463.9819064653774,456.22146888235756,459.0509246658972,8485588.0,HDFCBANK.NS
2018-11-07,,459.74359130859375,461.38725188185504,457.87687397994176,460.4597691664953,958760.0,HDFCBANK.NS
2018-11-09,,456.7967224121094,460.201447605824,454.6599695748936,459.80225573004225,10101620.0,HDFCBANK.NS
2018-11-12,,451.0792236328125,460.6946275592636,450.16346405334843,458.2291364331819,7907764.0,HDFCBANK.NS
2018-11-13,,452.65234375,454.9886781907456,448.06182349453235,450.59776820451305,13350420.0,HDFCBANK.NS
2018-11-14,,459.6966552734375,460.2249747597689,454.7304463692893,455.18834045534317,26110636.0,HDFCBANK.NS
2018-11-15,,463.78228759765625,464.28713190255434,453.46243074810224,460.6710731406725,10392524.0,HDFCBANK.NS
2018-11-16,,470.6270446777344,472.66986871062005,464.92118233831485,465.15599101626344,15813216.0,HDFCBANK.NS
2018-11-19,,472.8811340332031,474.5482696734954,470.0634303043155,472.2001832327557,12286428.0,HDFCBANK.NS
2018-11-20,,472.54071044921875,474.2195982219969,469.3942971087138,472.669866686805,5705168.0,HDFCBANK.NS
2018-11-21,,474.02001953125,475.2410131936915,470.55659152476784,472.6111674608166,6545604.0,HDFCBANK.NS
2018-11-22,,470.9087219238281,477.83557672151096,469.65250144738957,472.7284888622024,12974552.0,HDFCBANK.NS
2018-11-26,,481.310791015625,481.8273585897824,472.4467643164221,472.88115459421346,18184436.0,HDFCBANK.NS
2018-11-27,,484.6451110839844,485.5608419970674,479.185809323954,479.2562633925767,12895440.0,HDFCBANK.NS
2018-11-28,,490.573974609375,492.7694584290291,483.72932535617474,484.87986481673295,13021108.0,HDFCBANK.NS
2018-11-29,,500.38897705078125,501.87997755865445,491.6893052420493,493.33296576578107,31908636.0,HDFCBANK.NS
2018-11-30,,499.77850341796875,501.9152852507264,495.4462949111455,500.1424683226256,13040924.0,HDFCBANK.NS
2018-12-03,,496.22113037109375,502.9601271453569,494.7183206187454,500.3772320012865,10799856.0,HDFCBANK.NS
2018-12-04,,489.7052307128906,495.68109986897144,488.07332192989173,494.366148393072,8157420.0,HDFCBANK.NS
2018-12-05,,492.9102783203125,494.3426339336235,487.4509775211916,487.93234669132573,11798844.0,HDFCBANK.NS
2018-12-06,,492.40557861328125,493.4856641997761,489.5761224117724,490.679711797984,11730252.0,HDFCBANK.NS
2018-12-07,,494.8828125,497.3247999184499,488.4725238686444,494.6714502855339,9903920.0,HDFCBANK.NS
2018-12-10,,490.4565734863281,494.22526382865266,485.091172839859,485.091172839859,10915056.0,HDFCBANK.NS
2018-12-11,,483.6001892089844,486.3591909756269,477.1311991334196,482.7666069972002,18905780.0,HDFCBANK.NS
2018-12-12,,489.646484375,490.7031232893499,483.72931791990663,485.3377227603968,11370488.0,HDFCBANK.NS
2018-12-13,,493.4034729003906,498.96842694981075,491.0553861853327,491.92416680463697,7064236.0,HDFCBANK.NS
2018-12-14,,492.0885009765625,497.32474559898566,490.29223764466326,494.24872919945005,6158284.0,HDFCBANK.NS
2018-12-17,,500.189453125,500.7530283690887,492.86343356256333,494.03747699649034,8437324.0,HDFCBANK.NS
2018-12-18,,501.4221496582031,502.25573187997946,493.70871944799256,498.73360192289687,7413968.0,HDFCBANK.NS
2018-12-19,,498.6044616699219,507.04582193895976,496.27987875429153,500.8703997440556,9009896.0,HDFCBANK.NS
2018-12-20,,501.89178466796875,502.5962106842029,493.7204314143853,496.0450716637596,7980476.0,HDFCBANK.NS
2018-12-21,,495.71624755859375,504.6272814901696,495.2231838002918,501.08164802301764,10220308.0,HDFCBANK.NS
2018-12-24,,488.5546875,494.03749344957055,487.77986466887563,494.03749344957055,5601488.0,HDFCBANK.NS
2018-12-26,,498.3462829589844,499.43812051758937,485.8192154917219,487.69768515046223,7601916.0,HDFCBANK.NS
2018-12-27,,494.2839660644531,502.0678499745957,492.73420602536993,500.8468564452462,11639868.0,HDFCBANK.NS
2018-12-28,,498.47528076171875,501.9622122889027,496.7377196104192,497.1721385614106,9415612.0,HDFCBANK.NS
2018-12-31,,498.1934814453125,501.7860651128367,497.0194382419601,501.7860651128367,5866528.0,HDFCBANK.NS
2019-01-01,,504.39251708984375,505.07343928898837,494.4131488100753,499.5906340212171,6373440.0,HDFCBANK.NS
2019-01-02,,499.7901916503906,504.25155582298044,497.7238641472939,503.14796667713176,8134232.0,HDFCBANK.NS
2019-01-03,,495.8689880371094,499.73157940573066,493.8026601622232,498.78059277467264,12771664.0,HDFCBANK.NS
2019-01-04,,497.1955871582031,499.7902343243313,495.5284800629517,496.67901956990454,7287120.0,HDFCBANK.NS
2019-01-07,,497.94708251953125,501.39881651873435,497.32486235033986,499.6024954387996,5387012.0,HDFCBANK.NS
2019-01-08,,493.8026428222656,498.6162206529154,492.3115848076029,498.26400764091665,8343460.0,HDFCBANK.NS
2019-01-09,,497.04296875,498.1113595877368,493.7086973385452,497.324727668682,8568628.0,HDFCBANK.NS
2019-01-10,,495.093994140625,498.6865776288218,491.3722544412407,497.08986748669815,7691540.0,HDFCBANK.NS
2019-01-11,,495.892333984375,498.7335414021781,494.97660323719,496.33850478726356,6408040.0,HDFCBANK.NS
2019-01-14,,493.4855651855469,495.4227365042525,492.73418898779966,495.4227365042525,4855160.0,HDFCBANK.NS
2019-01-15,,498.24053955078125,499.32068246219035,493.5678695205851,494.28404749491017,5087556.0,HDFCBANK.NS
2019-01-16,,497.8413391113281,498.9684322117089,495.0353869225107,497.8061407407654,5252452.0,HDFCBANK.NS
2019-01-17,,500.6824645996094,501.5277412910353,496.23285242519194,499.0270522552008,8240228.0,HDFCBANK.NS
2019-01-18,,500.2012023925781,502.25577839113936,496.51471749471324,501.3165436489399,5207976.0,HDFCBANK.NS
2019-01-21,,504.4042053222656,508.7129672088491,499.3206207106474,502.478785755401,17561512.0,HDFCBANK.NS
2019-01-22,,501.51611328125,504.0872567141924,499.9194028837618,503.899398315723,8796976.0,HDFCBANK.NS
2019-01-23,,494.3661804199219,501.5161507096153,493.438697583283,501.0817317136298,7624288.0,HDFCBANK.NS
2019-01-24,,493.62652587890625,498.1817911405713,492.6050852351728,495.44629306908894,10111572.0,HDFCBANK.NS
2019-01-25,,492.158935546875,495.446256681253,490.7500836321416,491.4545095895083,11262236.0,HDFCBANK.NS
2019-01-28,,489.37646484375,493.57957441703826,487.6389036226973,490.75011848871424,15360436.0,HDFCBANK.NS
2019-01-29,,483.142333984375,489.106451168911,482.0621911904821,487.9911100056597,14762788.0,HDFCBANK.NS
2019-01-30,,477.76519775390625,483.0601448204378,476.19199110261167,483.0601448204378,18514160.0,HDFCBANK.NS
2019-01-31,,488.3902893066406,490.6914257737419,474.7831381335117,476.89641619642055,16579404.0,HDFCBANK.NS
2019-02-01,,490.85577392578125,497.0899555946563,487.6037082342014,488.3902828848063,15654188.0,HDFCBANK.NS
2019-02-04,,494.24871826171875,496.1506913103842,489.0242256532682,491.92413549231185,7938288.0,HDFCBANK.NS
2019-02-05,,496.3972473144531,497.5595386885016,492.3937482915469,494.9766434900243,8690288.0,HDFCBANK.NS
2019-02-06,,498.41656494140625,499.4380055136804,496.2915924903421,496.91381249098555,10875684.0,HDFCBANK.NS
2019-02-07,,497.1485290527344,500.14233882740547,494.47173383179205,498.9800476742679,7217308.0,HDFCBANK.NS
2019-02-08,,498.41656494140625,503.6528093746815,494.65962648902314,495.91587571457126,12235644.0,HDFCBANK.NS
2019-02-11,,502.4083251953125,503.1714533384242,496.2211514154218,496.2211514154218,7036364.0,HDFCBANK.NS
2019-02-12,,500.0719909667969,504.36900090344756,498.9214514651015,502.0209143070628,9772388.0,HDFCBANK.NS
2019-02-14,,495.4932556152344,502.4905656109723,494.4131701036484,502.4905656109723,7441388.0,HDFCBANK.NS
2019-02-15,,493.250732421875,495.00010260035003,487.97929007157774,494.8239961254426,8416524.0,HDFCBANK.NS
2019-02-18,,490.7265930175781,497.3247392593423,489.81086217893676,494.6948937464669,7138744.0,HDFCBANK.NS
2019-02-19,,489.35296630859375,495.01182023684044,487.9793128097775,490.6796122175164,5268636.0,HDFCBANK.NS
2019-02-20,,495.0588684082031,495.6810884356774,488.8481334002276,490.39789350919574,4892500.0,HDFCBANK.NS
2019-02-21,,496.8315734863281,497.78255993410147,491.5953867276558,493.4973022968749,5261544.0,HDFCBANK.NS
2019-02-22,,491.0906066894531,499.69637928381246,490.53884068234737,497.6534978885687,8890708.0,HDFCBANK.NS
2019-02-25,,499.06231689453125,500.1307077924715,491.959354732252,491.959354732252,8140596.0,HDFCBANK.NS
2019-02-26,,495.598876953125,498.96840416590805,493.3565001037048,495.7397850801287,9607428.0,HDFCBANK.NS
2019-02-27,,491.2784423828125,498.8392701311798,490.3157039002316,496.87865212220333,7030092.0,HDFCBANK.NS
2019-02-28,,487.8267517089844,494.47184837022587,486.80531108931683,491.47803790207473,11645376.0,HDFCBANK.NS
2019-03-01,,489.18865966796875,493.3095059156402,487.69760170093946,489.8695818722123,9352928.0,HDFCBANK.NS
2019-03-05,,494.765380859375,495.704615557166,486.0539561068291,490.49181712335684,11837276.0,HDFCBANK.NS
2019-03-06,,494.0961608886719,495.516764856435,490.8792934639905,495.44631078773796,8458044.0,HDFCBANK.NS
2019-03-07,,499.3205261230469,500.1423562859581,491.9240546568461,495.3522834098048,10204852.0,HDFCBANK.NS
2019-03-08,,499.71978759765625,500.142454658409,495.3171251446773,496.6320765945006,7053460.0,HDFCBANK.NS
2019-03-11,,499.77850341796875,503.3593356442223,498.31094922688123,500.6120856637736,9224108.0,HDFCBANK.NS
2019-03-12,,509.7696228027344,510.7088574831632,501.7861280190895,504.13421472016154,15097292.0,HDFCBANK.NS
2019-03-13,,522.8132934570312,524.5626067097525,510.02797191632516,510.7088941780267,57166348.0,HDFCBANK.NS
2019-03-14,,522.3905029296875,527.7323992963131,519.0679837244925,527.1101793533685,15379864.0,HDFCBANK.NS
2019-03-15,,529.02392578125,530.6440826500462,523.1654610156061,523.8581351167194,12763088.0,HDFCBANK.NS
2019-03-18,,531.0079956054688,538.0992051769432,527.6150221707048,531.1136480298233,14358720.0,HDFCBANK.NS
2019-03-19,,532.4873657226562,534.401033468184,528.5543204681729,532.8982808984978,11957992.0,HDFCBANK.NS
2019-03-20,,539.8250732421875,540.059881886486,530.9140966563264,532.7808139132334,11711992.0,HDFCBANK.NS
2019-03-22,,534.459716796875,541.7035870004752,533.2035248422408,540.0599263550467,30403880.0,HDFCBANK.NS
2019-03-25,,535.6690063476562,537.2070145325475,529.0239098189734,530.6675704353661,9199260.0,HDFCBANK.NS
2019-03-26,,542.72509765625,543.5821264585747,533.6262607662846,534.4010835951958,11786848.0,HDFCBANK.NS
2019-03-27,,539.9307861328125,546.6463370423439,535.1407121832228,544.415654671698,13885300.0,HDFCBANK.NS
2019-03-28,,540.7173461914062,545.9300865200091,537.2069684981883,539.7781116339524,19554328.0,HDFCBANK.NS
2019-04-01,,542.8306274414062,547.573750521827,541.1400166923678,545.988792195917,9647076.0,HDFCBANK.NS
2019-04-02,,538.8507080078125,544.7561232234284,536.6434720782605,544.7561232234284,10910496.0,HDFCBANK.NS
2019-04-03,,538.3576049804688,543.8169068301235,537.3009659127937,538.2050022678955,7659452.0,HDFCBANK.NS
2019-04-04,,536.2911987304688,543.1124014022787,535.3637160385626,538.3575262927257,9211552.0,HDFCBANK.NS
2019-04-05,,541.3748168945312,543.2884843573064,535.833310125715,537.1952116868302,8351180.0,HDFCBANK.NS
2019-04-08,,537.5709228515625,545.4487648536463,535.3872481763427,544.5212821126408,6398132.0,HDFCBANK.NS
2019-04-09,,537.0660400390625,540.7642759689412,532.3111652720755,539.2615236644732,10777600.0,HDFCBANK.NS
2019-04-10,,525.3491821289062,536.3029832655077,523.8581241967372,528.3194887685606,108128700.0,HDFCBANK.NS
2019-04-11,,530.0805053710938,531.3719528924851,525.2551763486294,527.1218935733749,8793300.0,HDFCBANK.NS
2019-04-12,,531.9002685546875,533.5321771275877,528.8125578878257,528.8125578878257,9170444.0,HDFCBANK.NS
2019-04-15,,537.4300537109375,538.3927347875293,531.6889936396315,533.0156395917834,10219780.0,HDFCBANK.NS
2019-04-16,,541.2457885742188,542.3845763380109,535.434273429885,537.9349630766073,8273776.0,HDFCBANK.NS
2019-04-18,,538.56884765625,543.5937872601484,537.2422016883826,543.1124180529847,10614856.0,HDFCBANK.NS
2019-04-22,,532.7103271484375,545.9300644760693,530.9023121636098,545.9300644760693,20980420.0,HDFCBANK.NS
2019-04-23,,527.2159423828125,537.7118789476585,526.3471617292564,534.7885223374248,15282400.0,HDFCBANK.NS
2019-04-24,,535.3049926757812,536.2794255933057,527.6267616756458,528.3194356927329,12354128.0,HDFCBANK.NS
2019-04-25,,531.4777221679688,539.7782323564232,530.1862743626349,536.9839745272602,18086636.0,HDFCBANK.NS
2019-04-26,,535.5868530273438,536.5378396569926,529.9396927464303,532.0529708894993,11707568.0,HDFCBANK.NS
2019-04-30,,544.1573486328125,544.7561222151697,534.9880584725012,536.5378186472684,12536836.0,HDFCBANK.NS
2019-05-02,,553.1622924804688,554.0662714906894,544.1691086903511,545.5779607516854,17169300.0,HDFCBANK.NS
2019-05-03,,556.01513671875,558.3749751395048,553.3265891153252,555.1346042726722,12351520.0,HDFCBANK.NS
2019-05-06,,546.7402954101562,552.246547852736,544.0634992127839,551.3308168710932,13748092.0,HDFCBANK.NS
2019-05-07,,545.3079223632812,553.6788282827391,544.2864817469844,552.246472505503,9924204.0,HDFCBANK.NS
2019-05-08,,541.7623291015625,545.6484242364069,537.2422619934446,545.3549133852304,12064208.0,HDFCBANK.NS
2019-05-09,,537.9231567382812,540.0599385561462,533.3913952888565,540.0599385561462,9027724.0,HDFCBANK.NS
2019-05-10,,539.2380981445312,545.9066412872851,538.0288564526202,538.0288564526202,10594200.0,HDFCBANK.NS
2019-05-13,,537.0543212890625,543.1946017505849,535.3637105106106,539.1324007274973,11071632.0,HDFCBANK.NS
2019-05-14,,537.2186279296875,542.6427300747243,534.3187758190247,539.2849552861932,10494744.0,HDFCBANK.NS
2019-05-15,,536.9369506835938,541.7505282075591,535.8803117149184,539.1206826841227,8956348.0,HDFCBANK.NS
2019-05-16,,542.560546875,544.5212218981783,535.3636851780278,535.4928413919106,8050136.0,HDFCBANK.NS
2019-05-17,,554.6416015625,556.3322125798328,542.783763316484,543.1124725353436,14758780.0,HDFCBANK.NS
2019-05-20,,571.1367797851562,572.6277801524619,558.8445253824536,565.4191668575413,17699632.0,HDFCBANK.NS
2019-05-21,,564.4096069335938,575.14035203563,563.4116700537023,572.4635560412795,10325176.0,HDFCBANK.NS
2019-05-22,,564.8909301757812,569.645805510317,562.1906306030819,566.3232859231374,11386660.0,HDFCBANK.NS
2019-05-23,,547.5973510742188,572.9096811721073,544.5448382034723,565.6541158175606,33081996.0,HDFCBANK.NS
2019-05-24,,557.2831420898438,560.2886470009946,549.4874489133429,554.0779695658612,13692800.0,HDFCBANK.NS
2019-05-27,,565.50146484375,568.6830763572027,557.0248492032421,558.5863038771777,12049024.0,HDFCBANK.NS
2019-05-28,,567.3446044921875,568.2368887579818,560.4999558081331,567.4150585469681,7364840.0,HDFCBANK.NS
2019-05-29,,567.5090942382812,570.7729693923484,565.9358874963287,565.9358874963287,7475216.0,HDFCBANK.NS
2019-05-30,,572.8275146484375,574.7881326891829,566.6050847599932,567.297758886081,9359200.0,HDFCBANK.NS
2019-05-31,,569.4932250976562,578.8033658407885,553.3970794626586,576.8779462310475,19785080.0,HDFCBANK.NS
2019-06-03,,576.9483642578125,577.5823361556912,569.3992316675275,569.880600871478,8480860.0,HDFCBANK.NS
2019-06-04,,575.8212280273438,578.9793927080474,573.1796308792283,576.455199877626,6442988.0,HDFCBANK.NS
2019-06-06,,569.0235595703125,579.9773600595282,566.6754730923387,576.0325633112662,15634924.0,HDFCBANK.NS
2019-06-07,,574.7294311523438,576.2791913398175,565.654098782773,569.5636402958801,7970932.0,HDFCBANK.NS
2019-06-10,,572.9800415039062,579.9655986614478,571.0781258837007,579.9655986614478,7077140.0,HDFCBANK.NS
2019-06-11,,574.9054565429688,577.6057559278509,573.0152928346142,575.6333862642075,7103292.0,HDFCBANK.NS
2019-06-12,,569.8923950195312,574.9055257372972,569.0940111442859,574.1071991883874,7308620.0,HDFCBANK.NS
2019-06-13,,574.0367431640625,575.7508579175834,567.285993912378,571.9821673048542,11107948.0,HDFCBANK.NS
2019-06-14,,571.7825927734375,577.3827449370204,569.4110023691194,573.6258063646881,11956920.0,HDFCBANK.NS
2019-06-17,,568.70654296875,572.9095948190358,567.6029537932426,571.7590553793998,12810020.0,HDFCBANK.NS
2019-06-18,,567.5912475585938,571.0546753800807,564.4800327359021,567.7673540579914,12419652.0,HDFCBANK.NS
2019-06-19,,570.1976318359375,574.0836692937438,567.462076554043,569.8806172147409,10744276.0,HDFCBANK.NS
2019-06-20,,573.2691040039062,575.7853360926836,570.492953942729,573.7416401845322,11171492.0,HDFCBANK.NS
2019-06-21,,570.3983764648438,574.0605316359238,568.3782728823338,573.1863512929027,13250260.0,HDFCBANK.NS
2019-06-24,,571.284423828125,574.2732498136112,569.4061040256472,569.8668152703848,6915000.0,HDFCBANK.NS
2019-06-25,,573.8243408203125,576.8485841311103,567.7522619975663,571.7334026797203,8899800.0,HDFCBANK.NS
2019-06-26,,583.0860595703125,583.5822456862618,572.241376134464,572.8792885102235,10533636.0,HDFCBANK.NS
2019-06-27,,581.762939453125,589.3707605441867,580.30985606529,583.2868571230551,19879236.0,HDFCBANK.NS
2019-06-28,,577.3801879882812,584.7635663513028,575.7972032037782,582.1646171675192,12756844.0,HDFCBANK.NS
2019-07-01,,587.2561645507812,588.0712779274111,578.8686473284337,580.2744309319894,8524160.0,HDFCBANK.NS
2019-07-02,,589.4889526367188,590.0796229299419,582.920687439548,587.8350758156939,7246828.0,HDFCBANK.NS
2019-07-03,,588.2247924804688,591.4498863282184,586.6536328477488,590.4339220646493,7463256.0,HDFCBANK.NS
2019-07-04,,586.8427124023438,590.1740579691856,584.0547373139126,589.4416614761516,7993964.0,HDFCBANK.NS
2019-07-05,,584.149169921875,589.4770265894634,581.2194688430377,587.1498206429052,7583060.0,HDFCBANK.NS
2019-07-08,,569.3115234375,584.6689468786061,566.3463478365759,584.6571219394331,14607140.0,HDFCBANK.NS
2019-07-09,,562.1172485351562,569.5951687956683,560.6642227376548,567.9531169744108,16482688.0,HDFCBANK.NS
2019-07-10,,564.3854370117188,566.5709169875882,559.069404637982,562.0227559567246,11569148.0,HDFCBANK.NS
2019-07-11,,568.7327270507812,570.351186589512,566.0156439332255,567.7522375205458,9097596.0,HDFCBANK.NS
2019-07-12,,565.6021118164062,571.296195397767,563.5111739986626,571.296195397767,8976272.0,HDFCBANK.NS
2019-07-15,,565.8030395507812,567.7522514001575,561.6919976324263,566.0983746794747,8233184.0,HDFCBANK.NS
2019-07-16,,564.9642333984375,571.296229613895,562.7905785526459,571.296229613895,12770568.0,HDFCBANK.NS
2019-07-17,,566.44091796875,569.7841460349224,564.9878922956555,565.377711569128,7759736.0,HDFCBANK.NS
2019-07-18,,569.8549194335938,573.8951263935674,567.4922387979677,567.7521567409397,10802584.0,HDFCBANK.NS
2019-07-19,,561.290283203125,571.9341725405675,559.2465872311668,570.5874559202653,8939228.0,HDFCBANK.NS
2019-07-22,,542.766845703125,555.1945697595224,538.9865564306252,554.0486465007414,22171296.0,HDFCBANK.NS
2019-07-23,,534.7927856445312,542.1170959405243,529.7248469923792,542.1170959405243,27802864.0,HDFCBANK.NS
2019-07-24,,538.90380859375,541.7626752650182,531.839416494355,533.197957873672,17363740.0,HDFCBANK.NS
2019-07-25,,540.1206665039062,547.0669251202459,538.7503000762736,539.8725734784717,19462008.0,HDFCBANK.NS
2019-07-26,,538.0532836914062,541.9162320000765,537.0019023235773,538.2659018799078,12829828.0,HDFCBANK.NS
2019-07-29,,530.2565307617188,537.1673729785956,525.2358334246715,537.1673729785956,9976492.0,HDFCBANK.NS
2019-07-30,,532.1348266601562,536.6120956054616,529.2168925606803,532.7845639332455,10394136.0,HDFCBANK.NS
2019-07-31,,531.9930419921875,535.6197803845661,527.8820001430158,529.2405417121429,13891840.0,HDFCBANK.NS
2019-08-01,,526.108642578125,530.4182795371635,520.2361429210483,527.8372494263176,18241676.0,HDFCBANK.NS
2019-08-02,,524.3445434570312,526.6295812404396,516.6842384292443,523.5512608464982,27825536.0,HDFCBANK.NS
2019-08-05,,516.0330200195312,520.9464926203826,512.0667228598079,520.2479622947509,19822440.0,HDFCBANK.NS
2019-08-06,,518.3656005859375,523.3737689389926,513.1324317569491,513.1324317569491,24890940.0,HDFCBANK.NS
2019-08-07,,517.157958984375,521.4202498551253,512.6588741763608,518.5787226079584,18750136.0,HDFCBANK.NS
2019-08-08,,528.7962646484375,531.1287076436796,516.9210739126851,520.4729823454337,19711600.0,HDFCBANK.NS
2019-08-09,,540.3636474609375,542.0212046617379,530.3709570411706,532.0758614569354,30436112.0,HDFCBANK.NS
2019-08-13,,525.765380859375,538.3036068237185,521.5622889595413,538.3036068237185,15440068.0,HDFCBANK.NS
2019-08-14,,527.920166015625,529.3290782043871,521.6688299760862,529.3290782043871,14254052.0,HDFCBANK.NS
2019-08-16,,527.5057373046875,528.7607564841602,521.917436186086,524.2616725731888,15247560.0,HDFCBANK.NS
2019-08-19,,522.568603515625,530.8918853737774,521.3490803322883,530.0631067837647,8498200.0,HDFCBANK.NS
2019-08-20,,525.8246459960938,527.5295508009419,522.5687293229038,523.1370116541797,10270592.0,HDFCBANK.NS
2019-08-21,,527.0676879882812,530.7024394084053,524.3090045626948,526.8426875504603,10472712.0,HDFCBANK.NS
2019-08-22,,514.8135986328125,525.8837125443245,513.1441902133672,525.8837125443245,13992044.0,HDFCBANK.NS
2019-08-23,,512.1141967773438,515.5003613793839,506.6442919380624,511.7116586774683,20099616.0,HDFCBANK.NS
2019-08-26,,534.2425537109375,536.6104927967046,513.132399885729,519.7389268106141,25280244.0,HDFCBANK.NS
2019-08-27,,535.142333984375,538.2088032623816,530.4420100085757,534.2070096918413,20660832.0,HDFCBANK.NS
2019-08-28,,532.1942749023438,534.526717874484,527.1861071861758,532.7862596352718,13662588.0,HDFCBANK.NS
2019-08-29,,527.3281860351562,533.6624231243272,525.7535296588891,531.8391215804882,14783716.0,HDFCBANK.NS
2019-08-30,,527.5650024414062,535.1542591387406,526.1560901797707,528.879220259459,19233320.0,HDFCBANK.NS
2019-09-03,,523.5394897460938,525.9192801310417,520.0349282757688,525.6824862183307,11428676.0,HDFCBANK.NS
2019-09-04,,532.25341796875,538.4692570174341,520.7097168783366,522.604067826507,15060704.0,HDFCBANK.NS
2019-09-05,,529.2699584960938,538.090532871578,526.8665230993971,532.5495777305816,17296252.0,HDFCBANK.NS
2019-09-06,,531.8154296875,534.3491708225876,525.9903340748198,527.576841740472,12870004.0,HDFCBANK.NS
2019-09-09,,532.691650390625,535.3673755625555,524.7590537008053,531.8391691144759,10643404.0,HDFCBANK.NS
2019-09-11,,533.0940551757812,538.4692645037454,530.6905626902726,538.4692645037454,15209116.0,HDFCBANK.NS
2019-09-12,,537.7234497070312,541.9738886400878,532.3481819405418,532.9520179463601,18132300.0,HDFCBANK.NS
2019-09-13,,534.5504150390625,536.9183542031692,529.944784927078,533.0231058404166,15371340.0,HDFCBANK.NS
2019-09-16,,531.4010009765625,535.781688072286,530.6551233252083,533.2361536788251,11030184.0,HDFCBANK.NS
2019-09-17,,523.6342163085938,532.431086609831,520.4966971190984,532.2889871447702,10656556.0,HDFCBANK.NS
2019-09-18,,518.0459594726562,526.6652360510491,516.2108063765927,525.0432321946903,12959884.0,HDFCBANK.NS
2019-09-19,,521.4439086914062,524.2854357005357,513.369212982724,520.8992711191202,10623310.0,HDFCBANK.NS
2019-09-20,,568.1160278320312,572.9940062796818,523.5040712040752,524.7353881700677,46150034.0,HDFCBANK.NS
2019-09-23,,595.4182739257812,607.4710605618943,582.0394182977014,596.5075490128261,41920410.0,HDFCBANK.NS
2019-09-24,,593.7843627929688,597.6440568283388,581.3526839635703,591.9847061618342,23379048.0,HDFCBANK.NS
2019-09-25,,587.1067504882812,591.9373805534856,582.5603193412131,591.9373805534856,15608976.0,HDFCBANK.NS
2019-09-26,,588.432861328125,603.8244653467681,585.5202846977793,587.1541973494428,30671560.0,HDFCBANK.NS
2019-09-27,,589.2379760742188,593.6423661754355,586.1123078464277,591.1560299788491,14873170.0,HDFCBANK.NS
2019-09-30,,581.3053588867188,587.2489092784182,576.119595271932,581.9447487061157,18218458.0,HDFCBANK.NS
2019-10-01,,591.4164428710938,594.352663983101,578.2980266766547,583.2233511515449,18768352.0,HDFCBANK.NS
2019-10-03,,579.4584350585938,589.0485889890971,576.0485678633604,587.225229523867,16298876.0,HDFCBANK.NS
2019-10-04,,563.4274291992188,587.0594739386505,561.3436889554499,585.6624129373488,18403632.0,HDFCBANK.NS
2019-10-07,,562.1014404296875,577.7061372321348,559.3783102451832,568.8737121149742,22513220.0,HDFCBANK.NS
2019-10-09,,581.6368408203125,582.4656194313956,563.5694555364996,566.9319171964065,17427270.0,HDFCBANK.NS
2019-10-10,,568.5658569335938,580.5949408157695,566.9792915533363,578.6295976927835,11556858.0,HDFCBANK.NS
2019-10-11,,567.7371215820312,579.6715119387164,563.0722351431893,574.6514924334763,17186318.0,HDFCBANK.NS
2019-10-14,,570.38916015625,577.7297710855158,567.0740455430332,572.5676524827331,12267802.0,HDFCBANK.NS
2019-10-15,,579.2216186523438,580.145091796512,571.54946111912,571.6205108558286,8400374.0,HDFCBANK.NS
2019-10-16,,578.2980346679688,584.8809164640575,573.0885690152525,583.2944089411139,10586816.0,HDFCBANK.NS
2019-10-17,,577.777099609375,582.4419277448391,574.5093323198743,581.329008008613,12243614.0,HDFCBANK.NS
2019-10-18,,582.0394287109375,584.3363180675698,577.9428825202974,580.3581688315088,11233806.0,HDFCBANK.NS
2019-10-22,,586.9173583984375,595.2998389731792,583.7442855884274,595.2998389731792,20006228.0,HDFCBANK.NS
2019-10-23,,588.0067138671875,591.8664667408042,583.9338695670427,590.4930502947844,10190214.0,HDFCBANK.NS
2019-10-24,,585.40185546875,593.9501381999078,580.7843745177332,591.0375617301415,13107494.0,HDFCBANK.NS
2019-10-25,,582.0394287109375,590.4929597056838,577.7771383460893,587.2488947124186,12993542.0,HDFCBANK.NS
2019-10-27,,586.1596069335938,588.1487104141279,584.8809429761882,587.2251795017689,1750082.0,HDFCBANK.NS
2019-10-29,,588.432861328125,595.4656288329024,586.1596166871203,586.3017161563129,14232568.0,HDFCBANK.NS
2019-10-30,,591.203369140625,597.9993430897654,588.6696857560904,590.5166898962892,12011366.0,HDFCBANK.NS
2019-10-31,,582.6787719726562,598.5676667088752,581.1396115333599,595.6313874919168,13217706.0,HDFCBANK.NS
2019-11-01,,587.2725830078125,589.0248347687501,581.3763801259324,586.7752926862162,11512260.0,HDFCBANK.NS
2019-11-04,,585.757080078125,591.9847714358326,582.0631297909731,590.3035115605496,9935176.0,HDFCBANK.NS
2019-11-05,,587.0120849609375,589.5221234546789,582.0631155174988,587.7224666692404,12367810.0,HDFCBANK.NS
2019-11-06,,595.1340942382812,596.2470139570956,581.5894953166282,588.4091130876647,12130336.0,HDFCBANK.NS
2019-11-07,,598.4728393554688,601.3143659637454,591.9847100576397,597.194175506147,16963034.0,HDFCBANK.NS
2019-11-08,,594.6369018554688,600.0358149890019,592.6715006861584,596.2471121319285,13251496.0,HDFCBANK.NS
2019-11-11,,598.97021484375,600.7461692265641,592.2215881890567,593.1924663760677,14286610.0,HDFCBANK.NS
2019-11-13,,595.5603637695312,601.4565087824031,593.6896572642707,597.6441038503623,9293496.0,HDFCBANK.NS
2019-11-14,,603.3035888671875,604.7716996769483,595.3946368864457,598.5203630239588,11055218.0,HDFCBANK.NS
2019-11-15,,605.1978759765625,608.5603378765574,601.9774557334334,608.0157003310413,9279012.0,HDFCBANK.NS
2019-11-18,,597.6915283203125,605.9319100976571,596.1049628825585,604.7716430689543,9130292.0,HDFCBANK.NS
2019-11-19,,602.3563842773438,603.82449501675,597.2416124892662,599.2307161006366,10570578.0,HDFCBANK.NS
2019-11-20,,603.04296875,607.5893997299098,600.0356980057007,602.8772245945202,11054258.0,HDFCBANK.NS
2019-11-21,,607.7789306640625,609.5075378074598,600.6751132070991,601.574941647184,12019526.0,HDFCBANK.NS
2019-11-22,,598.97021484375,607.9210364953358,597.6678482963531,607.9210364953358,7688010.0,HDFCBANK.NS
2019-11-25,,601.9775390625,605.9556887926275,598.6861264408285,598.6861264408285,7893556.0,HDFCBANK.NS
2019-11-26,,603.8480834960938,606.0739227957121,600.0119764739786,605.4582355965813,8716002.0,HDFCBANK.NS
2019-11-27,,605.4346923828125,608.9155513650649,602.0248253261254,604.2980700305835,9580666.0,HDFCBANK.NS
2019-11-28,,599.2307739257812,607.636958883281,597.6679107811053,606.2871871624149,12366040.0,HDFCBANK.NS
2019-11-29,,603.80078125,606.1450756971117,592.9319636666191,600.3672694795663,15567626.0,HDFCBANK.NS
2019-12-02,,599.4437866210938,603.3271836430782,596.0576221263682,603.3271836430782,8946204.0,HDFCBANK.NS
2019-12-03,,594.5421752929688,600.9829582398772,593.784446324688,600.6040648502295,6991906.0,HDFCBANK.NS
2019-12-04,,592.7662353515625,595.2525715277253,584.5020928032309,593.1687734559762,11395614.0,HDFCBANK.NS
2019-12-05,,589.9009399414062,596.12863094506,587.6040507210195,594.636817843651,12772494.0,HDFCBANK.NS
2019-12-06,,590.1141357421875,596.7206628132138,586.3964250464844,591.4874941935019,13774650.0,HDFCBANK.NS
2019-12-09,,588.64599609375,591.9137638268414,586.0886679479555,591.7480196412462,8265350.0,HDFCBANK.NS
2019-12-10,,591.7479248046875,593.713325632947,589.6641270326895,592.4583064671181,9788900.0,HDFCBANK.NS
2019-12-11,,591.392822265625,593.8791584553303,588.4328982302615,592.0321542950602,11054642.0,HDFCBANK.NS
2019-12-12,,598.4255981445312,601.1960755161554,593.4055784762097,593.4055784762097,12913148.0,HDFCBANK.NS
2019-12-13,,598.5440063476562,602.5695031647103,596.3655137500424,599.0886439498142,11775186.0,HDFCBANK.NS
2019-12-16,,595.465576171875,601.4564730761341,591.1322364768808,601.1012822455773,11327576.0,HDFCBANK.NS
2019-12-17,,601.9775390625,603.729848894507,594.5185299976436,596.7207251885195,12427354.0,HDFCBANK.NS
2019-12-18,,612.0411376953125,615.1905079007316,603.1850695974337,607.6131036463731,17447172.0,HDFCBANK.NS
2019-12-19,,610.3599853515625,618.2688785595552,609.0812635932508,618.0320846573876,13018376.0,HDFCBANK.NS
2019-12-20,,614.1012573242188,615.4746734621135,606.2160669574097,610.3362575600848,15026044.0,HDFCBANK.NS
2019-12-23,,616.80078125,617.5585101910995,610.3599985341358,615.1905711182808,10195782.0,HDFCBANK.NS
2019-12-24,,610.5258178710938,616.1851698274687,609.4838898641705,615.0012001452966,7179208.0,HDFCBANK.NS
2019-12-26,,601.6696166992188,611.8044075067481,598.9228420576536,610.7861821418609,14949758.0,HDFCBANK.NS
2019-12-27,,603.824462890625,605.7188141467524,601.4565238204657,602.4036994485294,7092992.0,HDFCBANK.NS
2019-12-30,,607.2106323242188,610.3363003603699,603.374582561169,607.1395825893263,9334190.0,HDFCBANK.NS
2019-12-31,,602.450927734375,607.1157552194755,600.8170732229188,607.1157552194755,8357056.0,HDFCBANK.NS
2020-01-01,,605.5293579101562,606.1923924015477,601.7406554576465,604.345388393747,3673698.0,HDFCBANK.NS
2020-01-02,,609.38916015625,609.9811449630853,605.7188543538712,605.7188543538712,6137166.0,HDFCBANK.NS
2020-01-03,,600.6988525390625,608.5603994443895,598.4256076891043,607.234330313411,10855550.0,HDFCBANK.NS
2020-01-06,,587.69873046875,597.5730818969894,585.3544940901224,596.720600771484,10890186.0,HDFCBANK.NS
2020-01-07,,597.0047607421875,602.1431767378965,593.050314229868,596.1996846178865,14724494.0,HDFCBANK.NS
2020-01-08,,595.4420166015625,597.73890607202,587.2726263307592,590.5403361902679,11332110.0,HDFCBANK.NS
2020-01-09,,602.1195678710938,604.2033658480826,598.1887658278872,599.0885942510204,9546316.0,HDFCBANK.NS
2020-01-10,,607.4710693359375,609.4601728526172,603.871813491343,608.1341038414974,9214580.0,HDFCBANK.NS
2020-01-13,,609.033935546875,614.0066076489296,604.2980573544421,607.4710726189669,7451568.0,HDFCBANK.NS
2020-01-14,,610.6914672851562,612.1359331976332,605.0084136927392,610.4546733854722,7886290.0,HDFCBANK.NS
2020-01-15,,608.2051391601562,609.9573909159484,603.3982113725496,609.2233645040944,11787448.0,HDFCBANK.NS
2020-01-16,,609.8153686523438,611.4018762888768,605.8845666176381,607.163288419645,7150400.0,HDFCBANK.NS
2020-01-17,,605.3162231445312,608.512940609759,602.3562995656167,607.0211275637845,16918814.0,HDFCBANK.NS
2020-01-20,,594.3053588867188,617.9610470531414,593.1687365718038,617.9610470531414,22178450.0,HDFCBANK.NS
2020-01-21,,589.3090209960938,591.9848038717975,586.4911964540704,591.9848038717975,14984804.0,HDFCBANK.NS
2020-01-22,,587.6514282226562,594.3527073618872,584.5968099426914,591.0612951746068,18368310.0,HDFCBANK.NS
2020-01-23,,589.545654296875,590.4928297250134,582.9864760192163,587.2487654458392,11508920.0,HDFCBANK.NS
2020-01-24,,589.40380859375,593.8791908549719,586.8227200074896,590.0904878830103,11831756.0,HDFCBANK.NS
2020-01-27,,574.5567626953125,584.8810010611223,573.8700834298097,584.8810010611223,18888552.0,HDFCBANK.NS
2020-01-28,,579.2926025390625,581.4711527758164,574.5804268199824,577.2088623646235,13412158.0,HDFCBANK.NS
2020-01-29,,585.2835083007812,588.1960850182678,578.8427253732511,580.2871913795456,13788350.0,HDFCBANK.NS
2020-01-30,,580.642333984375,586.7515702363573,576.4510357873509,586.7515702363573,12111984.0,HDFCBANK.NS
2020-01-31,,580.7608032226562,586.2070634943107,577.8955736075096,583.1997343998446,11178268.0,HDFCBANK.NS
2020-02-03,,564.8955688476562,567.3344998460584,557.744346592457,566.8846145462204,13077010.0,HDFCBANK.NS
2020-02-04,,582.4183349609375,584.4073807174176,567.3582188812532,567.3582188812532,20897704.0,HDFCBANK.NS
2020-02-05,,589.4510498046875,591.0375573266558,581.234313274247,584.8335688880729,18020682.0,HDFCBANK.NS
2020-02-06,,587.1541748046875,591.3690599560683,585.9228002816666,589.4510640616896,11827550.0,HDFCBANK.NS
2020-02-07,,588.2907104492188,590.5639548915685,583.2706916009547,590.0903671169963,6815448.0,HDFCBANK.NS
2020-02-10,,587.3909912109375,588.6459526743174,580.6423648340666,588.6459526743174,9219834.0,HDFCBANK.NS
2020-02-11,,587.5330810546875,594.3527577254539,586.3254667116565,588.8118029491535,11613520.0,HDFCBANK.NS
2020-02-12,,591.5111694335938,593.3581734383829,589.1669329193304,589.7115126471815,6297930.0,HDFCBANK.NS
2020-02-13,,587.9119873046875,596.673362809147,584.2179788324539,596.673362809147,9112140.0,HDFCBANK.NS
2020-02-14,,577.4692993164062,591.2270486728398,575.4092038524705,588.7643573113077,14688858.0,HDFCBANK.NS
2020-02-17,,576.427490234375,583.9338464468528,575.1487682927701,580.1451434690955,10152690.0,HDFCBANK.NS
2020-02-18,,574.5803833007812,577.06671918566,569.9629023717208,576.3089902877083,10529116.0,HDFCBANK.NS
2020-02-19,,581.1869506835938,582.513019706518,574.8882673522369,578.9611110497709,10012268.0,HDFCBANK.NS
2020-02-20,,576.4036865234375,582.512980564733,574.9829231562064,582.512980564733,11123414.0,HDFCBANK.NS
2020-02-24,,573.0175170898438,575.2907615812694,568.3053417555244,572.5439293050475,16568084.0,HDFCBANK.NS
2020-02-25,,568.447509765625,572.5677008658114,567.3582346048321,570.1997616562753,13886680.0,HDFCBANK.NS
2020-02-26,,567.9502563476562,570.5312871295188,561.5094728410021,567.1214775704135,13814786.0,HDFCBANK.NS
2020-02-27,,568.044921875,569.4893879376268,559.3072491927961,565.937479073151,20655098.0,HDFCBANK.NS
2020-02-28,,557.7207641601562,561.2016234268023,554.1451526333246,556.7025386820304,24313056.0,HDFCBANK.NS
2020-03-02,,558.6441650390625,568.8500053945262,552.2744321654279,568.4000622917009,14664898.0,HDFCBANK.NS
2020-03-03,,559.6860961914062,561.367298227923,553.1505612982381,556.4656759635528,22369550.0,HDFCBANK.NS
2020-03-04,,544.0814208984375,558.8336948283562,536.6224118361099,558.0522632691465,34288870.0,HDFCBANK.NS
2020-03-05,,545.265380859375,551.7298668268896,541.1925367522988,546.0468124046383,19549708.0,HDFCBANK.NS
2020-03-06,,537.4747924804688,540.316319210145,521.4201548955959,532.786261814301,23053566.0,HDFCBANK.NS
2020-03-09,,524.4038696289062,529.66068340419,504.371079677857,525.6825337487523,34420590.0,HDFCBANK.NS
2020-03-11,,527.482177734375,530.4183993204921,517.1579393374798,523.3145814724497,35538240.0,HDFCBANK.NS
2020-03-12,,483.6752624511719,511.4748748564138,475.2217309428317,509.1069356209674,59000770.0,HDFCBANK.NS
2020-03-13,,506.6441955566406,512.161446567919,435.3218634177746,464.139666299864,66342364.0,HDFCBANK.NS
2020-03-16,,473.3510437011719,491.1105876119212,471.219898431882,490.1634119366812,31986322.0,HDFCBANK.NS
2020-03-17,,461.79547119140625,478.3236976526971,452.1342970177646,477.37652201378086,42676838.0,HDFCBANK.NS
2020-03-18,,415.2891845703125,470.2727207173597,409.6534777648702,466.4840180328291,61181406.0,HDFCBANK.NS
2020-03-19,,424.1215515136719,435.67710547774163,376.502303667405,401.12886944187676,67220048.0,HDFCBANK.NS
2020-03-20,,418.10699462890625,433.14340788887984,390.4968305499615,414.38934181029646,88637464.0,HDFCBANK.NS
2020-03-23,,365.3966369628906,397.22174078351725,362.29464286067446,376.31282924445475,50276954.0,HDFCBANK.NS
2020-03-24,,363.5733642578125,383.6061226600706,349.86299150015697,376.62070252521124,61057272.0,HDFCBANK.NS
2020-03-25,,405.746337890625,410.8137330098405,357.6771773468276,364.8757175147829,47228042.0,HDFCBANK.NS
2020-03-26,,426.7499694824219,444.0833008932357,398.2873532998881,412.0687471848041,57043156.0,HDFCBANK.NS
2020-03-27,,428.33648681640625,468.2125849223154,413.0159043103058,447.51679250707997,55235936.0,HDFCBANK.NS
2020-03-30,,393.85931396484375,420.0723877005265,392.13070689519276,416.75727302870723,39268444.0,HDFCBANK.NS
2020-03-31,,408.1853332519531,413.72628734505696,396.8665733565511,404.3492547580676,35211092.0,HDFCBANK.NS
2020-04-01,,392.9121398925781,409.10881994288405,388.3420059433593,409.10881994288405,29103504.0,HDFCBANK.NS
2020-04-03,,385.4294128417969,399.70809632853104,383.60611140534377,399.2345085366726,34996280.0,HDFCBANK.NS
2020-04-07,,424.38201904296875,429.68620822188024,400.3474380216403,413.9157401505629,60412638.0,HDFCBANK.NS
2020-04-08,,420.97222900390625,447.5404944115309,410.1744034746511,416.73361219107665,56219352.0,HDFCBANK.NS
2020-04-09,,438.0923767089844,440.86288260703225,421.4931305509712,432.38564965509744,44457146.0,HDFCBANK.NS
2020-04-13,,424.0268249511719,448.3455758120512,419.6935139266889,442.33100497402285,34158056.0,HDFCBANK.NS
2020-04-15,,408.8483581542969,440.6734653560616,399.23453121457277,440.6734653560616,57978752.0,HDFCBANK.NS
2020-04-16,,416.638916015625,421.82470881618804,405.50960140764863,409.6534951446611,53854396.0,HDFCBANK.NS
2020-04-17,,431.1069641113281,435.7007715050366,420.1907712150475,433.33283252946575,55883462.0,HDFCBANK.NS
2020-04-20,,447.4694519042969,455.0942333496393,442.8046233171163,450.38202863591187,66232986.0,HDFCBANK.NS
2020-04-21,,436.48223876953125,442.33103695724475,430.0177532732101,438.06874645123276,33178006.0,HDFCBANK.NS
2020-04-22,,439.7735900878906,441.8573878306438,429.6861764040474,435.29820880179005,38289354.0,HDFCBANK.NS
2020-04-23,,452.2527160644531,453.9339471245536,432.17257997634374,442.8046328236386,40901222.0,HDFCBANK.NS
2020-04-24,,444.24908447265625,453.88661472749504,438.5423565641276,441.8574715705519,33284568.0,HDFCBANK.NS
2020-04-27,,440.29461669921875,453.41300553123114,438.6844064953877,447.6115545430124,27421072.0,HDFCBANK.NS
2020-04-28,,441.0997009277344,446.9721724701217,436.6479639199274,446.9721724701217,29441436.0,HDFCBANK.NS
2020-04-29,,462.7426452636719,470.1306325655098,442.3783690959177,442.80460969418954,55877778.0,HDFCBANK.NS
2020-04-30,,474.4402770996094,482.5859934672033,469.84646941798604,474.2508593129951,43793134.0,HDFCBANK.NS
2020-05-04,,437.12158203125,454.64433234019504,434.5168488772176,453.46036272472577,26722324.0,HDFCBANK.NS
2020-05-05,,431.6516418457031,447.06692023148156,430.0414316301239,444.22539319611195,29672858.0,HDFCBANK.NS
2020-05-06,,448.2035217285156,449.9084263081122,428.9048181789834,435.22720397595276,33785846.0,HDFCBANK.NS
2020-05-07,,438.0687561035156,446.73540787559705,436.3401489091201,445.4093676922772,21831730.0,HDFCBANK.NS
2020-05-08,,439.98675537109375,447.04322540288103,438.1634538388063,446.119723379116,20807484.0,HDFCBANK.NS
2020-05-11,,433.71173095703125,451.8027919285637,432.85927864015434,443.7517987809897,28550784.0,HDFCBANK.NS
2020-05-12,,426.9631042480469,430.680786073331,412.5423489795209,426.7026367214937,49568418.0,HDFCBANK.NS
2020-05-13,,439.3237609863281,454.64431568712365,436.69532541185623,450.3820252275569,44346966.0,HDFCBANK.NS
2020-05-14,,423.2453918457031,431.4384544084736,421.49311133209824,425.2818134564317,39554890.0,HDFCBANK.NS
2020-05-15,,420.6170654296875,422.62981381558717,414.3893735675826,421.72998532792263,24349628.0,HDFCBANK.NS
2020-05-18,,396.2272644042969,420.5459875978959,393.6935522032802,420.5459875978959,46649964.0,HDFCBANK.NS
2020-05-19,,393.3857421875,410.7427187976263,391.23089443858925,407.6880715158529,47460692.0,HDFCBANK.NS
2020-05-20,,405.912109375,409.1798768985452,394.11978998824173,396.13253822530055,40014306.0,HDFCBANK.NS
2020-05-21,,407.0724182128906,418.65164657168174,403.63890640560027,407.97224666252146,48478908.0,HDFCBANK.NS
2020-05-22,,397.26910400390625,412.16344570269695,394.5223006173569,402.54961939702196,42047432.0,HDFCBANK.NS
2020-05-26,,403.686279296875,412.8501922779216,401.9576721489945,405.8647717604575,38005152.0,HDFCBANK.NS
2020-05-27,,427.9576721191406,430.8702200526852,405.9358370990581,407.2382036862673,56025754.0,HDFCBANK.NS
2020-05-28,,447.6589050292969,449.908447265625,432.83561144259414,435.7008120888158,75488806.0,HDFCBANK.NS
2020-05-29,,450.6898498535156,452.276357450958,437.33466786286783,447.0668915536171,53025166.0,HDFCBANK.NS
2020-06-01,,467.739013671875,471.21987252480557,457.53317320786255,461.7481162931512,39190230.0,HDFCBANK.NS
2020-06-02,,474.0613708496094,475.9557219818755,461.84281182759344,467.28907133285867,41623594.0,HDFCBANK.NS
2020-06-03,,484.1251220703125,495.49122911818483,480.90473085451634,483.05954953457444,50546088.0,HDFCBANK.NS
2020-06-04,,474.39288330078125,492.03399913682466,469.3728355075351,486.8719386021985,54275882.0,HDFCBANK.NS
2020-06-05,,489.3819274902344,493.6679200813478,474.91382639752493,475.0558969523371,35195984.0,HDFCBANK.NS
2020-06-08,,481.1178894042969,505.152471843992,476.6188050067185,502.0031012034842,49812664.0,HDFCBANK.NS
2020-06-09,,467.5732727050781,486.25631893617447,463.9029669132541,483.05960098845674,61844146.0,HDFCBANK.NS
2020-06-10,,469.72808837890625,473.51679110565817,463.26363169469056,468.85196243554805,36497730.0,HDFCBANK.NS
2020-06-11,,458.7171325683594,468.0941941542392,457.0122280466569,466.4839840683493,30897714.0,HDFCBANK.NS
2020-06-12,,465.41845703125,467.26546119830897,439.4895223861613,439.4895223861613,42644876.0,HDFCBANK.NS
2020-06-15,,449.83740234375,461.27456034573714,446.59333717251553,458.4330332799523,32009936.0,HDFCBANK.NS
2020-06-16,,469.0414123535156,470.7226434189499,450.85562757807895,461.7481479922552,45399970.0,HDFCBANK.NS
2020-06-17,,463.7608642578125,473.0668763129085,460.9193373897534,468.37834541840857,36957838.0,HDFCBANK.NS
2020-06-18,,483.0359191894531,485.3801847591436,460.3273766683835,464.11607935701215,40870126.0,HDFCBANK.NS
2020-06-19,,489.3819274902344,493.9520611909721,479.34188954345046,482.08869292333486,47877752.0,HDFCBANK.NS
2020-06-22,,487.2034606933594,495.34914792027973,484.85919524719657,492.2708271479766,29694474.0,HDFCBANK.NS
2020-06-23,,493.62060546875,494.89926945201995,481.4256902585646,492.0577425460753,28830512.0,HDFCBANK.NS
2020-06-24,,488.97943115234375,500.81912682189204,487.81916410113365,496.5568363808547,39429246.0,HDFCBANK.NS
2020-06-25,,487.2034606933594,496.79361386861143,476.90292580142204,483.95939574936546,70646790.0,HDFCBANK.NS
2020-06-26,,500.3218994140625,503.4239231940884,486.8483471717054,493.0049896943048,39969138.0,HDFCBANK.NS
2020-06-29,,509.60418701171875,512.706152486314,491.11055987281685,491.11055987281685,46005956.0,HDFCBANK.NS
2020-06-30,,504.7735595703125,510.78815948972283,500.25083063697764,508.63331181340817,35746130.0,HDFCBANK.NS
2020-07-01,,513.6533203125,519.0522328366897,502.61875917329024,504.7735489934417,34846718.0,HDFCBANK.NS
2020-07-02,,515.9266357421875,526.2745191114437,513.9375320069659,516.3528763862364,36954496.0,HDFCBANK.NS
2020-07-03,,508.6096496582031,518.9575904554594,506.73900077042003,517.6315213477282,27597254.0,HDFCBANK.NS
2020-07-06,,522.367431640625,530.3710783748387,520.9466680006233,524.7116685222196,35558216.0,HDFCBANK.NS
2020-07-07,,523.3856201171875,526.4875858251261,517.65521873679,525.3983684647952,24349850.0,HDFCBANK.NS
2020-07-08,,525.84814453125,532.7388693903838,523.3144616411611,524.2616371373442,30056350.0,HDFCBANK.NS
2020-07-09,,532.7625732421875,535.0121152953822,524.3800922946875,529.4711611519176,20114484.0,HDFCBANK.NS
2020-07-10,,523.36181640625,530.4182855168448,520.7334390530152,529.4237627937017,17562978.0,HDFCBANK.NS
2020-07-13,,511.5932312011719,527.1032319619572,507.35464343064444,525.6351213147418,29922114.0,HDFCBANK.NS
2020-07-14,,501.4584655761719,506.21804642380647,497.26722481493465,503.2344199505109,26612674.0,HDFCBANK.NS
2020-07-15,,498.759033203125,511.0012670090253,497.3145672016317,506.8336709933505,20974394.0,HDFCBANK.NS
2020-07-16,,503.21075439453125,504.6078153200504,489.7371464128929,498.9958112918797,23662456.0,HDFCBANK.NS
2020-07-17,,520.2125854492188,522.8410213166592,501.1980782506949,501.5532691619154,28405738.0,HDFCBANK.NS
2020-07-20,,536.5986938476562,545.9994003595516,532.3837507560095,537.5221669572308,65124096.0,HDFCBANK.NS
2020-07-21,,539.203369140625,548.3909254676531,537.0485217007565,545.5968039227769,47512422.0,HDFCBANK.NS
2020-07-22,,533.4255981445312,542.0212281345551,529.2580602600719,539.1797013815561,24718012.0,HDFCBANK.NS
2020-07-23,,535.3436889648438,541.7371246026141,528.6424096786076,532.7863031475329,20149122.0,HDFCBANK.NS
2020-07-24,,529.9920654296875,531.7917220922633,521.5385352402088,531.7917220922633,19598440.0,HDFCBANK.NS
2020-07-27,,511.2380676269531,522.3673817438901,509.27266655048254,520.8755685021828,37970094.0,HDFCBANK.NS
2020-07-28,,514.6242065429688,518.2945120793429,501.7662859081783,511.00124822550674,35596450.0,HDFCBANK.NS
2020-07-29,,504.1816101074219,515.5003712073897,499.8956747807778,511.9484623566267,33592086.0,HDFCBANK.NS
2020-07-30,,497.5751037597656,513.2035033624112,495.7043969995043,508.6333688861004,26956266.0,HDFCBANK.NS
2020-07-31,,489.12152099609375,500.9138114020133,483.08324741798464,500.9138114020133,37726696.0,HDFCBANK.NS
2020-08-03,,474.5350036621094,486.3509968464558,470.27271321005446,485.8774090184497,31783542.0,HDFCBANK.NS
2020-08-04,,493.3127746582031,502.50039012196834,475.0085934673722,477.3765326172594,60306168.0,HDFCBANK.NS
2020-08-05,,486.6351623535156,500.01401757537576,483.0595513733578,496.29630713217466,33221360.0,HDFCBANK.NS
2020-08-06,,492.8628234863281,499.63515246884197,486.0195025792882,491.11057166842573,33646888.0,HDFCBANK.NS
2020-08-07,,494.3546447753906,495.94115244366236,483.34372772806677,490.0923543054588,24836784.0,HDFCBANK.NS
2020-08-10,,497.5751037597656,503.8974902186321,494.33103843475357,494.4257328836954,22172854.0,HDFCBANK.NS
2020-08-11,,505.15240478515625,507.2125000157358,496.5567752254893,496.5567752254893,20136148.0,HDFCBANK.NS
2020-08-12,,503.75531005859375,504.8445851020734,496.32000486582825,504.37099731117087,20666432.0,HDFCBANK.NS
2020-08-13,,501.55322265625,507.37831837353264,500.34555054567113,505.76810816309927,19892740.0,HDFCBANK.NS
2020-08-14,,489.9028625488281,504.7972331186789,486.5167561246559,504.7972331186789,20924512.0,HDFCBANK.NS
2020-08-17,,489.09783935546875,495.84646604229073,483.1543177737902,495.84646604229073,19561012.0,HDFCBANK.NS
2020-08-18,,500.3455810546875,502.78457012984126,484.00679965725567,486.848326856809,24040824.0,HDFCBANK.NS
2020-08-19,,505.1287841796875,506.644299971092,500.22716154357033,504.3710551894934,17715624.0,HDFCBANK.NS
2020-08-20,,501.5295104980469,506.24168626831124,498.2143956977765,499.6114566677705,19216734.0,HDFCBANK.NS
2020-08-21,,514.150634765625,515.6424479794565,504.1815879057319,504.56048129086855,28924302.0,HDFCBANK.NS
2020-08-24,,529.0213012695312,531.8154231788657,514.1506320521144,514.3163762281067,36779740.0,HDFCBANK.NS
2020-08-25,,530.2762451171875,533.7334592375407,523.8828097137209,529.9447567762272,27601738.0,HDFCBANK.NS
2020-08-26,,529.684326171875,535.9830679208438,525.4457378910326,530.8919983558789,25190062.0,HDFCBANK.NS
2020-08-27,,526.6770629882812,535.1069502678898,523.9065854882423,533.1652515471543,20645996.0,HDFCBANK.NS
2020-08-28,,527.8135986328125,532.7862704907259,518.5786366109733,526.6059266286294,38696610.0,HDFCBANK.NS
2020-08-31,,528.4530029296875,544.0577576301962,521.2781352761166,534.917488792034,38501166.0,HDFCBANK.NS
2020-09-01,,533.8756103515625,541.5950576766639,524.7353416550061,534.2070987245911,28877884.0,HDFCBANK.NS
2020-09-02,,537.1196899414062,539.4165795299666,530.7498984552532,532.3601087623225,19761682.0,HDFCBANK.NS
2020-09-03,,535.5804443359375,542.7079059029746,534.2070281800104,538.5877152462028,19833362.0,HDFCBANK.NS
2020-09-04,,530.0868530273438,532.9757270743686,523.0303831737506,525.6824633183799,23661370.0,HDFCBANK.NS
2020-09-07,,525.9192504882812,530.1815406768401,520.4729908029005,528.6660828453123,17615466.0,HDFCBANK.NS
2020-09-08,,526.8427734375,529.8501024928822,522.3673914403189,527.5768577194156,14624918.0,HDFCBANK.NS
2020-09-09,,519.2890014648438,525.6824365033987,516.8026656165168,521.4201464776954,15728872.0,HDFCBANK.NS
2020-09-10,,516.47119140625,523.2434621677486,513.369168233938,522.3673363118392,15188088.0,HDFCBANK.NS
2020-09-11,,510.83551025390625,523.2434879320994,507.2125518924717,519.265338707995,20794730.0,HDFCBANK.NS
2020-09-14,,501.0321960449219,518.1050595692076,498.3801158945213,515.2635327342759,21650590.0,HDFCBANK.NS
2020-09-15,,506.97576904296875,509.6515518289854,501.10326842319205,505.7917994749095,16505110.0,HDFCBANK.NS
2020-09-16,,517.9393310546875,519.0522508698061,505.9575360808241,506.83366198587436,18710112.0,HDFCBANK.NS
2020-09-17,,513.1798095703125,518.1051350304291,510.5277290336404,513.3692562824361,18318686.0,HDFCBANK.NS
2020-09-18,,500.7243957519531,517.2525634487629,495.94111280255106,517.1578690147392,23481778.0,HDFCBANK.NS
2020-09-21,,496.9356689453125,507.3782445611491,493.241661224128,499.63509610317334,19842878.0,HDFCBANK.NS
2020-09-22,,490.35284423828125,501.1269672278319,487.5586645161511,499.185268712797,18620678.0,HDFCBANK.NS
2020-09-23,,495.9648132324219,499.6351186060683,489.85551917731163,495.37282849473695,16079828.0,HDFCBANK.NS
2020-09-24,,487.9848937988281,495.84643992793775,485.42750804788557,491.5841496133709,19809510.0,HDFCBANK.NS
2020-09-25,,494.42572021484375,498.19072053460155,485.73539464491853,497.2672473425153,20321544.0,HDFCBANK.NS
2020-09-28,,499.2562255859375,501.529470104583,493.78632129264906,496.76988968598556,16152422.0,HDFCBANK.NS
2020-09-29,,503.21075439453125,506.69161326180074,497.74079202381324,501.0559067185484,12644446.0,HDFCBANK.NS
2020-09-30,,510.8117980957031,514.7426000261162,498.2143739663606,502.0030764299831,18813842.0,HDFCBANK.NS
2020-10-01,,524.238037109375,525.6825031478362,516.2580935562258,516.2580935562258,21203080.0,HDFCBANK.NS
2020-10-05,,527.7426147460938,536.1014519504577,526.1561069937795,526.6296948488595,16940126.0,HDFCBANK.NS
2020-10-06,,541.831787109375,543.6787910802993,533.3545539789349,537.5458522321513,19371990.0,HDFCBANK.NS
2020-10-07,,550.427490234375,551.6588071080581,538.753537924245,542.2107524263344,21248778.0,HDFCBANK.NS
2020-10-08,,564.4219360351562,569.7260960158046,550.948329086166,558.8335771393595,35060674.0,HDFCBANK.NS
2020-10-09,,584.1942749023438,585.8281297469175,564.350933803847,568.7789683314858,44972388.0,HDFCBANK.NS
2020-10-12,,574.7698974609375,588.5512921358315,570.9574921987773,583.2471314164068,19220546.0,HDFCBANK.NS
2020-10-13,,567.5713500976562,578.9374587858198,565.9374950981401,574.6515233212691,18353952.0,HDFCBANK.NS
2020-10-14,,573.7516479492188,575.0777169789134,556.7024863097868,566.1979452917092,22582918.0,HDFCBANK.NS
2020-10-15,,553.7425537109375,576.3563719189317,551.2562176775979,575.0303029100788,28246896.0,HDFCBANK.NS
2020-10-16,,567.9974975585938,569.9628984257118,555.5184710040381,558.8335854942584,25822848.0,HDFCBANK.NS
2020-10-19,,569.9866943359375,584.8810094688545,564.8008725613233,584.8810094688545,42359556.0,HDFCBANK.NS
2020-10-20,,579.647705078125,581.2816175067098,571.0994808537793,571.8572096936568,27411978.0,HDFCBANK.NS
2020-10-21,,590.421875,592.4583256225468,578.5821802433544,582.7971231389221,35640752.0,HDFCBANK.NS
2020-10-22,,584.075927734375,591.9848218296115,579.1979496780918,587.2252407376943,21913060.0,HDFCBANK.NS
2020-10-23,,585.2598876953125,591.2507277442996,583.081337338208,588.9064910130453,15866230.0,HDFCBANK.NS
2020-10-26,,573.4674682617188,588.1960370144519,570.4838420510097,582.4182890828363,19571976.0,HDFCBANK.NS
2020-10-27,,583.9810791015625,585.3544952237552,567.2871098809821,580.6186174306827,24317780.0,HDFCBANK.NS
2020-10-28,,572.8517456054688,583.4601230411454,569.0156962937793,581.5657719923105,16571186.0,HDFCBANK.NS
2020-10-29,,562.243408203125,570.4127976829093,558.1232175029422,568.5894962307826,23060024.0,HDFCBANK.NS
2020-10-30,,560.514892578125,567.973900810896,557.1050255565358,560.0413047538221,11522716.0,HDFCBANK.NS
2020-11-02,,575.5275268554688,580.1450075276274,557.6495888683928,565.6295310832044,21926080.0,HDFCBANK.NS
2020-11-03,,591.013916015625,592.3399850790447,580.3818922361537,580.8317775553417,28164230.0,HDFCBANK.NS
2020-11-04,,595.4893188476562,598.9938801743824,582.5130014005952,592.9319331329635,23404822.0,HDFCBANK.NS
2020-11-05,,601.07763671875,604.2980570121856,593.0976935312227,599.562178822435,21433928.0,HDFCBANK.NS
2020-11-06,,619.2871704101562,620.400090307665,599.3254307514122,599.6806216428098,35705724.0,HDFCBANK.NS
2020-11-09,,634.8681640625,637.4254919967238,622.8626667877825,622.8626667877825,26288440.0,HDFCBANK.NS
2020-11-10,,660.0156860351562,660.6550180387974,640.0776500995573,642.6586806298552,41517356.0,HDFCBANK.NS
2020-11-11,,658.2633666992188,670.0320702645637,649.0521067328153,662.9756001906362,36116194.0,HDFCBANK.NS
2020-11-12,,649.620361328125,657.6003619970146,644.0794071994167,652.3198464713761,27053948.0,HDFCBANK.NS
2020-11-13,,643.5111083984375,648.2469862706338,637.9227493848422,648.2469862706338,22472480.0,HDFCBANK.NS
2020-11-14,,648.6732177734375,651.1595538431708,646.542072570809,647.7734471589163,1835066.0,HDFCBANK.NS
2020-11-17,,667.0247192382812,668.9901201865498,653.8353104626648,656.2980017294028,31059900.0,HDFCBANK.NS
2020-11-18,,667.1431274414062,672.0211050279592,662.5730513057764,664.4437000382147,18862776.0,HDFCBANK.NS
2020-11-19,,650.8753662109375,662.7624081519232,647.8680953131696,658.14492720945,20266882.0,HDFCBANK.NS
2020-11-20,,664.75146484375,667.0010066833022,646.4709890361169,650.0702444171992,20405362.0,HDFCBANK.NS
2020-11-23,,660.465576171875,674.2233257581156,651.349010444153,670.126779466313,25246636.0,HDFCBANK.NS
2020-11-24,,681.1139526367188,684.334372809639,663.9937998702551,666.8116241633022,40154400.0,HDFCBANK.NS
2020-11-25,,664.3490600585938,693.5220600982908,661.6022274002418,687.3180708165835,24152602.0,HDFCBANK.NS
2020-11-26,,675.64404296875,678.1777261235598,656.8662752328055,670.1267335648304,27943126.0,HDFCBANK.NS
2020-11-27,,682.3690185546875,684.8080074601961,670.3872810499112,678.0830833467495,17994580.0,HDFCBANK.NS
2020-12-01,,678.7933959960938,686.2287011031041,675.0993881452553,682.3689490895632,17147574.0,HDFCBANK.NS
2020-12-02,,666.3143920898438,678.0830962284707,660.5603460504777,677.7042028299456,17892150.0,HDFCBANK.NS
2020-12-03,,652.22509765625,678.1777323249325,650.7333423290647,676.7569689192239,37933222.0,HDFCBANK.NS
2020-12-04,,656.2032470703125,663.7096021718844,650.3781517907096,654.0247547427127,26912322.0,HDFCBANK.NS
2020-12-07,,649.8809204101562,653.5275236928608,643.17964084008,651.1832869841245,24316318.0,HDFCBANK.NS
2020-12-08,,651.7988891601562,657.718736450316,646.518373815132,651.1832019175762,19457896.0,HDFCBANK.NS
2020-12-09,,666.4327392578125,667.7825107573249,651.206937503077,652.1304106028376,22069074.0,HDFCBANK.NS
2020-12-10,,656.3217163085938,663.9701717176157,651.5384905424463,662.075820300447,19727966.0,HDFCBANK.NS
2020-12-11,,654.8772583007812,660.6550065599108,650.2360745568154,658.3107699836195,21356384.0,HDFCBANK.NS
2020-12-14,,649.8335571289062,657.3399127257109,647.8681560581934,654.9719735588316,17222050.0,HDFCBANK.NS
2020-12-15,,658.9027099609375,660.6312591314887,646.9209158475564,653.9300382066189,21561436.0,HDFCBANK.NS
2020-12-16,,668.09033203125,670.9792640576541,660.4182322709024,664.9173166786283,16832092.0,HDFCBANK.NS
2020-12-17,,682.8190307617188,684.3344888583116,665.1541796550164,671.8317572228483,21924478.0,HDFCBANK.NS
2020-12-18,,668.398193359375,681.824397200528,666.0066094291611,679.5985574538313,22995918.0,HDFCBANK.NS
2020-12-21,,650.0703125,674.3179850066851,647.2524303718895,671.3107140052659,23761824.0,HDFCBANK.NS
2020-12-22,,650.2833862304688,655.8243980885657,636.9755808252437,655.8243980885657,22851558.0,HDFCBANK.NS
2020-12-23,,651.4911499023438,654.0011308688444,644.576778722014,647.6313972886575,15467394.0,HDFCBANK.NS
2020-12-24,,661.6495361328125,664.9173036746126,652.1304324501009,658.0029330191164,14952188.0,HDFCBANK.NS
2020-12-28,,669.1085205078125,672.9682726910083,664.9172799846416,665.3908677908984,11699194.0,HDFCBANK.NS
2020-12-29,,675.904541015625,679.48015232617,672.4947316976208,672.9920220532118,14495346.0,HDFCBANK.NS
2020-12-30,,678.41455078125,681.9191122043819,669.1795883098822,681.9191122043819,16216726.0,HDFCBANK.NS
2020-12-31,,680.2141723632812,683.8607752565193,674.8863096751678,679.5984851060285,22145750.0,HDFCBANK.NS
2021-01-01,,674.8862915039062,683.3871690618734,672.7787911885241,681.9664057166303,8810938.0,HDFCBANK.NS
2021-01-04,,670.600341796875,681.0192736609507,662.5493489928165,681.0192736609507,15740192.0,HDFCBANK.NS
2021-01-05,,675.667724609375,677.5857784188031,667.2852432584963,672.1158159334071,14386824.0,HDFCBANK.NS
2021-01-06,,672.7551879882812,681.9664477871121,669.2269241099976,679.5985087322957,22134050.0,HDFCBANK.NS
2021-01-07,,670.71875,678.4618992939315,668.9664981906012,678.4145520741395,19894842.0,HDFCBANK.NS
2021-01-08,,678.0120239257812,682.9136463718647,673.962824881487,678.1777681029891,13768764.0,HDFCBANK.NS
2021-01-11,,687.3890380859375,693.758829135686,680.2142286543354,686.7023588514919,17331392.0,HDFCBANK.NS
2021-01-12,,701.3836059570312,704.5566214281087,686.2761419775225,687.8626497130612,20388156.0,HDFCBANK.NS
2021-01-13,,696.4819946289062,708.9136758960336,692.432795320349,707.0193244648524,16934650.0,HDFCBANK.NS
2021-01-14,,695.5820922851562,704.6986575797872,689.5438477393617,696.7187145853906,12297166.0,HDFCBANK.NS
2021-01-15,,694.5875244140625,696.9554632980903,684.3343374840208,695.7477913428329,14165236.0,HDFCBANK.NS
2021-01-18,,702.3779907226562,711.7313489217837,694.75323939848,696.1266554557428,42825632.0,HDFCBANK.NS
2021-01-19,,712.205078125,715.8990864870037,694.7533773788126,706.4983792073738,17360254.0,HDFCBANK.NS
2021-01-20,,706.5930786132812,710.8553693019672,703.7515514874906,710.8553693019672,13346052.0,HDFCBANK.NS
2021-01-21,,698.4473266601562,707.7059336769149,695.2979561553767,706.5930138834698,26333054.0,HDFCBANK.NS
2021-01-22,,683.647705078125,695.1795566696569,682.0374949646825,695.1795566696569,15392364.0,HDFCBANK.NS
2021-01-25,,692.7879028320312,701.3835329786784,689.1412998903074,693.853475383822,20344718.0,HDFCBANK.NS
2021-01-27,,667.5693359375,697.0738783221417,665.9354811895471,695.2268743824932,23556276.0,HDFCBANK.NS
2021-01-28,,649.5020141601562,663.6386573049136,635.5548755229009,658.2397444156159,42704446.0,HDFCBANK.NS
2021-01-29,,658.52392578125,667.1669043109213,646.2106413006226,658.9264639039899,28704502.0,HDFCBANK.NS
2021-02-01,,699.3707885742188,702.0939184433921,663.4965124716306,667.8771996524747,26370544.0,HDFCBANK.NS
2021-02-02,,739.0575561523438,747.5584350931389,709.1504713078268,710.8553760372515,42420206.0,HDFCBANK.NS
2021-02-03,,745.80615234375,749.0738621856243,730.272448092601,747.7951981441097,20237254.0,HDFCBANK.NS
2021-02-04,,747.842529296875,752.0574725376579,730.9591116288991,741.6385402984712,24484684.0,HDFCBANK.NS
2021-02-05,,756.6038818359375,766.3834817798823,733.1139377693545,733.1139377693545,27054716.0,HDFCBANK.NS
2021-02-08,,760.2269287109375,772.7296600476119,755.7041414256892,767.2123497970526,17447580.0,HDFCBANK.NS
2021-02-09,,763.3524780273438,771.0009325010271,751.4417333862714,762.4763521662492,18421366.0,HDFCBANK.NS
2021-02-10,,749.0975341796875,764.7732794572811,742.1121138356696,761.6949586277138,19788006.0,HDFCBANK.NS
2021-02-11,,744.6458129882812,756.698657949199,740.7860606113193,749.2159471102909,13648618.0,HDFCBANK.NS
2021-02-12,,749.192138671875,754.1885126967173,744.9535513167575,745.3797918657261,9910106.0,HDFCBANK.NS
2021-02-15,,765.6021118164062,769.5802613449466,756.1777019768093,757.787912239673,10355244.0,HDFCBANK.NS
2021-02-16,,770.361572265625,777.1575453320123,761.7422400012975,767.7804841834933,13897358.0,HDFCBANK.NS
2021-02-17,,751.3470458984375,768.0647183895073,749.6894885957936,767.2122372237433,12794426.0,HDFCBANK.NS
2021-02-18,,736.09765625,760.5584237121387,733.1140295170923,760.5584237121387,14720560.0,HDFCBANK.NS
2021-02-19,,728.8990478515625,740.7860913158588,726.0101735308317,731.6932277267678,17139508.0,HDFCBANK.NS
2021-02-22,,733.1138916015625,745.3798268023176,729.0646929130805,731.7168307594127,29451838.0,HDFCBANK.NS
2021-02-23,,724.1868286132812,737.7077262268455,721.1085077743629,735.8370774568311,18239906.0,HDFCBANK.NS
2021-02-24,,760.7950439453125,764.346952192082,718.0774505552339,722.9317251591523,14314332.0,HDFCBANK.NS
2021-02-25,,760.771484375,774.908069216845,758.6876864081806,762.3579920072215,20109570.0,HDFCBANK.NS
2021-02-26,,726.673095703125,752.4836295180887,720.3270079368773,751.6075036939108,27912846.0,HDFCBANK.NS
2021-03-01,,738.2760620117188,744.7405472981088,729.6567290261943,740.6913483244873,13536018.0,HDFCBANK.NS
2021-03-02,,742.6803588867188,751.8206264779094,734.53467191637,746.2322673582679,16110038.0,HDFCBANK.NS
2021-03-03,,751.5128173828125,755.8461574794367,741.1649351223799,750.1631036638017,11222410.0,HDFCBANK.NS
2021-03-04,,735.0320434570312,744.0065100625322,728.8990461317771,733.3744859871274,16291438.0,HDFCBANK.NS
2021-03-05,,724.5894775390625,731.9774371203936,720.3745337218922,725.063065432879,17445822.0,HDFCBANK.NS
2021-03-08,,719.6165771484375,736.4289420637185,716.3014629397906,730.272301390517,15117050.0,HDFCBANK.NS
2021-03-09,,739.98095703125,741.4964149068451,728.496452578125,731.6931703125,15066696.0,HDFCBANK.NS
2021-03-10,,736.7841796875,745.9007443405512,735.0792752626375,744.4799810179977,11055016.0,HDFCBANK.NS
2021-03-12,,734.9845581054688,757.7404748656829,726.9809705885083,757.7404748656829,15631204.0,HDFCBANK.NS
2021-03-15,,723.9500122070312,733.303371388489,717.6276265503748,733.303371388489,12230386.0,HDFCBANK.NS
2021-03-16,,716.1358642578125,729.5147207460253,715.1176388389844,725.0156362632634,13722366.0,HDFCBANK.NS
2021-03-17,,708.1795043945312,728.8516234041614,705.7405156649922,721.8662033617888,21064428.0,HDFCBANK.NS
2021-03-18,,706.1194458007812,720.8243708649012,701.4546172951518,715.9463931517981,18065540.0,HDFCBANK.NS
2021-03-19,,709.19775390625,715.6858838559789,698.0921427541265,703.2779062108723,21235020.0,HDFCBANK.NS
2021-03-22,,695.7715454101562,707.9664315664949,691.6276520560606,707.9664315664949,14015632.0,HDFCBANK.NS
2021-03-23,,710.4528198242188,713.9099764186892,695.7478940590526,696.1741346833069,19761428.0,HDFCBANK.NS
2021-03-24,,700.3416748046875,713.4363314696999,696.6476667715011,706.0720757291848,16368900.0,HDFCBANK.NS
2021-03-25,,693.024658203125,708.2742192275458,686.8206699198174,705.7404783853448,23964356.0,HDFCBANK.NS
2021-03-26,,706.2615356445312,709.9081387163341,698.0684432741003,707.5401996278873,12021258.0,HDFCBANK.NS
2021-03-30,,735.8133544921875,740.0046528436594,711.1157965428214,713.5310828024924,25607644.0,HDFCBANK.NS
2021-03-31,,707.37451171875,733.1140000952927,704.6987287737697,733.1140000952927,30774506.0,HDFCBANK.NS
2021-04-01,,704.1067504882812,710.0976484763646,693.806214538646,710.0976484763646,35763762.0,HDFCBANK.NS
2021-04-05,,686.5128784179688,703.2778984689253,677.704156706419,700.9099594168414,16006586.0,HDFCBANK.NS
2021-04-06,,682.0848999023438,692.6932792880586,678.4856438101414,691.4382599253059,15075734.0,HDFCBANK.NS
2021-04-07,,685.3762817382812,689.87536610547,673.228800195683,681.6349841449041,25088180.0,HDFCBANK.NS
2021-04-08,,678.556640625,691.8644465891563,677.4673655322455,688.123091309579,17613592.0,HDFCBANK.NS
2021-04-09,,673.3235473632812,678.5567163982668,670.1741764974265,675.3362957904267,28157816.0,HDFCBANK.NS
2021-04-12,,647.418212890625,662.5493196905331,640.7642813018523,659.7077929441834,22549128.0,HDFCBANK.NS
2021-04-13,,663.1886596679688,666.0775336661652,644.5529914266166,647.8681060041231,18600682.0,HDFCBANK.NS
2021-04-15,,677.2778930664062,680.4035609465851,658.7606218714734,665.3908509916752,34444984.0,HDFCBANK.NS
2021-04-16,,676.5912475585938,684.3343968185246,674.1522587343736,679.5748161245511,15606526.0,HDFCBANK.NS
2021-04-19,,668.8954467773438,671.4054275301584,649.9045868073125,658.2870680749406,24069242.0,HDFCBANK.NS
2021-04-20,,658.9501342773438,675.5257087311528,655.4218701712806,674.8626741907973,23186270.0,HDFCBANK.NS
2021-04-22,,673.6786499023438,675.7151005800558,649.3125805575211,653.551168270815,38485312.0,HDFCBANK.NS
2021-04-23,,669.7242431640625,679.4090911892929,663.1176582311249,667.2852542707776,22713528.0,HDFCBANK.NS
2021-04-26,,665.2962646484375,676.7570680081424,664.3253863879788,669.1796620682331,30170952.0,HDFCBANK.NS
2021-04-27,,681.3507080078125,682.9135707879716,665.2961287020331,666.4563956250854,20592906.0,HDFCBANK.NS
2021-04-28,,699.3945922851562,700.4364624788374,677.7042446296256,680.1905809568831,24103940.0,HDFCBANK.NS
2021-04-29,,697.3580322265625,712.1103036895167,691.9117725521276,703.8461619317026,24078552.0,HDFCBANK.NS
2021-04-30,,668.8480834960938,688.5019775026257,666.5748388962347,684.3343816732215,35232902.0,HDFCBANK.NS
2021-05-03,,669.8663330078125,673.3945972912176,652.2725900591925,659.7078964206457,22473700.0,HDFCBANK.NS
2021-05-04,,657.505615234375,673.9154441830442,655.1140315140075,667.7351002247756,21486328.0,HDFCBANK.NS
2021-05-05,,664.2542114257812,667.5693258995556,654.3562152204534,663.4964825368345,14421612.0,HDFCBANK.NS
2021-05-06,,663.4491577148438,668.1376884767826,660.6549781447178,666.622172836726,11477044.0,HDFCBANK.NS
2021-05-07,,670.00830078125,674.838872933729,667.877155806155,669.1558196668091,12048334.0,HDFCBANK.NS
2021-05-10,,672.4236450195312,677.2305728857831,669.0848856230303,675.8098094461626,11060050.0,HDFCBANK.NS
2021-05-11,,664.7042846679688,674.4838280318311,660.678787732968,661.1286730895307,14519034.0,HDFCBANK.NS
2021-05-12,,662.7861328125,667.0957702739445,657.7424111292165,662.9045297636991,13774926.0,HDFCBANK.NS
2021-05-14,,656.7952270507812,662.5019831493979,654.664081956677,660.3471355409549,10604142.0,HDFCBANK.NS
2021-05-17,,682.0848999023438,683.1978197859106,654.166919312643,660.7260994627449,15120692.0,HDFCBANK.NS
2021-05-18,,699.34716796875,702.2123976389103,689.0703345571502,690.9409834750115,22165280.0,HDFCBANK.NS
2021-05-19,,690.5857543945312,700.3653547002302,687.9100293890692,696.2688083859091,10130916.0,HDFCBANK.NS
2021-05-20,,678.556640625,694.2323856507859,676.5201899075936,690.6567745433202,10684184.0,HDFCBANK.NS
2021-05-21,,709.1030883789062,711.2815808574237,683.3872458173004,683.3872458173004,19341646.0,HDFCBANK.NS
2021-05-24,,715.0938720703125,720.066543946563,709.6713149106149,711.9208569498711,22146102.0,HDFCBANK.NS
2021-05-25,,700.4126586914062,716.8935373735985,696.41086487721,715.3543770125982,19236974.0,HDFCBANK.NS
2021-05-26,,699.512939453125,704.225115318239,696.1741220698126,700.9100004512399,12283990.0,HDFCBANK.NS
2021-05-27,,702.1649780273438,705.1722490585071,692.5984695791637,697.6421913176409,20439496.0,HDFCBANK.NS
2021-05-28,,712.015625,716.5384120604125,700.3180283108625,706.0721322104973,17750020.0,HDFCBANK.NS
2021-05-31,,717.8881225585938,719.6167297533075,704.4619187285587,710.3817667851011,15661054.0,HDFCBANK.NS
2021-06-01,,715.9226684570312,723.168585066384,713.8152258292779,719.9955698673149,11030162.0,HDFCBANK.NS
2021-06-02,,712.2760620117188,715.2122832918838,707.0665961326437,715.1175888548506,10624016.0,HDFCBANK.NS
2021-06-03,,720.1139526367188,722.1976927085534,704.5802496675188,714.1704026204795,10287260.0,HDFCBANK.NS
2021-06-04,,710.8317260742188,720.1614422686857,710.0029472600694,717.9592470003129,9424476.0,HDFCBANK.NS
2021-06-07,,710.3106689453125,717.0119480537238,708.4873674295712,715.1175968039121,8091668.0,HDFCBANK.NS
2021-06-08,,702.3544921875,710.9974705499297,701.6204078871059,708.7479282364206,9872540.0,HDFCBANK.NS
2021-06-09,,701.0520629882812,711.3288954100806,697.1449635294709,702.7569675535597,10223442.0,HDFCBANK.NS
2021-06-10,,701.4071655273438,705.1721650437056,697.9026045888342,701.9043979819736,11483540.0,HDFCBANK.NS
2021-06-11,,703.917236328125,708.7478667213167,701.4072555985663,706.1194312271526,7205974.0,HDFCBANK.NS
2021-06-14,,700.6495361328125,703.7515597392467,692.6459475501375,700.081253825398,8881964.0,HDFCBANK.NS
2021-06-15,,705.7642211914062,708.4873510500545,698.447312782573,703.751473035014,7569602.0,HDFCBANK.NS
2021-06-16,,703.0884399414062,707.540176846552,700.0101192255411,704.6986500319072,7702098.0,HDFCBANK.NS
2021-06-17,,694.3270874023438,700.3179848535726,691.4382132789289,694.2797401828149,9283802.0,HDFCBANK.NS
2021-06-18,,700.8152465820312,705.6458189970701,689.0702460676088,695.9372691383855,11938060.0,HDFCBANK.NS
2021-06-21,,705.0302124023438,706.4983809928871,690.9646763172761,692.0775962076742,7260472.0,HDFCBANK.NS
2021-06-22,,702.709716796875,714.1705203248955,700.9100597353087,708.9610536647007,14366824.0,HDFCBANK.NS
2021-06-23,,703.5147705078125,709.3399243472963,700.2470026908098,705.6459158913771,7844868.0,HDFCBANK.NS
2021-06-24,,713.3416748046875,716.7514840843272,704.6986968360997,705.6458725038901,14785024.0,HDFCBANK.NS
2021-06-25,,717.5328979492188,720.8006654850395,713.6968481510871,715.6385466601647,10383176.0,HDFCBANK.NS
2021-06-28,,714.336181640625,721.2742548134761,712.749673994932,719.8534913437187,9356786.0,HDFCBANK.NS
2021-06-29,,714.4313354492188,717.3564596471477,709.722512551715,716.7857178673613,10971692.0,HDFCBANK.NS
2021-06-30,,712.45751953125,717.7370848853583,710.6500735615214,712.5050716754585,9679022.0,HDFCBANK.NS
2021-07-01,,707.1539916992188,714.4074629441578,705.3703512291518,714.4074629441578,16911442.0,HDFCBANK.NS
2021-07-02,,704.1337890625,708.3431694594663,702.516609898695,706.321710020015,14827036.0,HDFCBANK.NS
2021-07-05,,711.2920532226562,715.5965956833905,706.1076510887453,708.6760470569808,7373882.0,HDFCBANK.NS
2021-07-06,,729.9608764648438,732.4817785375456,711.5537277221872,712.029365240718,17669032.0,HDFCBANK.NS
2021-07-07,,732.2439575195312,735.0264253821098,726.6314115936917,729.627951175681,9629190.0,HDFCBANK.NS
2021-07-08,,723.1829833984375,731.3877299302179,719.853521037715,725.3471571573934,8420922.0,HDFCBANK.NS
2021-07-09,,714.4075317382812,721.0664568010882,712.2671629680933,719.4255306350982,10695842.0,HDFCBANK.NS
2021-07-12,,707.27294921875,714.4075115847763,705.8460367455447,714.4075115847763,14458978.0,HDFCBANK.NS
2021-07-13,,714.336181640625,716.3576410548972,705.8936158516059,711.601265962492,18178142.0,HDFCBANK.NS
2021-07-14,,713.0519409179688,716.9521450358477,709.2230359732336,712.2671274624448,9788494.0,HDFCBANK.NS
2021-07-15,,723.302001953125,726.1796323666229,713.2898663223192,715.8345156127509,10438802.0,HDFCBANK.NS
2021-07-16,,724.086669921875,727.7015029771919,722.3981917888874,726.7502280646762,5170628.0,HDFCBANK.NS
2021-07-19,,699.662841796875,708.152960521866,697.284654027341,707.2730426593835,25111600.0,HDFCBANK.NS
2021-07-20,,686.416259765625,691.5769149534121,683.0867973139923,685.8692650363275,24174250.0,HDFCBANK.NS
2021-07-22,,689.0560302734375,698.4736760969855,687.2961947294137,692.5757594227039,13207114.0,HDFCBANK.NS
2021-07-23,,686.22607421875,693.2179229686257,682.6825977011295,690.3879027749199,13126684.0,HDFCBANK.NS
2021-07-26,,682.3258056640625,686.8205568594655,679.2579089216915,680.161631792961,13167166.0,HDFCBANK.NS
2021-07-27,,684.7991333007812,689.6268658388828,683.0630447053469,683.0630447053469,22401430.0,HDFCBANK.NS
2021-07-28,,674.1210327148438,684.2996284750666,667.7950309210904,682.5635980986397,20670342.0,HDFCBANK.NS
2021-07-29,,674.5728759765625,680.1378114327916,672.2184936053619,679.3292509173456,13702230.0,HDFCBANK.NS
2021-07-30,,678.4730834960938,680.9939854514296,669.6737898129428,674.9296073725011,11655488.0,HDFCBANK.NS
2021-08-02,,676.665771484375,682.5398836091144,673.6216795549884,682.5398836091144,13258786.0,HDFCBANK.NS
2021-08-03,,682.3971557617188,684.8705058077147,670.6489317422132,670.6489317422132,12033120.0,HDFCBANK.NS
2021-08-04,,696.9515991210938,701.3274405647641,684.9179480591796,685.3935855231096,22053948.0,HDFCBANK.NS
2021-08-05,,706.2503662109375,716.8095540851317,693.1941393958622,697.8078001562104,18822408.0,HDFCBANK.NS
2021-08-06,,709.9603271484375,713.4562511669117,701.0896761466853,705.632037503602,13339270.0,HDFCBANK.NS
2021-08-09,,715.311279296875,716.9522055194989,702.0409808514629,709.6511811858961,10998048.0,HDFCBANK.NS
2021-08-10,,717.0949096679688,722.8501119757157,708.224258418714,708.224258418714,14838346.0,HDFCBANK.NS
2021-08-11,,711.0542602539062,722.4220081617676,709.1993204454371,720.5432632537157,12585786.0,HDFCBANK.NS
2021-08-12,,714.1221313476562,717.0710605291638,708.3669293933626,712.0293148021268,8597674.0,HDFCBANK.NS
2021-08-13,,725.9179077148438,728.2009908715206,713.9318662953315,714.0269705680195,16658428.0,HDFCBANK.NS
2021-08-16,,728.0108032226562,730.1036199997209,723.6587081426609,725.8942394054524,6252778.0,HDFCBANK.NS
2021-08-17,,720.4244384765625,724.8716380293928,715.9772389237322,721.6372794121205,8282666.0,HDFCBANK.NS
2021-08-18,,719.6395263671875,744.5391374947473,717.4278004141593,740.4248615711514,22985932.0,HDFCBANK.NS
2021-08-20,,720.471923828125,722.8739164966347,706.8211504103504,706.8211504103504,13150406.0,HDFCBANK.NS
2021-08-23,,725.1569213867188,729.2236452390042,717.570526480986,727.6540182634369,10843054.0,HDFCBANK.NS
2021-08-24,,741.447509765625,744.1348732691891,726.5124805626797,727.725379419533,18381314.0,HDFCBANK.NS
2021-08-25,,740.7578735351562,744.2776027396884,736.2868693056814,738.2369714945701,7727974.0,HDFCBANK.NS
2021-08-26,,739.5211791992188,747.226483172308,734.1226473371297,737.2380960643395,11119002.0,HDFCBANK.NS
2021-08-27,,736.5008544921875,741.35239176859,734.9788377356009,738.189390820678,6382138.0,HDFCBANK.NS
2021-08-30,,745.9185180664062,746.750883701105,737.9991419868863,739.9016920090548,9049166.0,HDFCBANK.NS
2021-08-31,,752.1731567382812,753.100626642032,743.040881869667,743.6592338463132,12062576.0,HDFCBANK.NS
2021-09-01,,751.0791625976562,760.0687229354822,748.8912417158429,749.1290604651969,12422558.0,HDFCBANK.NS
2021-09-02,,755.7880249023438,757.2149374729586,747.3454588595391,748.701014189379,9618524.0,HDFCBANK.NS
2021-09-03,,749.6284790039062,760.0686985409808,745.9422885072275,754.4086008757728,10735334.0,HDFCBANK.NS
2021-09-06,,744.7056274414062,751.959099481168,742.9219867758911,751.4834619703639,7876896.0,HDFCBANK.NS
2021-09-07,,746.3942260742188,752.4586048427045,739.7114952656328,743.1836726085498,7245496.0,HDFCBANK.NS
2021-09-08,,749.794921875,751.7450238964017,744.6580139570113,747.6783002895594,6724080.0,HDFCBANK.NS
2021-09-09,,746.0849609375,751.2456161314306,742.4701275979534,748.6534150154891,8250948.0,HDFCBANK.NS
2021-09-13,,739.8779296875,753.4097932161694,738.9742068333936,742.9457683103893,8959164.0,HDFCBANK.NS
2021-09-14,,736.5485229492188,744.134918355455,735.620994925657,741.994549462774,9758506.0,HDFCBANK.NS
2021-09-15,,735.716064453125,739.5211642267409,730.1035190625556,730.1035190625556,14822998.0,HDFCBANK.NS
2021-09-16,,741.970703125,744.0397727219095,730.7219225742858,731.411573732443,10260550.0,HDFCBANK.NS
2021-09-17,,752.5299072265625,755.788012597511,741.6139914023458,746.2752622816204,20498102.0,HDFCBANK.NS
2021-09-20,,741.9232177734375,752.3158865869241,741.0432999217188,743.8971252102491,8781610.0,HDFCBANK.NS
2021-09-21,,738.1655883789062,746.1087693954601,727.2259259755568,742.9457684361612,14774996.0,HDFCBANK.NS
2021-09-22,,729.4852294921875,737.3095014073501,727.7253939209189,736.7625066558845,10582202.0,HDFCBANK.NS
2021-09-23,,746.7507934570312,747.7020683531549,733.4329449113008,733.4329449113008,13664304.0,HDFCBANK.NS
2021-09-24,,761.75732421875,764.8013580210053,749.1291243270337,751.0316744840547,20806702.0,HDFCBANK.NS
2021-09-27,,772.95849609375,777.9051377473095,764.8251063880609,768.487491944163,16415462.0,HDFCBANK.NS
2021-09-28,,768.1783447265625,776.2403768870238,752.458502595142,776.2403768870238,12773790.0,HDFCBANK.NS
2021-09-29,,758.0947875976562,764.1591654813507,753.9567647367983,759.5930572752828,16263036.0,HDFCBANK.NS
2021-09-30,,758.6180419921875,764.0403213516778,752.9817489724259,754.361109397566,15975348.0,HDFCBANK.NS
2021-10-01,,752.79150390625,755.7880436031745,744.4916521396281,752.9342183913312,11128596.0,HDFCBANK.NS
2021-10-04,,754.2421264648438,761.6620594673581,753.219494280695,755.7879482595848,7051028.0,HDFCBANK.NS
2021-10-05,,758.8558959960938,759.830976185328,749.7236783800458,757.2149696945492,10257178.0,HDFCBANK.NS
2021-10-06,,768.10693359375,773.7907779261905,754.8366370578069,759.1173741299684,18600830.0,HDFCBANK.NS
2021-10-07,,766.0142211914062,774.19516325999,764.3494898817696,773.6719736034911,11265724.0,HDFCBANK.NS
2021-10-08,,762.2803955078125,771.4839688507248,761.0913018443557,766.7275941968978,7245562.0,HDFCBANK.NS
2021-10-11,,777.0965576171875,782.4236743028476,760.5443496718865,760.9724350269096,13080848.0,HDFCBANK.NS
2021-10-12,,775.098876953125,780.7827800509983,772.9109560129631,772.9109560129631,8176946.0,HDFCBANK.NS
2021-10-13,,779.7600708007812,783.850541382647,775.289067022885,778.6185292739035,6225644.0,HDFCBANK.NS
2021-10-14,,802.5906982421875,803.8273440823788,779.0941950336901,779.0941950336901,14757288.0,HDFCBANK.NS
2021-10-18,,794.4573364257812,820.4746843514532,792.9115145567133,810.9619343879581,28856456.0,HDFCBANK.NS
2021-10-19,,803.208984375,804.9926249141711,794.7902242545991,796.9067878032625,8987540.0,HDFCBANK.NS
2021-10-20,,796.1458129882812,807.9891982795003,791.6748089028501,803.3992848197823,10908568.0,HDFCBANK.NS
2021-10-21,,797.3112182617188,799.9985238690318,789.9625835542432,795.1708493673277,9738190.0,HDFCBANK.NS
2021-10-22,,799.427734375,812.3888563513312,794.6713593378141,799.1185583853392,12175554.0,HDFCBANK.NS
2021-10-25,,788.13134765625,803.827385358517,767.5838306159519,803.827385358517,16426766.0,HDFCBANK.NS
2021-10-26,,786.1099243164062,796.1458645438692,783.0658325252933,784.8019211145486,12090656.0,HDFCBANK.NS
2021-10-27,,781.3773193359375,791.9602538614304,778.761313048737,786.1098893037489,13249642.0,HDFCBANK.NS
2021-10-28,,757.9758911132812,784.8018571141539,754.9080525326855,784.8018571141539,17797750.0,HDFCBANK.NS
2021-10-29,,752.8628540039062,761.9713243308421,741.9945480375242,756.2636739613226,12406874.0,HDFCBANK.NS
2021-11-01,,763.5408935546875,766.252004050304,753.1957780437663,753.885429186674,8122320.0,HDFCBANK.NS
2021-11-02,,764.2305908203125,771.4840630530865,761.043842637615,763.873862677717,13237722.0,HDFCBANK.NS
2021-11-03,,752.1969604492188,765.7288832277255,749.3907454269682,763.4457998232535,10207338.0,HDFCBANK.NS
2021-11-04,,758.142333984375,759.9973317587402,756.3111413083693,758.6417765602017,1096808.0,HDFCBANK.NS
2021-11-08,,761.1388549804688,763.2554184797219,746.9648352689229,757.2623980202548,18943580.0,HDFCBANK.NS
2021-11-09,,747.8211059570312,758.4515931319643,746.2990890867115,758.4515931319643,12695476.0,HDFCBANK.NS
2021-11-10,,739.7352294921875,746.2752451845312,737.2381325914745,745.7996076796335,13714126.0,HDFCBANK.NS
2021-11-11,,736.4296264648438,739.5688226168478,730.3889948696312,737.2619921599097,7999404.0,HDFCBANK.NS
2021-11-12,,738.6650390625,741.5426691680743,734.8837441539887,737.2381265594817,14914092.0,HDFCBANK.NS
2021-11-15,,740.6865844726562,747.6308811816832,739.3310290495845,742.9934150082311,9533594.0,HDFCBANK.NS
2021-11-16,,736.2869262695312,740.662768498323,733.2428343419601,739.6163891144192,8245406.0,HDFCBANK.NS
2021-11-17,,728.1058349609375,734.3842261047051,727.0118455965297,731.0072118067511,7598878.0,HDFCBANK.NS
2021-11-18,,732.1964111328125,734.1465133558511,725.4661286012387,725.8466618423676,9152874.0,HDFCBANK.NS
2021-11-22,,720.7572631835938,738.5223119294355,713.0044068868091,735.3355639518028,15261272.0,HDFCBANK.NS
2021-11-23,,720.8524169921875,726.6789762107248,711.7201424006887,714.4075058157676,11235214.0,HDFCBANK.NS
2021-11-24,,722.0415649414062,730.7456967746908,720.1390148495992,724.8715849784808,30802286.0,HDFCBANK.NS
2021-11-25,,725.799072265625,729.2950545918285,716.7857642148182,720.4957602069751,10251652.0,HDFCBANK.NS
2021-11-26,,708.6522216796875,716.6428957020347,706.3215866502159,713.4561481315311,18624936.0,HDFCBANK.NS
2021-11-29,,714.0507202148438,717.0948115002752,695.3819503441143,710.9828818936928,12990996.0,HDFCBANK.NS
2021-11-30,,710.388427734375,727.2497542737889,707.058965157582,711.0780789007943,25221542.0,HDFCBANK.NS
2021-12-01,,715.66796875,716.8095103506997,708.2717824753072,711.0780553091722,8677634.0,HDFCBANK.NS
2021-12-02,,725.7039184570312,727.15463606218,713.4562527842353,715.596621542588,11203110.0,HDFCBANK.NS
2021-12-03,,719.901123046875,730.5553560310378,716.809479461367,725.7276821118706,8124694.0,HDFCBANK.NS
2021-12-06,,715.2637329101562,722.3982957810733,712.1958360389292,719.6395749131635,7029532.0,HDFCBANK.NS
2021-12-07,,725.6801147460938,728.6766542380091,718.165077039117,720.0913740885894,12427534.0,HDFCBANK.NS
2021-12-08,,739.0455932617188,739.6401401548495,729.6279472500399,730.5792222790491,15295534.0,HDFCBANK.NS
2021-12-09,,726.2271118164062,739.4736046987022,723.9202815328325,734.9550484079257,11747744.0,HDFCBANK.NS
2021-12-10,,724.181884765625,726.7740858657247,717.4753496970789,725.2996212566436,7779384.0,HDFCBANK.NS
2021-12-13,,718.7596435546875,731.3640377223576,716.8808405306988,725.8228490514963,10322142.0,HDFCBANK.NS
2021-12-14,,714.62158203125,721.0664937719724,712.0531858243114,714.6453871321823,9191100.0,HDFCBANK.NS
2021-12-15,,713.456298828125,724.5624236009718,711.387287173768,714.8832114257813,10115148.0,HDFCBANK.NS
2021-12-16,,713.5037841796875,721.5420693396168,710.6024071149554,719.5444151143828,13210432.0,HDFCBANK.NS
2021-12-17,,700.6378173828125,716.3100492192655,698.0931104004245,712.0293118733335,14994768.0,HDFCBANK.NS
2021-12-20,,678.0927124023438,693.4795761596208,672.5990752514857,690.6257507433261,21156668.0,HDFCBANK.NS
2021-12-21,,685.774169921875,690.0311023174055,680.1616242039565,684.6801804486681,9118750.0,HDFCBANK.NS
2021-12-22,,687.391357421875,692.5282661369407,682.8728007403497,690.7684304433625,8577484.0,HDFCBANK.NS
2021-12-23,,686.8681640625,693.3844332367066,683.4197918766113,691.2202591921077,9779166.0,HDFCBANK.NS
2021-12-24,,684.394775390625,690.6256147099941,679.2103152933,687.5339711179728,5561024.0,HDFCBANK.NS
2021-12-27,,690.0548706054688,691.5768872980073,676.4278453611157,679.6383983110893,4705098.0,HDFCBANK.NS
2021-12-28,,694.811279296875,697.7126564182305,691.2915502045277,694.7636690981695,5450678.0,HDFCBANK.NS
2021-12-29,,691.5055541992188,694.906373869757,688.4377156088801,692.5519915154243,7668702.0,HDFCBANK.NS
2021-12-30,,695.1442260742188,697.6888751595437,687.2962071004079,693.7173135335258,7215918.0,HDFCBANK.NS
2021-12-31,,703.658203125,706.2266575074009,695.1442793672378,695.1442793672378,6325736.0,HDFCBANK.NS
2022-01-03,,722.8025512695312,724.3959253104654,704.1813312029835,706.3216999908345,9069184.0,HDFCBANK.NS
2022-01-04,,727.0357055664062,729.1047170271323,717.1662276895983,722.9689818191866,8857352.0,HDFCBANK.NS
2022-01-05,,744.3013305664062,747.7021503050373,726.8216524342752,730.9597335226943,14332638.0,HDFCBANK.NS
2022-01-06,,732.3628540039062,739.4974166342414,727.7491933941105,733.9086759071455,9628930.0,HDFCBANK.NS
2022-01-07,,737.499755859375,745.2050602081262,730.5316548059,734.3843069802756,11179384.0,HDFCBANK.NS
2022-01-10,,741.5902099609375,747.7021401431209,735.0977465592833,741.0432152309048,8856496.0,HDFCBANK.NS
2022-01-11,,744.8008422851562,746.1325925725578,736.191814344952,742.7318305795472,8389198.0,HDFCBANK.NS
2022-01-12,,740.401123046875,749.9138730090968,738.1893970684148,745.7995970381922,21085530.0,HDFCBANK.NS
2022-01-13,,726.7740478515625,739.6162594300914,723.1592147231823,739.6162594300914,41963896.0,HDFCBANK.NS
2022-01-14,,734.9312744140625,736.6197526556398,722.4933425207672,727.7253548760855,11208968.0,HDFCBANK.NS
2022-01-17,,723.6824951171875,740.0919897485006,722.5647585444003,727.7254140843227,22989372.0,HDFCBANK.NS
2022-01-18,,727.36865234375,737.6662159084163,724.3959179463994,729.1522929821604,12341152.0,HDFCBANK.NS
2022-01-19,,722.2318115234375,732.3629145201494,719.8060716409249,729.6279986191973,14317626.0,HDFCBANK.NS
2022-01-20,,717.737060546875,727.0119927408207,713.5038747538036,726.9881876389107,15197846.0,HDFCBANK.NS
2022-01-21,,723.7300415039062,727.6303040191038,706.6070907204011,713.4562826460474,11537694.0,HDFCBANK.NS
2022-01-24,,707.1065063476562,723.5635523601698,698.0218416410312,718.1888253449379,11868508.0,HDFCBANK.NS
2022-01-25,,707.7723999023438,711.0780572785832,686.8205449567051,693.7886458927823,13594248.0,HDFCBANK.NS
2022-01-27,,701.54150390625,706.321683981928,682.5398091003816,689.6743715648455,28617838.0,HDFCBANK.NS
2022-01-28,,695.9765625,707.1302385002696,694.4307406458227,702.7543967837006,24925208.0,HDFCBANK.NS
2022-01-31,,706.6546020507812,709.4371278413857,697.6650998575648,700.4951197241377,12842546.0,HDFCBANK.NS
2022-02-01,,712.0294189453125,721.5421700334263,700.8281313145686,717.499250820978,14739484.0,HDFCBANK.NS
2022-02-02,,728.296142578125,730.1035883666477,716.1198337589774,719.1401203787386,13969290.0,HDFCBANK.NS
2022-02-03,,720.7572631835938,732.457933895551,717.7369767162163,727.1308172000766,10564762.0,HDFCBANK.NS
2022-02-04,,724.87158203125,729.0809624800141,720.1627589609288,726.9643987359728,11579958.0,HDFCBANK.NS
2022-02-07,,698.3071899414062,722.4933446051142,694.4307328001756,719.2114343241577,12268042.0,HDFCBANK.NS
2022-02-08,,695.3106689453125,703.2062398464973,687.0821750180488,702.23121780657,13981130.0,HDFCBANK.NS
2022-02-09,,712.314697265625,713.3135243877856,697.7602016051236,701.0896640531371,11308342.0,HDFCBANK.NS
2022-02-10,,725.3947143554688,730.3413557953064,714.2410385936968,720.1151499017218,14314530.0,HDFCBANK.NS
2022-02-11,,722.4220581054688,725.3472405566795,713.2184834195023,713.5752115705957,10711104.0,HDFCBANK.NS
2022-02-14,,700.9469604492188,713.1946260728857,698.8542018984211,708.6998749228623,14656620.0,HDFCBANK.NS
2022-02-15,,721.9226684570312,725.2996833180713,700.6378889247106,702.0409964179948,13135066.0,HDFCBANK.NS
2022-02-16,,720.9475708007812,729.9846836790362,716.7857425015849,729.7944170588287,10032264.0,HDFCBANK.NS
2022-02-17,,716.5479125976562,723.9202940415751,714.4075437913573,719.6871085679842,7351208.0,HDFCBANK.NS
2022-02-18,,719.3303833007812,721.5421093550166,708.9139101230298,712.6477110600987,7796128.0,HDFCBANK.NS
2022-02-21,,723.9677734375,728.058244021846,711.3396335859223,715.3587469383176,7468066.0,HDFCBANK.NS
2022-02-22,,718.5455322265625,723.9678112195843,707.7247793394828,708.6047551441089,9536196.0,HDFCBANK.NS
2022-02-23,,713.8843383789062,725.6801135920207,711.3872414933543,725.3947427030585,9029562.0,HDFCBANK.NS
2022-02-24,,675.119873046875,701.5415010977686,669.2933137242217,689.6268166665427,23630766.0,HDFCBANK.NS
2022-02-25,,692.5758056640625,697.2370767488001,681.5172329343914,684.8942478331431,18318654.0,HDFCBANK.NS
2022-02-28,,678.3779907226562,684.2283552518861,672.5752363928466,678.2590813465437,24880832.0,HDFCBANK.NS
2022-03-02,,653.6448364257812,665.1314936990638,644.2034436334029,659.4713958190617,38505560.0,HDFCBANK.NS
2022-03-03,,652.0990600585938,662.0874482870623,648.2464076398575,656.8554354054835,17527922.0,HDFCBANK.NS
2022-03-04,,649.9586791992188,659.2336109550803,635.8798200435912,646.8670352805982,21219364.0,HDFCBANK.NS
2022-03-07,,630.1246337890625,633.715662365495,616.9256921049088,627.1280940741168,27054458.0,HDFCBANK.NS
2022-03-08,,631.551513671875,634.5004430311901,614.5236674634915,619.3751468768733,39212492.0,HDFCBANK.NS
2022-03-09,,652.1703491210938,653.8588273559873,627.2944854329724,632.5978550025679,23134694.0,HDFCBANK.NS
2022-03-10,,662.4202880859375,678.734676699917,656.4986247477649,678.734676699917,22273206.0,HDFCBANK.NS
2022-03-11,,664.3704833984375,670.149432575976,652.9075731964616,660.1848501728542,15150780.0,HDFCBANK.NS
2022-03-14,,686.1309814453125,689.6744580223857,673.0271435183971,673.0271435183971,25018126.0,HDFCBANK.NS
2022-03-15,,677.3078002929688,689.436556548215,671.4812409154484,686.5827315469807,18867928.0,HDFCBANK.NS
2022-03-16,,688.7944946289062,692.052600068531,683.1105913586209,688.2474998619687,13364108.0,HDFCBANK.NS
2022-03-17,,703.9673461914062,708.6048120871039,699.4487896776494,700.1384408684183,14823954.0,HDFCBANK.NS
2022-03-21,,707.03515625,710.4359760473683,700.5189456092843,707.2729750042046,12257876.0,HDFCBANK.NS
2022-03-22,,710.6737670898438,712.5049598135698,693.0989270027054,704.561836957358,10461814.0,HDFCBANK.NS
2022-03-23,,703.5867919921875,722.3982788795391,700.8994284281059,716.785732994576,31188256.0,HDFCBANK.NS
2022-03-24,,686.178466796875,699.0206795927611,682.3258145703531,697.2845910655177,20160044.0,HDFCBANK.NS
2022-03-25,,680.5897216796875,690.6256614843303,674.9296237233227,690.1500239764209,16366462.0,HDFCBANK.NS
2022-03-28,,681.4934692382812,683.966761144496,666.6535436173285,680.58974632828,15754886.0,HDFCBANK.NS
2022-03-29,,690.5305786132812,694.5496924552175,680.16165739494,685.3936701441318,12377448.0,HDFCBANK.NS
2022-03-30,,702.4928588867188,705.2515799115708,691.6008053997855,700.138476229865,20109742.0,HDFCBANK.NS
2022-03-31,,699.3536376953125,706.1790247075883,697.2370738898979,699.6628137051833,14295714.0,HDFCBANK.NS
2022-04-01,,716.31005859375,718.2126085501743,699.3298234571498,702.2312005284535,14568556.0,HDFCBANK.NS
2022-04-04,,788.0361938476562,819.0952862089551,743.2073617126769,751.5072124484601,97450970.0,HDFCBANK.NS
2022-04-05,,764.9440307617188,792.7450201895066,761.9712963036054,792.7450201895066,30922582.0,HDFCBANK.NS
2022-04-06,,737.6423950195312,756.1685102240006,735.9776637926485,755.1696250388968,27027860.0,HDFCBANK.NS
2022-04-07,,721.4232177734375,733.1238893042467,719.9725000942207,733.1001422646726,40781732.0,HDFCBANK.NS
2022-04-08,,720.4244384765625,725.7040037554764,712.1721384616357,719.211539479779,41256322.0,HDFCBANK.NS
2022-04-11,,711.6250610351562,718.2126288330701,710.245700665551,716.3100788229164,20799066.0,HDFCBANK.NS
2022-04-12,,710.3646240234375,716.7143731950656,704.0148748518094,705.8460676603825,27435402.0,HDFCBANK.NS
2022-04-13,,696.78515625,714.5502639320367,695.691224799288,708.6998992573039,28892520.0,HDFCBANK.NS
2022-04-18,,663.7283325195312,680.9464450214841,661.15993644386,674.8582617385757,45620376.0,HDFCBANK.NS
2022-04-19,,638.400634765625,660.9221170332797,631.1709679279387,656.8078410106541,74096022.0,HDFCBANK.NS
2022-04-20,,644.1558837890625,646.8194421533099,635.142518406885,644.2271829644586,49325736.0,HDFCBANK.NS
2022-04-21,,653.6923828125,656.2846420095574,643.6802483309051,649.2451838249173,52446270.0,HDFCBANK.NS
2022-04-22,,644.774169921875,654.168010350688,641.706331335433,646.8669864904109,20659148.0,HDFCBANK.NS
2022-04-25,,649.6019897460938,651.9326253742684,628.9117561352901,642.11069826632,20935488.0,HDFCBANK.NS
2022-04-26,,652.5985107421875,657.3072759446977,645.5114997756818,652.5747056406705,17016842.0,HDFCBANK.NS
2022-04-27,,652.8363647460938,655.904203823752,645.012091944963,646.8670900654843,18054334.0,HDFCBANK.NS
2022-04-28,,652.2655639648438,655.9042029538817,647.8659164831008,652.574739994725,20773722.0,HDFCBANK.NS
2022-04-29,,658.5676879882812,668.1517954743881,652.3606532888389,656.5462285607915,28401476.0,HDFCBANK.NS
2022-05-02,,667.6522827148438,668.9602857363819,647.8420288557909,647.8420288557909,19494316.0,HDFCBANK.NS
2022-05-04,,644.9644165039062,667.6047487158417,642.1105916521191,665.8924654170124,29055916.0,HDFCBANK.NS
2022-05-05,,643.5137329101562,654.0015630179496,640.4458942572139,654.0015630179496,17862912.0,HDFCBANK.NS
2022-05-06,,626.699951171875,634.9760551888268,624.5120303093106,632.5978677162095,26731268.0,HDFCBANK.NS
2022-05-09,,627.7701416015625,630.9331425829555,616.1883801102291,618.32874885627,32762434.0,HDFCBANK.NS
2022-05-10,,637.8536987304688,643.537543685614,625.4871236116026,625.4871236116026,20113812.0,HDFCBANK.NS
2022-05-11,,641.4447021484375,644.4887936717504,631.9557575251372,643.5375186995411,17102924.0,HDFCBANK.NS
2022-05-12,,626.9856567382812,638.4133907389254,622.1498973824371,635.6706993369925,22382290.0,HDFCBANK.NS
2022-05-13,,621.35595703125,634.1790892090257,619.262889083472,630.353829122959,16768238.0,HDFCBANK.NS
2022-05-16,,627.9719848632812,631.292053906236,618.4448991695826,625.0368734940553,9804356.0,HDFCBANK.NS
2022-05-17,,632.25439453125,633.6978977151113,624.6519209350625,631.5807479648557,16641444.0,HDFCBANK.NS
2022-05-18,,632.206298828125,641.5409646353346,630.3297329141748,637.0901630861314,15732384.0,HDFCBANK.NS
2022-05-19,,619.2869873046875,623.7858941010936,615.0767694162303,618.8779477207698,20537506.0,HDFCBANK.NS
2022-05-20,,635.5985717773438,637.1623671024004,621.837184664106,626.961633399629,13919350.0,HDFCBANK.NS
2022-05-23,,627.4427490234375,639.9290287015857,625.0850152898169,632.2544265466233,19486320.0,HDFCBANK.NS
2022-05-24,,634.6361694335938,637.5472577654566,624.0264559706711,625.5180642227122,12870796.0,HDFCBANK.NS
2022-05-25,,639.375732421875,642.8160348600121,636.6811460213428,639.9531102298189,12887112.0,HDFCBANK.NS
2022-05-26,,657.6119384765625,659.6809832899339,644.7647830842534,645.7993054909392,26992428.0,HDFCBANK.NS
2022-05-27,,669.8095703125,671.0846178237094,659.5606740424182,660.0659236596756,24031718.0,HDFCBANK.NS
2022-05-30,,674.3806762695312,683.4987815396562,672.8890092715018,678.5668121550864,12624674.0,HDFCBANK.NS
2022-05-31,,668.3179321289062,675.944488061126,664.0115042012508,671.662083279525,13485388.0,HDFCBANK.NS
2022-06-01,,671.1568603515625,673.8513881488794,663.6025497657505,664.0115306279351,12091896.0,HDFCBANK.NS
2022-06-02,,666.4653930664062,667.8607911929586,663.3378029059205,667.4999154052102,11475020.0,HDFCBANK.NS
2022-06-03,,664.1558837890625,673.995741003826,662.231212745682,672.8169034842749,6957244.0,HDFCBANK.NS
2022-06-06,,663.2657470703125,667.3797553581381,654.7009952570307,662.2312832633797,6173266.0,HDFCBANK.NS
2022-06-07,,655.6392211914062,661.2689195958052,651.5492949621544,655.3505322636607,10253966.0,HDFCBANK.NS
2022-06-08,,657.94873046875,664.4925994985958,652.9445745978237,660.7876316707815,5986588.0,HDFCBANK.NS
2022-06-09,,662.90478515625,664.9979118561328,653.016823143348,655.4707669191479,7311816.0,HDFCBANK.NS
2022-06-10,,650.1057739257812,658.2134392480132,646.4970155862447,654.4362839332251,9155430.0,HDFCBANK.NS
2022-06-13,,638.317138671875,639.9531208031428,629.511803905611,636.8736353918679,10892572.0,HDFCBANK.NS
2022-06-14,,631.2921142578125,638.0284630380025,627.9239398677174,630.9312384303023,11870356.0,HDFCBANK.NS
2022-06-15,,629.102783203125,633.1205811087782,624.7482500861813,626.3120453531265,11810470.0,HDFCBANK.NS
2022-06-16,,616.5202026367188,635.4060350189333,614.9323257189839,630.3296922471587,12169192.0,HDFCBANK.NS
2022-06-17,,620.5861206054688,625.0369224008559,611.8529139840168,613.4888961209325,14723922.0,HDFCBANK.NS
2022-06-20,,636.1759643554688,637.547280721459,622.703267102487,627.7795517185277,15936840.0,HDFCBANK.NS
2022-06-21,,643.1048583984375,651.5012131681581,637.0902607879485,643.2732553842702,13220684.0,HDFCBANK.NS
2022-06-22,,640.0733642578125,643.2971645111071,636.6811083122385,641.0356997049206,8159698.0,HDFCBANK.NS
2022-06-23,,642.4310913085938,648.6140847460432,634.4196370457403,640.1936496695923,15372244.0,HDFCBANK.NS
2022-06-24,,651.4049072265625,655.1820622227635,644.067099221751,644.067099221751,8013432.0,HDFCBANK.NS
2022-06-27,,652.583740234375,662.0868029953917,650.5387773617512,659.1997965869816,9804164.0,HDFCBANK.NS
2022-06-28,,647.6036987304688,650.0576425546589,643.9949405371601,646.6894682409041,9770574.0,HDFCBANK.NS
2022-06-29,,646.6653442382812,649.9373082816165,640.5545375901551,640.5545375901551,9994046.0,HDFCBANK.NS
2022-06-30,,648.6141967773438,651.5012035879254,642.8401831561805,642.8401831561805,12475822.0,HDFCBANK.NS
2022-07-01,,651.380859375,654.3881578947369,639.9772068826776,646.6653918015329,11472452.0,HDFCBANK.NS
2022-07-04,,652.2950439453125,654.4843218717582,645.8473846257052,651.35673163144,8487480.0,HDFCBANK.NS
2022-07-05,,650.8275146484375,663.6987525096566,648.7585284770123,656.3128389795442,14325718.0,HDFCBANK.NS
2022-07-06,,659.80126953125,660.835791929005,648.18105675633,648.6141194735643,15049078.0,HDFCBANK.NS
2022-07-07,,671.6139526367188,672.6724981664967,661.3409744346241,664.0114788767993,17743142.0,HDFCBANK.NS
2022-07-08,,672.239501953125,678.4465781386755,671.1087694034876,678.4465781386755,12474030.0,HDFCBANK.NS
2022-07-11,,676.5940551757812,678.3984342696596,670.3869793455802,670.7478551643559,7462880.0,HDFCBANK.NS
2022-07-12,,669.6893310546875,676.1610141176355,668.5345166503326,676.1610141176355,9876974.0,HDFCBANK.NS
2022-07-13,,653.3536987304688,670.844136867853,651.6215063626066,668.823255561398,15945610.0,HDFCBANK.NS
2022-07-14,,650.0817260742188,660.4749379498609,649.215600611124,655.350489555198,10372410.0,HDFCBANK.NS
2022-07-15,,655.37451171875,656.745827963444,648.0367040425124,651.0199203901375,13595646.0,HDFCBANK.NS
2022-07-18,,648.3976440429688,657.3232708257327,645.7512213402739,648.6141460423058,20332220.0,HDFCBANK.NS
2022-07-19,,648.63818359375,653.690444771779,643.3212566690205,643.3212566690205,15792538.0,HDFCBANK.NS
2022-07-20,,656.8180541992188,659.7290838164299,652.1025868008825,654.3400285637287,20347862.0,HDFCBANK.NS
2022-07-21,,654.7490234375,658.9592412990309,653.473917137891,654.6528133808986,12640278.0,HDFCBANK.NS
2022-07-22,,670.0260620117188,672.1913167902127,655.5429251294964,657.2751172050325,12729592.0,HDFCBANK.NS
2022-07-25,,671.9989013671875,675.8482435588785,665.5994052152816,671.2290446761094,10143126.0,HDFCBANK.NS
2022-07-26,,670.6275024414062,674.5971360881447,667.0428264609901,671.7101297996077,8527964.0,HDFCBANK.NS
2022-07-27,,675.751953125,676.5218097245117,666.0564118856013,668.2938535156615,9212778.0,HDFCBANK.NS
2022-07-28,,681.7425537109375,685.182915066855,678.9277339602053,680.8764869533358,17420406.0,HDFCBANK.NS
2022-07-29,,690.0907592773438,692.2079091114783,680.9967358477592,691.9192202105274,20019736.0,HDFCBANK.NS
2022-08-01,,695.8407592773438,696.9474098698968,688.0939701842794,692.4003980885738,13193036.0,HDFCBANK.NS
2022-08-02,,688.190185546875,695.094931123578,684.7258011854689,693.8439067006424,15036510.0,HDFCBANK.NS
2022-08-03,,689.8020629882812,690.8365853805471,681.8146902206062,685.6399502739025,10975498.0,HDFCBANK.NS
2022-08-04,,688.9840698242188,696.1053168364679,679.8659062909707,692.8815166078793,12012206.0,HDFCBANK.NS
2022-08-05,,686.6504516601562,691.4139653304088,683.8115502270574,689.5133762386452,9268982.0,HDFCBANK.NS
2022-08-08,,703.4913940429688,704.6702316392747,686.674544464695,687.1076072249125,15357736.0,HDFCBANK.NS
2022-08-10,,705.5362548828125,708.0383035448924,697.2361116710222,703.154439415044,17353102.0,HDFCBANK.NS
2022-08-11,,714.8709716796875,717.4211844953526,709.5059977383994,715.2559294113627,18301766.0,HDFCBANK.NS
2022-08-12,,714.6063232421875,716.6031812290219,710.1795445295438,714.5341363296417,8850370.0,HDFCBANK.NS
2022-08-16,,722.7861938476562,725.8415975092017,716.0017398840251,719.2496224051965,12563756.0,HDFCBANK.NS
2022-08-17,,726.5152587890625,727.88657524504,714.8950448985743,721.7516859147646,12384350.0,HDFCBANK.NS
2022-08-18,,727.3812866210938,728.4398909455316,721.5832502964957,721.7516472669315,8342138.0,HDFCBANK.NS
2022-08-19,,718.4075317382812,727.5256370949188,716.939946608088,726.563301596116,8063702.0,HDFCBANK.NS
2022-08-22,,707.4850463867188,716.1460665835506,706.2099399993691,714.4379561754013,8234066.0,HDFCBANK.NS
2022-08-23,,705.2957153320312,710.1795210324121,697.8857201939286,699.2811184238794,14966884.0,HDFCBANK.NS
2022-08-24,,708.6878662109375,709.9629724189963,702.1199150712563,703.4191031598855,13455520.0,HDFCBANK.NS
2022-08-25,,704.838623046875,715.400291243383,701.0614676554292,712.0802217563679,11823040.0,HDFCBANK.NS
2022-08-26,,704.9588623046875,712.9943990116683,703.0822963230394,708.303013425697,7706176.0,HDFCBANK.NS
2022-08-29,,692.5928955078125,695.7685910224809,687.3962601301372,691.4380811198513,8653178.0,HDFCBANK.NS
2022-08-30,,715.0633544921875,716.9158385123882,694.3731420244557,695.9850421787525,10135400.0,HDFCBANK.NS
2022-09-01,,708.3511352539062,716.6753023262013,702.023767412422,704.7904820543832,22403136.0,HDFCBANK.NS
2022-09-02,,714.7747192382812,717.1805580778581,705.0069900550793,708.351141283871,12038086.0,HDFCBANK.NS
2022-09-05,,719.369873046875,721.2704621778411,714.101050906599,715.0633864131738,12131932.0,HDFCBANK.NS
2022-09-06,,716.627197265625,724.951423073854,715.2317990033503,721.2223729044177,12238696.0,HDFCBANK.NS
2022-09-07,,713.2349853515625,716.9399535633776,707.9421400567993,707.9421400567993,9776206.0,HDFCBANK.NS
2022-09-08,,720.5968627929688,721.7516772237872,713.1628440120845,716.9881044068499,11164690.0,HDFCBANK.NS
2022-09-09,,721.0780029296875,726.0821594471598,718.8887248344994,719.9231885431478,15128888.0,HDFCBANK.NS
2022-09-12,,718.6481323242188,723.6763119278681,716.9399632796035,721.7516408855068,11080492.0,HDFCBANK.NS
2022-09-13,,728.0548706054688,729.4021637256475,721.0539154710427,721.2223124269915,13001966.0,HDFCBANK.NS
2022-09-14,,735.537109375,740.4690789237419,718.0706961615213,718.8887165967504,20219760.0,HDFCBANK.NS
2022-09-15,,731.7117919921875,741.4554391702014,727.5256559583752,736.1866756721654,13539372.0,HDFCBANK.NS
2022-09-16,,718.26318359375,728.8247925761237,713.5717978693896,723.2432582308112,20560046.0,HDFCBANK.NS
2022-09-19,,723.002685546875,728.4880099183553,712.1283056005058,716.4588155669953,12076038.0,HDFCBANK.NS
2022-09-20,,731.7117919921875,733.299669100902,726.5152154056927,728.4879914821296,10781668.0,HDFCBANK.NS
2022-09-21,,730.5810546875,732.0967448746909,724.1574768560039,725.6009801321287,9072304.0,HDFCBANK.NS
2022-09-22,,715.0153198242188,726.6355334380704,713.4515245419652,722.7140042906975,12048144.0,HDFCBANK.NS
2022-09-23,,695.8407592773438,709.7224372346395,691.438062580459,708.4473309391279,15806252.0,HDFCBANK.NS
2022-09-26,,686.4580078125,691.1734166960763,682.2958948729614,685.8324662197185,8923486.0,HDFCBANK.NS
2022-09-27,,680.299072265625,692.881621797613,677.0030846314178,689.2247583187195,12639700.0,HDFCBANK.NS
2022-09-28,,668.6066284179688,678.7351736760943,666.8503544937673,676.5218139126857,11816132.0,HDFCBANK.NS
2022-09-29,,665.1422119140625,674.6933797809945,663.434101683277,671.8545371114053,14410388.0,HDFCBANK.NS
2022-09-30,,683.90771484375,688.7674969815789,656.7939260539112,663.4340639656767,15781756.0,HDFCBANK.NS
2022-10-03,,679.9862670898438,682.22370896109,674.1641488370536,678.4224718418965,11541112.0,HDFCBANK.NS
2022-10-04,,699.1367797851562,701.5426186694823,686.2174367235855,687.8293370288237,11538526.0,HDFCBANK.NS
2022-10-06,,691.4380493164062,703.7559318367181,690.0907561363719,702.4808255656671,12549198.0,HDFCBANK.NS
2022-10-07,,688.454833984375,690.4516331398249,683.4265958004532,688.1901682297433,13297994.0,HDFCBANK.NS
2022-10-10,,680.8523559570312,686.1452011270152,672.7687143847188,677.4841817579505,13109302.0,HDFCBANK.NS
2022-10-11,,673.9476318359375,681.8147129301799,673.3701952846903,674.1641338324686,14521620.0,HDFCBANK.NS
2022-10-12,,678.350341796875,680.7802037798269,672.3357447059547,675.1745875438293,9225050.0,HDFCBANK.NS
2022-10-13,,670.555419921875,676.6422042083251,665.9362208884066,674.6213229862772,14714234.0,HDFCBANK.NS
2022-10-14,,692.4004516601562,696.249793990442,680.9727166171202,681.8147602518703,12849920.0,HDFCBANK.NS
2022-10-17,,696.0332641601562,701.3501327995798,686.626410721968,690.4757528984051,18410500.0,HDFCBANK.NS
2022-10-18,,694.7340698242188,703.90033929577,692.8815856653596,701.5666873690876,10561108.0,HDFCBANK.NS
2022-10-19,,701.8554077148438,710.8773037655702,699.3292768206403,704.4296436407238,12967040.0,HDFCBANK.NS
2022-10-20,,697.1159057617188,699.0886819198254,694.0845252418784,694.8062769145736,7898078.0,HDFCBANK.NS
2022-10-21,,692.2078857421875,701.3741545079234,689.9945259278926,698.6555450817992,10492606.0,HDFCBANK.NS
2022-10-24,,703.0101928710938,703.9484465267632,699.7623104281301,699.7623104281301,2167794.0,HDFCBANK.NS
2022-10-25,,698.1262817382812,706.2580282452401,695.287380341186,703.0341691638182,13773394.0,HDFCBANK.NS
2022-10-27,,699.8103637695312,706.0414624275766,698.2946736608377,704.6701461335379,15937276.0,HDFCBANK.NS
2022-10-28,,701.8793334960938,705.8730490883848,696.442173472227,697.6931978037887,10474278.0,HDFCBANK.NS
2022-10-31,,720.163818359375,720.7893599900692,705.9934502305936,708.2789972666101,12830528.0,HDFCBANK.NS
2022-11-01,,728.1270141601562,735.7054053532985,721.222269486996,723.4356291358301,19073756.0,HDFCBANK.NS
2022-11-02,,728.5841674804688,735.34459771333,727.33314310533,729.931460645262,12720406.0,HDFCBANK.NS
2022-11-03,,725.384521484375,731.4953288906344,720.3081778321194,720.6449717888227,10332352.0,HDFCBANK.NS
2022-11-04,,720.38037109375,729.4984772519798,716.7475307718796,723.2914009917648,10818060.0,HDFCBANK.NS
2022-11-07,,725.9859619140625,727.5256752984809,717.9504248353214,726.5633397491442,9835834.0,HDFCBANK.NS
2022-11-09,,725.7693481445312,730.38854669658,723.6762802249166,728.9932072410344,9269790.0,HDFCBANK.NS
2022-11-10,,733.6605834960938,734.743211017239,719.3699237114974,720.3562824334263,12774182.0,HDFCBANK.NS
2022-11-11,,775.2334594726562,787.6716345011165,740.0360255728266,743.4041999414936,56722338.0,HDFCBANK.NS
2022-11-14,,777.1099853515625,783.341084117066,768.9060518544665,775.6424002436796,19195390.0,HDFCBANK.NS
2022-11-15,,779.0106201171875,781.0074781111963,772.3945632755499,781.0074781111963,11030202.0,HDFCBANK.NS
2022-11-16,,785.6987915039062,790.0774060630871,775.6423742836154,778.8421514086572,13578150.0,HDFCBANK.NS
2022-11-17,,778.6016235351562,785.0492832742325,776.5566605526772,778.5775416526076,12100930.0,HDFCBANK.NS
2022-11-18,,776.556640625,780.9352553866862,772.3945278555009,779.9729198902146,10459232.0,HDFCBANK.NS
2022-11-21,,768.5933227539062,775.6424423049926,765.1529614641645,773.5493742606727,8344816.0,HDFCBANK.NS
2022-11-22,,767.4625244140625,771.9614309133688,765.537853506441,769.8683630485893,8546314.0,HDFCBANK.NS
2022-11-23,,769.4594116210938,772.2742311837565,766.9813859856123,772.2742311837565,10185738.0,HDFCBANK.NS
2022-11-24,,781.9698486328125,785.2658362595581,769.4594860453441,772.7313917879773,17197960.0,HDFCBANK.NS
2022-11-25,,778.3610229492188,785.1213945985398,776.6528539412901,784.1590590980275,8410496.0,HDFCBANK.NS
2022-11-28,,769.9887084960938,773.4530928760762,767.0054918764588,771.2638148082744,16105980.0,HDFCBANK.NS
2022-11-29,,768.8338623046875,775.8107945409757,766.4280236025191,768.5451734076865,12638236.0,HDFCBANK.NS
2022-11-30,,773.9342041015625,776.0754357204742,768.4729621678146,768.4729621678146,15184806.0,HDFCBANK.NS
2022-12-01,,779.251220703125,787.6716568638566,777.0859656903655,780.454140154658,20446366.0,HDFCBANK.NS
2022-12-02,,773.28466796875,778.8180970128258,772.3464143644907,774.6800661706023,7811078.0,HDFCBANK.NS
2022-12-05,,776.0994873046875,776.893425827618,768.0399276122688,774.6559840761946,11592622.0,HDFCBANK.NS
2022-12-06,,775.2334594726562,776.4604020366052,769.8684271238768,770.3495948908293,12353092.0,HDFCBANK.NS
2022-12-07,,774.8966064453125,778.8181354914701,772.0095998448971,776.6769624240152,11674720.0,HDFCBANK.NS
2022-12-08,,779.251220703125,782.378811277111,772.2742878842332,774.6801267872993,14803634.0,HDFCBANK.NS
2022-12-09,,784.8087158203125,786.637118107019,779.4917884600618,782.3787950839879,11963384.0,HDFCBANK.NS
2022-12-12,,790.9194946289062,795.6589852525027,780.1654070879796,781.897599252911,14434808.0,HDFCBANK.NS
2022-12-13,,793.1088256835938,797.2949616133573,791.5209486143468,793.9267873639345,17031702.0,HDFCBANK.NS
2022-12-14,,799.8211059570312,801.3849011709643,793.9268009198986,795.3703041942985,14227640.0,HDFCBANK.NS
2022-12-15,,785.1696166992188,803.2615137057865,782.88406971569,797.319103295872,18182648.0,HDFCBANK.NS
2022-12-16,,788.94677734375,791.5691183004844,774.1989728568607,779.5159004222755,14647958.0,HDFCBANK.NS
2022-12-19,,791.400634765625,792.3148652124158,782.4749497572581,791.0397589631783,9604542.0,HDFCBANK.NS
2022-12-20,,785.939453125,787.3829564457624,779.5880032718654,779.5880032718654,7174698.0,HDFCBANK.NS
2022-12-21,,778.3368530273438,791.4246495956942,773.0199852301969,789.5961888570239,9269198.0,HDFCBANK.NS
2022-12-22,,775.66650390625,783.1005222357195,774.1989187571569,780.5503096365309,9747096.0,HDFCBANK.NS
2022-12-23,,768.7377319335938,771.8653225705988,762.8674496500488,763.613283219548,10693152.0,HDFCBANK.NS
2022-12-26,,784.038818359375,788.6339941689127,765.0567728667305,769.6278667926638,9907322.0,HDFCBANK.NS
2022-12-27,,784.832763671875,787.1664156857469,776.3642223890472,785.7469942121562,7926772.0,HDFCBANK.NS
2022-12-28,,784.2072143554688,785.7469276450677,780.9833552219441,780.9833552219441,8691870.0,HDFCBANK.NS
2022-12-29,,789.7406616210938,790.7992071900476,775.1612551160126,779.5398699494827,11012896.0,HDFCBANK.NS
2022-12-30,,783.4132690429688,791.5209337293505,779.4917402076278,791.5209337293505,7122640.0,HDFCBANK.NS
2023-01-02,,783.6779174804688,788.9948447926183,778.7941116415499,782.8599557722763,4381378.0,HDFCBANK.NS
2023-01-03,,788.8023071289062,790.5585810922254,780.5502688048173,780.5502688048173,8378030.0,HDFCBANK.NS
2023-01-04,,774.7041625976562,791.8818278494382,773.2365774595456,786.709274515468,10351600.0,HDFCBANK.NS
2023-01-05,,769.7240600585938,778.5535356487463,764.7680672572426,777.085950452134,10941436.0,HDFCBANK.NS
2023-01-06,,767.173828125,774.2469701477634,759.3788757825465,770.8306910669477,9092462.0,HDFCBANK.NS
2023-01-09,,768.66552734375,775.4259581366615,765.0567689994132,767.9437756748827,10729340.0,HDFCBANK.NS
2023-01-10,,754.6154174804688,769.8684118966518,753.0275403864125,769.8684118966518,16371766.0,HDFCBANK.NS
2023-01-11,,765.48974609375,768.9060251968651,750.6216516314828,754.4469115539331,15195798.0,HDFCBANK.NS
2023-01-12,,769.5797119140625,771.7449667913606,762.2419037187744,763.998177755398,9250070.0,HDFCBANK.NS
2023-01-13,,770.18115234375,774.6319539246812,763.1320332277727,769.2669218933805,9244546.0,HDFCBANK.NS
2023-01-16,,762.7952880859375,780.1173277789237,760.3894492396894,777.0859473381312,14748094.0,HDFCBANK.NS
2023-01-17,,774.1508178710938,775.1612584159965,759.0421385172157,764.9605254372576,10786354.0,HDFCBANK.NS
2023-01-18,,787.8159790039062,789.884965083016,769.724024650822,772.274237215273,19090642.0,HDFCBANK.NS
2023-01-19,,791.0878295898438,793.92673085957,785.746879693138,787.6715505558279,11172162.0,HDFCBANK.NS
2023-01-20,,799.195556640625,803.068980550622,790.7510978089086,791.0878917418223,18843404.0,HDFCBANK.NS
2023-01-23,,805.041748046875,809.6128416563689,799.4121088854909,801.7457607178152,15444400.0,HDFCBANK.NS
2023-01-24,,815.8198852539062,819.139954334254,805.9559468005266,805.9800286815163,24983940.0,HDFCBANK.NS
2023-01-25,,793.2772216796875,814.5929177332151,791.6653214666925,813.8471429635326,14704142.0,HDFCBANK.NS
2023-01-27,,777.4708251953125,787.6715573611841,765.0325926486802,785.2657187620357,35179948.0,HDFCBANK.NS
2023-01-30,,776.677001953125,782.0420345725445,761.2074457179801,767.4626270039054,18512822.0,HDFCBANK.NS
2023-01-31,,771.552490234375,780.7908875770869,767.4625643428925,779.3473843212695,18596244.0,HDFCBANK.NS
2023-02-01,,783.1245727539062,801.1442809848427,772.7553845415359,781.4164037954262,17302790.0,HDFCBANK.NS
2023-02-02,,771.4802856445312,781.6569951120864,764.4552483744704,773.7658324138648,17497106.0,HDFCBANK.NS
2023-02-03,,798.1610717773438,798.9790334420251,773.2365593142633,775.1612302770866,14411100.0,HDFCBANK.NS
2023-02-06,,794.7688598632812,803.2614827057959,792.0983552594887,798.7384939446326,11167672.0,HDFCBANK.NS
2023-02-07,,795.9476318359375,801.0961617651983,785.5544206626682,798.449739262286,10264588.0,HDFCBANK.NS
2023-02-08,,795.8514404296875,802.6839988300309,793.9267694733884,795.9717323644562,8444826.0,HDFCBANK.NS
2023-02-09,,794.1914672851562,799.5324176572361,786.9739509076702,798.738479108453,11777336.0,HDFCBANK.NS
2023-02-10,,797.3430786132812,798.0167252205403,790.173667284601,793.3494214707791,8172116.0,HDFCBANK.NS
2023-02-13,,797.9445190429688,799.5805011250109,791.3044393965116,796.3326188427218,5736944.0,HDFCBANK.NS
2023-02-14,,805.3305053710938,807.1589664647599,797.7521126904261,801.1443690991507,10908592.0,HDFCBANK.NS
2023-02-15,,803.694580078125,807.3995485525281,797.1747330538742,807.3995485525281,11438712.0,HDFCBANK.NS
2023-02-16,,800.783447265625,809.2760700053668,799.2196520403804,805.0898752375481,8062500.0,HDFCBANK.NS
2023-02-17,,796.7657470703125,802.6600524376097,790.5345890116744,799.2196910269881,8956270.0,HDFCBANK.NS
2023-02-20,,789.2835083007812,803.2854781022144,786.6130625255412,798.7384663515395,8086706.0,HDFCBANK.NS
2023-02-21,,792.2427368164062,799.8692342574486,786.2281396647481,789.115146297544,12389296.0,HDFCBANK.NS
2023-02-22,,776.700927734375,790.0533322670238,774.222960909244,788.6339109553685,10359102.0,HDFCBANK.NS
2023-02-23,,771.4321899414062,778.9383950431011,766.0671578181314,776.1235754720026,27882010.0,HDFCBANK.NS
2023-02-24,,764.551513671875,778.4813560195853,762.7471345130758,778.4813560195853,17061740.0,HDFCBANK.NS
2023-02-27,,766.4521484375,769.3872600713753,758.9459430133319,763.0839740657053,14312972.0,HDFCBANK.NS
2023-02-28,,769.6758422851562,772.4185334208952,764.4311026003177,766.0189795071293,18993992.0,HDFCBANK.NS
2023-03-01,,768.93017578125,776.1236104242643,767.8234664194171,775.6424426558673,14137256.0,HDFCBANK.NS
2023-03-02,,762.3861694335938,772.7312753996731,761.2073320156976,766.9813446479279,17391814.0,HDFCBANK.NS
2023-03-03,,777.5189819335938,779.4917579688479,764.094389910204,767.943731924865,14986234.0,HDFCBANK.NS
2023-03-06,,783.0043334960938,788.8504748967295,778.5535316356411,779.4917852900815,27004710.0,HDFCBANK.NS
2023-03-08,,784.568115234375,788.8745431955432,779.4917718675084,779.4917718675084,20099774.0,HDFCBANK.NS
2023-03-09,,784.6402587890625,791.9780672791738,782.859961535162,784.27938296168,20700166.0,HDFCBANK.NS
2023-03-10,,764.4071655273438,776.4844644274136,762.6508914747951,774.8965873418113,27387000.0,HDFCBANK.NS
2023-03-13,,754.7357177734375,771.6968814107662,753.0034668384583,764.0463022356049,26443550.0,HDFCBANK.NS
2023-03-14,,752.7147827148438,761.9772622068983,750.2849207392273,755.5536842804477,33185612.0,HDFCBANK.NS
2023-03-15,,741.91259765625,761.6404762620406,739.3623849761033,759.2827424375032,37264754.0,HDFCBANK.NS
2023-03-16,,746.7242431640625,750.1886274704333,737.1730750713688,740.5171674402086,21753342.0,HDFCBANK.NS
2023-03-17,,756.70849609375,759.8601097073861,740.9983568458301,749.4187927190782,22950876.0,HDFCBANK.NS
2023-03-20,,751.4637451171875,754.5191486294086,743.596664030981,754.4469617185391,26503114.0,HDFCBANK.NS
2023-03-21,,759.9803466796875,761.4479317488242,748.7931969715295,756.371588709314,33050494.0,HDFCBANK.NS
2023-03-22,,758.2241821289062,763.156151684689,753.1719206327385,762.1697342790129,14177324.0,HDFCBANK.NS
2023-03-23,,752.1373901367188,765.225129615806,749.9240302046185,754.350750068819,28364178.0,HDFCBANK.NS
2023-03-24,,750.9344482421875,757.3099208232004,748.1917568712191,750.6216774626521,31477748.0,HDFCBANK.NS
2023-03-27,,754.2064208984375,759.9804343168659,750.0924715795884,751.6802900278751,31872006.0,HDFCBANK.NS
2023-03-28,,760.34130859375,761.6404968520089,752.5945190205312,753.3643757274799,39276302.0,HDFCBANK.NS
2023-03-29,,763.9981689453125,770.8307274292553,761.1592675027767,762.1697080199377,39763612.0,HDFCBANK.NS
2023-03-31,,774.4635009765625,776.0994241800914,766.2114631109374,767.7511762682442,34711228.0,HDFCBANK.NS
2023-04-03,,774.94482421875,777.4227914010955,771.1916918821255,773.5013208179412,40025398.0,HDFCBANK.NS
2023-04-05,,795.7311401367188,796.8137675382653,777.5670581774376,778.8180825386323,43365392.0,HDFCBANK.NS
2023-04-06,,801.7938842773438,803.1652006446278,792.5314049071793,793.2291334002176,44637344.0,HDFCBANK.NS
2023-04-10,,797.99267578125,804.0313548734133,795.8515026694348,800.3023046039525,31813286.0,HDFCBANK.NS
2023-04-11,,800.3263549804688,803.2614665555587,794.4560730939902,798.2573101275717,42361542.0,HDFCBANK.NS
2023-04-12,,810.7196044921875,812.3074229248433,802.4916471991853,802.5878572606912,26955504.0,HDFCBANK.NS
2023-04-13,,814.3523559570312,816.5657746530499,807.4716921966794,812.3555567321653,35330086.0,HDFCBANK.NS
2023-04-17,,801.938232421875,827.6085198214015,795.5146547856368,827.6085198214015,32405148.0,HDFCBANK.NS
2023-04-18,,798.5459594726562,807.0385817236702,797.0062462186185,803.5501156527228,29637226.0,HDFCBANK.NS
2023-04-19,,801.4810791015625,803.6944976892919,797.3671301762054,801.1442851788886,24741168.0,HDFCBANK.NS
2023-04-20,,804.4644165039062,807.1348624191324,801.8179937357015,804.3681477069183,32922716.0,HDFCBANK.NS
2023-04-21,,805.7634887695312,806.8942212156402,800.3022466466929,803.0689611623811,20128618.0,HDFCBANK.NS
2023-04-24,,812.2833862304688,813.8712046366431,805.5229555378388,811.7300315452851,35675852.0,HDFCBANK.NS
2023-04-25,,800.7353515625,812.0668172386956,799.6527240862603,812.0668172386956,50353068.0,HDFCBANK.NS
2023-04-26,,804.416259765625,805.955973055451,796.3326181532963,798.738456878835,27392750.0,HDFCBANK.NS
2023-04-27,,808.8429565429688,810.8879194015693,801.5532536644629,803.7906953628967,47790392.0,HDFCBANK.NS
2023-04-28,,812.0186767578125,813.6546588421882,803.5501361717647,810.6232785465422,27916272.0,HDFCBANK.NS
2023-05-02,,811.8502807617188,817.5040017864336,809.3241500911014,812.547950500037,32221184.0,HDFCBANK.NS
2023-05-03,,814.689208984375,816.0605253605099,808.1934441893474,810.7435980893194,29407270.0,HDFCBANK.NS
2023-05-04,,831.3616943359375,834.5614130090665,811.7781309061464,811.7781309061464,56854638.0,HDFCBANK.NS
2023-05-05,,782.2103881835938,799.1955750303342,780.5022191249311,788.6339660930405,62770416.0,HDFCBANK.NS
2023-05-08,,791.2562866210938,794.0951881063704,784.3034360962322,786.7092748572636,37244524.0,HDFCBANK.NS
2023-05-09,,791.2803344726562,796.8137633850524,789.0909977997552,793.878651970084,43688938.0,HDFCBANK.NS
2023-05-10,,794.937255859375,796.1642571593527,785.7950682892969,791.2803925786036,46340550.0,HDFCBANK.NS
2023-05-11,,795.4664916992188,812.2111527020498,793.5659026029952,801.2164814876731,35734618.0,HDFCBANK.NS
2023-05-12,,802.4916381835938,804.8974770572269,791.1601135942614,792.4833249747595,22478760.0,HDFCBANK.NS
2023-05-15,,806.3409423828125,808.7226992609494,801.1924121940802,804.5124814304968,18512260.0,HDFCBANK.NS
2023-05-16,,801.7174072265625,813.641207320555,800.1113205928083,813.641207320555,32722086.0,HDFCBANK.NS
2023-05-17,,797.4102172851562,803.0314612780545,791.0346460503185,803.0314612780545,30466868.0,HDFCBANK.NS
2023-05-18,,800.5980224609375,804.953835962047,798.1645938212387,802.0580796447568,49646942.0,HDFCBANK.NS
2023-05-19,,801.5227661132812,803.0314800422937,794.0521518021368,802.0581085513332,30460332.0,HDFCBANK.NS
2023-05-22,,798.6756591796875,804.4428733296279,794.6117857136817,800.5980440930408,28334032.0,HDFCBANK.NS
2023-05-23,,796.8018798828125,802.8367950174272,794.9768083346355,802.5447954516952,22470074.0,HDFCBANK.NS
2023-05-24,,786.3868408203125,795.6095118101778,785.3160965486113,792.1053982534182,33588112.0,HDFCBANK.NS
2023-05-25,,783.3693237304688,788.455225154943,777.407423655138,786.3380947431477,29776930.0,HDFCBANK.NS
2023-05-26,,786.3868408203125,787.944211421121,779.7922252930767,787.944211421121,26635066.0,HDFCBANK.NS
2023-05-29,,795.9744873046875,798.6512587386072,790.7912725552128,792.5676872978805,21816292.0,HDFCBANK.NS
2023-05-30,,796.5828857421875,799.4543434930372,792.5920864341458,795.0498137776772,37125928.0,HDFCBANK.NS
2023-05-31,,783.9777221679688,795.706836766176,780.9602943063138,793.249109394473,43334270.0,HDFCBANK.NS
2023-06-01,,780.6439819335938,788.3822976265084,778.6972388365025,788.3822976265084,50366938.0,HDFCBANK.NS
2023-06-02,,781.860595703125,785.9001108734474,779.1838242892643,784.7563519232599,17859710.0,HDFCBANK.NS
2023-06-05,,780.838623046875,786.7275086936293,779.889550195903,785.7541372012771,18697242.0,HDFCBANK.NS
2023-06-06,,778.4051513671875,783.4909933701617,774.9253365920524,782.4203085516023,32182852.0,HDFCBANK.NS
2023-06-07,,782.4446411132812,784.8051144822347,776.7504417142903,780.3762267164857,24949026.0,HDFCBANK.NS
2023-06-08,,782.9312744140625,791.350960923385,780.278861070367,780.278861070367,37395522.0,HDFCBANK.NS
2023-06-09,,783.8560791015625,787.7009085166137,782.1040222342899,786.4355374130215,18212578.0,HDFCBANK.NS
2023-06-12,,779.0865478515625,786.3868338718737,778.4294745818307,784.8051052341397,13408292.0,HDFCBANK.NS
2023-06-13,,780.4005737304688,783.0773452649356,773.8789730190645,773.8789730190645,27926108.0,HDFCBANK.NS
2023-06-14,,779.5488891601562,784.5374180278894,778.7945024942541,783.7830313619872,20113968.0,HDFCBANK.NS
2023-06-15,,769.961181640625,781.5929230405386,768.4767664026215,780.6439096325554,35377476.0,HDFCBANK.NS
2023-06-16,,780.0355224609375,783.1746215295391,770.9101653895649,772.4432372595309,15779272.0,HDFCBANK.NS
2023-06-19,,780.7169189453125,785.6324328940507,777.8941179716442,784.0507042851576,24829146.0,HDFCBANK.NS
2023-06-20,,782.3473510742188,784.0507512165266,774.1467079853705,780.7169656771292,20005626.0,HDFCBANK.NS
2023-06-21,,796.023193359375,796.8262367213268,784.0507359035319,786.4841646307309,24308946.0,HDFCBANK.NS
2023-06-22,,799.9166870117188,806.7059888717916,797.7023024946114,798.1646301932708,56596140.0,HDFCBANK.NS
2023-06-23,,799.8680419921875,807.8497002925832,795.2688853504051,796.9722855006775,21339218.0,HDFCBANK.NS
2023-06-26,,795.9988403320312,803.3964393933287,792.6649956756461,800.5979965482512,16130314.0,HDFCBANK.NS
2023-06-27,,807.2169799804688,814.1766100290189,797.4589662553369,799.6003360457688,33831864.0,HDFCBANK.NS
2023-06-28,,815.75830078125,817.5833722744769,808.1416572008739,812.7651716503821,59562950.0,HDFCBANK.NS
2023-06-30,,828.047119140625,831.6486054517263,819.2137611926184,829.3124901661796,40699016.0,HDFCBANK.NS
2023-07-03,,837.0021362304688,855.3501643562647,832.232592346636,833.4493066629323,44104116.0,HDFCBANK.NS
2023-07-04,,841.0902709960938,850.2399866599931,834.0820438772298,838.778513734139,38795188.0,HDFCBANK.NS
2023-07-05,,814.3712768554688,837.0994772709068,812.0595195781218,835.2744057361592,37165754.0,HDFCBANK.NS
2023-07-06,,815.1986083984375,821.4525082286525,808.0930085295972,814.2252369257229,52156544.0,HDFCBANK.NS
2023-07-07,,808.093017578125,815.1986175265295,806.0976179186929,810.3317601084606,19926336.0,HDFCBANK.NS
2023-07-10,,806.1705932617188,816.0503378295722,802.8854644229833,808.3850372058562,38398442.0,HDFCBANK.NS
2023-07-11,,802.2528076171875,815.6853225262156,800.841407050649,809.3584077333511,50670426.0,HDFCBANK.NS
2023-07-12,,794.7334594726562,810.9644765133695,791.9107178120092,805.6352319869237,70958358.0,HDFCBANK.NS
2023-07-13,,798.6998901367188,806.65718944724,797.2155343981111,806.2921751723549,41913546.0,HDFCBANK.NS
2023-07-14,,800.3546752929688,804.7835035114284,795.7311609024043,804.7835035114284,24727214.0,HDFCBANK.NS
2023-07-17,,817.0966796875,818.6053935606003,794.7577929158504,803.0314502823962,49252928.0,HDFCBANK.NS
2023-07-18,,816.415283203125,829.3124545920268,812.7651403572094,826.3923403152943,81076818.0,HDFCBANK.NS
2023-07-19,,820.1141357421875,821.8905505906512,815.1986216073076,818.1673927652148,32935134.0,HDFCBANK.NS
2023-07-20,,821.8905639648438,823.4722926593728,817.6320636334198,818.1917641303833,56210948.0,HDFCBANK.NS
2023-07-21,,815.5636596679688,822.4016183376864,814.3469452719253,817.6320741412428,42154248.0,HDFCBANK.NS
2023-07-24,,816.8533325195312,819.8951183000274,812.813817239081,816.9019892100436,32179444.0,HDFCBANK.NS
2023-07-25,,825.7110595703125,826.879117291901,816.853402383876,819.8951884245319,55992596.0,HDFCBANK.NS
2023-07-26,,822.8395385742188,827.1710534459679,821.5255108693627,827.1710534459679,24794358.0,HDFCBANK.NS
2023-07-27,,814.2982788085938,828.8258366410838,811.5241343729674,827.317122690067,59741302.0,HDFCBANK.NS
2023-07-28,,799.8680419921875,812.2298721075693,798.6999842928814,808.6283856221597,41015684.0,HDFCBANK.NS
2023-07-31,,803.615478515625,806.3409662159895,797.5319067020986,803.0558374366854,34565006.0,HDFCBANK.NS
2023-08-01,,808.9933471679688,811.5240891764785,803.0314470309211,805.1971747453257,35394188.0,HDFCBANK.NS
2023-08-02,,798.407958984375,803.7615021412346,794.830830666086,799.1379875966741,28116322.0,HDFCBANK.NS
2023-08-03,,792.6407470703125,803.6884896703888,789.8909607409018,798.1646183703506,57673946.0,HDFCBANK.NS
2023-08-04,,804.1021118164062,806.1948841477191,792.932698459204,795.8041560498854,37388304.0,HDFCBANK.NS
2023-08-07,,803.6398315429688,809.4070457041624,801.8391180613743,809.4070457041624,28300918.0,HDFCBANK.NS
2023-08-08,,802.9828491210938,805.7569341954113,799.1623777784342,803.8588478451442,43773828.0,HDFCBANK.NS
2023-08-09,,803.2748413085938,805.2215843350914,793.8331257481036,804.4915557001548,33361236.0,HDFCBANK.NS
2023-08-10,,796.1448364257812,805.099865704745,793.7844225264857,801.5957522263969,50781118.0,HDFCBANK.NS
2023-08-11,,787.8468627929688,797.385890968424,786.5814324003055,797.385890968424,28225822.0,HDFCBANK.NS
2023-08-14,,784.0020751953125,785.9974748594191,778.8188601509507,784.0507318876311,31304410.0,HDFCBANK.NS
2023-08-16,,781.714599609375,783.3937010320665,769.5961724006356,770.4721710730195,34137542.0,HDFCBANK.NS
2023-08-17,,777.3831176757812,783.5153458133944,775.7770310495571,777.529087744607,52884040.0,HDFCBANK.NS
2023-08-18,,774.1953125,776.8964420218484,771.6402124587459,772.6379419530916,25633366.0,HDFCBANK.NS
2023-08-21,,773.5869750976562,778.9405181779168,772.3702607612333,778.9405181779168,21837270.0,HDFCBANK.NS
2023-08-22,,770.2774658203125,777.7237811054864,768.963438139342,776.9207377849476,32273570.0,HDFCBANK.NS
2023-08-23,,772.1755981445312,774.0980425006611,765.6783552717781,768.9634840803492,36498588.0,HDFCBANK.NS
2023-08-24,,768.622802734375,776.8477441031978,767.0897307917666,775.4364030038525,43145792.0,HDFCBANK.NS
2023-08-25,,759.9597778320312,767.746749618975,758.4510639302869,766.3110504597091,30069756.0,HDFCBANK.NS
2023-08-28,,767.868408203125,770.2531801549441,759.9597651143588,759.9597651143588,28867238.0,HDFCBANK.NS
2023-08-29,,773.9763793945312,775.1200790359981,769.6691629379135,773.6843204138314,35538932.0,HDFCBANK.NS
2023-08-30,,768.3307495117188,780.6195643753474,765.8973208258516,780.6195643753474,28084204.0,HDFCBANK.NS
2023-08-31,,764.8023071289062,770.4965661172561,760.7384929502665,768.4768083488655,100075772.0,HDFCBANK.NS
2023-09-01,,766.384033203125,768.4768057096691,758.9134187598048,764.5833196769412,43226776.0,HDFCBANK.NS
2023-09-04,,771.1779174804688,774.5360015777221,766.4813881806992,773.8303310146484,25073638.0,HDFCBANK.NS
2023-09-05,,766.4813842773438,773.0516417713671,764.38861183011,773.0516417713671,38712082.0,HDFCBANK.NS
2023-09-06,,776.507080078125,778.6971658570981,766.4813659496907,767.4060807161218,56320910.0,HDFCBANK.NS
2023-09-07,,783.9777221679688,785.510794150052,772.4432937501639,776.5071078478363,34208342.0,HDFCBANK.NS
2023-09-08,,790.0856323242188,794.7091467964383,782.3959739643648,782.7366896240351,34502210.0,HDFCBANK.NS
2023-09-11,,794.173828125,796.4612273788786,790.3776555229446,792.762427572447,31573022.0,HDFCBANK.NS
2023-09-12,,796.6559448242188,799.576059429664,790.888730360441,798.164658821722,39033340.0,HDFCBANK.NS
2023-09-13,,800.0626831054688,803.8101394610018,792.6163676755281,793.9304547919241,46420094.0,HDFCBANK.NS
2023-09-14,,799.5759887695312,803.0314455319658,795.7798163539742,800.2330026157181,23538848.0,HDFCBANK.NS
2023-09-15,,808.7500610351562,812.7652185519548,803.0315033597159,803.0315033597159,173411202.0,HDFCBANK.NS
2023-09-18,,792.83544921875,805.4649207376626,791.3996906023217,804.8565635467733,37056288.0,HDFCBANK.NS
2023-09-20,,761.0304565429688,778.2104866731253,759.4244292708094,778.2104866731253,115474648.0,HDFCBANK.NS
2023-09-21,,755.9932861328125,763.5855718328563,748.0603441770149,755.8229580049356,72841442.0,HDFCBANK.NS
2023-09-22,,744.4588623046875,761.3711919566923,741.5874045249608,758.7430770496563,61704250.0,HDFCBANK.NS
2023-09-25,,745.1158447265625,749.8366724935371,742.195730377536,742.195730377536,40208754.0,HDFCBANK.NS
2023-09-26,,748.3523559570312,749.4960555884529,742.1957693327212,742.1957693327212,27575308.0,HDFCBANK.NS
2023-09-27,,743.0961303710938,745.8459167585748,737.3289160778081,741.2224021033014,39338538.0,HDFCBANK.NS
2023-09-28,,741.5630493164062,748.3279930851168,738.9592924506106,746.5759362770035,55354188.0,HDFCBANK.NS
2023-09-29,,742.8284301757812,747.2815569377753,740.8816873168103,741.5629997895483,32053782.0,HDFCBANK.NS
2023-10-03,,733.9464111328125,743.1690816035621,732.9486816600946,743.1690816035621,38971694.0,HDFCBANK.NS
2023-10-04,,744.41015625,747.0625696224938,724.7966982477518,727.5951410981291,54649430.0,HDFCBANK.NS
2023-10-05,,747.4276123046875,755.1172706279191,745.8945403681716,747.0869560565192,48512674.0,HDFCBANK.NS
2023-10-06,,746.6002807617188,751.9294658332841,744.5561650144963,751.4427800948807,17759356.0,HDFCBANK.NS
2023-10-09,,737.9371948242188,744.6291232191622,735.8687805930545,743.6557518162614,16454972.0,HDFCBANK.NS
2023-10-10,,742.1227416992188,744.1424994102023,737.426212407623,740.0300286548502,33266292.0,HDFCBANK.NS
2023-10-11,,749.3013916015625,750.5424640657517,743.8991914942775,744.6778768359782,31333360.0,HDFCBANK.NS
2023-10-12,,754.2899169921875,755.3363032633498,745.4079018281694,747.5979877590232,22025336.0,HDFCBANK.NS
2023-10-13,,747.4276123046875,753.7788848660191,744.6048112974557,749.4960266639874,39745300.0,HDFCBANK.NS
2023-10-16,,744.4345092773438,746.794923276397,740.0056808464606,745.3592240817852,17856084.0,HDFCBANK.NS
2023-10-17,,750.0800170898438,757.1613181665532,747.0625893528261,757.1613181665532,32902558.0,HDFCBANK.NS
2023-10-18,,739.640625,750.0800099587005,738.8375816778204,750.0800099587005,31216200.0,HDFCBANK.NS
2023-10-19,,737.3045654296875,742.8041382598725,731.5860077723223,732.6567520860139,30252364.0,HDFCBANK.NS
2023-10-20,,741.125,743.1690561547468,732.4619708663353,732.4619708663353,21094010.0,HDFCBANK.NS
2023-10-23,,732.9730834960938,744.0208260452915,730.0772676931944,741.4657259067877,22376136.0,HDFCBANK.NS
2023-10-25,,728.3252563476562,741.1251158897211,725.8674694399969,740.2490577379119,28311996.0,HDFCBANK.NS
2023-10-26,,712.2158813476562,726.1350808000519,710.6828094760561,725.7700665168079,55561798.0,HDFCBANK.NS
2023-10-27,,715.0143432617188,719.3215000369331,713.9193003827721,715.1846713831347,31940532.0,HDFCBANK.NS
2023-10-30,,722.7770385742188,725.1374527205985,711.485952264384,712.1429661841146,23310982.0,HDFCBANK.NS
2023-10-31,,718.5914916992188,731.9753494856925,717.3747773549939,731.9753494856925,32634824.0,HDFCBANK.NS
2023-11-01,,717.6180419921875,719.0537409979071,711.6561423554264,711.6561423554264,33877466.0,HDFCBANK.NS
2023-11-02,,718.7131958007812,725.4051249981815,714.041024388573,722.7283533192214,45225154.0,HDFCBANK.NS
2023-11-03,,722.1199340820312,725.8430917067044,721.0979059562075,724.18834838353,18095340.0,HDFCBANK.NS
2023-11-06,,727.3518676757812,729.0552678342725,721.7549814407384,729.0552678342725,25593730.0,HDFCBANK.NS
2023-11-07,,723.8233642578125,727.1084929912065,718.9321488241404,727.1084929912065,41952848.0,HDFCBANK.NS
2023-11-08,,725.9161987304688,726.8408541843154,720.7816399888761,722.2173392755413,31399546.0,HDFCBANK.NS
2023-11-09,,723.044677734375,726.4271198457463,721.9982915168673,723.2150058605088,22116740.0,HDFCBANK.NS
2023-11-10,,725.8917846679688,728.0818705084018,720.3192566823748,720.3435553235623,14015186.0,HDFCBANK.NS
2023-11-13,,724.5777587890625,728.0575143276742,723.1663582507371,726.1837860969108,20605914.0,HDFCBANK.NS
2023-11-15,,732.1700439453125,735.3577999173147,730.2963157159859,732.0240144584016,41245460.0,HDFCBANK.NS
2023-11-16,,734.0924072265625,739.2756221207742,731.8536647558356,734.7494210785321,29713838.0,HDFCBANK.NS
2023-11-17,,732.5106811523438,733.6787387876133,724.6750527726409,725.16173850318,23701874.0,HDFCBANK.NS
2023-11-20,,732.559326171875,736.3554985735485,730.7829708116128,736.3554985735485,19331452.0,HDFCBANK.NS
2023-11-21,,738.7645874023438,740.7356883923068,735.9174877356371,739.2756311878541,24959972.0,HDFCBANK.NS
2023-11-22,,736.1365966796875,739.7623819588872,731.7564246812467,739.7623819588872,29123650.0,HDFCBANK.NS
2023-11-23,,740.3950805664062,741.6360936254299,734.1654789893513,734.1654789893513,13046220.0,HDFCBANK.NS
2023-11-24,,745.6512451171875,746.1622889319527,739.6893445243804,740.3463584220192,16469192.0,HDFCBANK.NS
2023-11-28,,743.9721069335938,748.1575920701932,742.5850645710412,747.1598626215828,28489338.0,HDFCBANK.NS
2023-11-29,,758.8161010742188,760.6898293348779,746.0892567948611,746.5272858530379,34042488.0,HDFCBANK.NS
2023-11-30,,758.645751953125,765.2889647471237,750.542422535641,763.6829374580863,69491440.0,HDFCBANK.NS
2023-12-01,,756.9910278320312,762.028213465217,755.3849410922298,758.2077422076743,22153536.0,HDFCBANK.NS
2023-12-04,,783.2720336914062,784.5374047202694,765.873018667368,772.8569470817542,50662456.0,HDFCBANK.NS
2023-12-05,,790.2315673828125,797.6778825457567,786.7274540178253,796.4611682648754,52230820.0,HDFCBANK.NS
2023-12-06,,792.2271118164062,797.4102676843459,786.8005536561491,797.4102676843459,38613060.0,HDFCBANK.NS
2023-12-07,,793.5167236328125,795.2444817359088,786.5814519897668,790.86431017188,20450386.0,HDFCBANK.NS
2023-12-08,,804.5888061523438,805.4648642096952,793.5167060552014,793.5167060552014,33728038.0,HDFCBANK.NS
2023-12-11,,803.5181884765625,809.6990738547369,801.5714454396721,803.0558607692541,23187620.0,HDFCBANK.NS
2023-12-12,,795.5364990234375,806.0732571804058,794.1981132379304,805.0755276490755,36581476.0,HDFCBANK.NS
2023-12-13,,793.7357788085938,796.2178641804811,786.0461204150259,794.4901060535459,29346914.0,HDFCBANK.NS
2023-12-14,,803.1044311523438,807.3872297272943,800.5979878797419,801.0846735866597,35172366.0,HDFCBANK.NS
2023-12-15,,806.2192993164062,811.7918273650013,801.3767404796611,803.0314839042278,138837130.0,HDFCBANK.NS
2023-12-18,,805.8055419921875,810.1857135762941,803.4937847672423,808.2389706500245,18014754.0,HDFCBANK.NS
2023-12-19,,804.44287109375,807.2413140972394,800.135714179051,803.0314705665357,24008446.0,HDFCBANK.NS
2023-12-20,,806.438232421875,812.2541029714071,800.3303029144753,806.9249181384845,34232520.0,HDFCBANK.NS
2023-12-21,,820.892822265625,822.3772375517154,803.1531506256655,806.4382794041677,36589240.0,HDFCBANK.NS
2023-12-22,,813.1788330078125,820.5034769444852,811.3537615362043,819.3840760112807,48578850.0,HDFCBANK.NS
2023-12-26,,818.8244018554688,820.5278019503709,812.059517577905,814.3469167985355,18045856.0,HDFCBANK.NS
2023-12-27,,828.9718627929688,830.5292334309963,816.9506891067552,818.3620896655261,27009078.0,HDFCBANK.NS
2023-12-28,,829.9208374023438,837.7808237889657,828.3391087868577,831.8919383640549,44076470.0,HDFCBANK.NS
2023-12-29,,831.8676147460938,834.6174011041943,825.4190285852712,825.9057143332578,25011426.0,HDFCBANK.NS
2024-01-01,,826.4410400390625,831.8189412093673,823.4722689184366,830.285869252277,14239686.0,HDFCBANK.NS
2024-01-02,,826.927734375,828.7285072707376,821.8661907638304,826.781764297971,29242092.0,HDFCBANK.NS
2024-01-03,,814.1766357421875,829.6532075675672,812.2541913065818,828.339179753768,28389762.0,HDFCBANK.NS
2024-01-04,,822.91259765625,824.9079973714623,813.1058678027235,816.6586975811834,26734056.0,HDFCBANK.NS
2024-01-05,,818.7027587890625,829.7505611476026,811.8405014795056,821.1118889384027,31889470.0,HDFCBANK.NS
2024-01-08,,809.577392578125,818.7757651976441,807.8983504931613,816.9020369293803,17998470.0,HDFCBANK.NS
2024-01-09,,803.2748413085938,816.5613862283932,801.4497697212522,811.3781710383666,25326888.0,HDFCBANK.NS
2024-01-10,,805.92724609375,807.8739890989318,798.8460040583302,799.6246893784266,16115824.0,HDFCBANK.NS
2024-01-11,,802.5447998046875,809.309743595266,799.6246853117656,807.8983430417109,18314010.0,HDFCBANK.NS
2024-01-12,,798.74853515625,805.9515071727096,795.0497357734226,804.004764401761,19773552.0,HDFCBANK.NS
2024-01-15,,814.1279296875,818.0700722997735,799.916670432672,801.9120700848223,28320356.0,HDFCBANK.NS
2024-01-16,,817.2183837890625,819.4084696501124,806.9736250528656,814.2252545636514,25322500.0,HDFCBANK.NS
2024-01-17,,748.279296875,777.1397839265529,743.8504686909188,764.0965828252033,170145236.0,HDFCBANK.NS
2024-01-18,,723.2879638671875,737.3288344094451,720.3191929835535,727.1084347245617,161070930.0,HDFCBANK.NS
2024-01-19,,715.744384765625,735.0171279009493,714.6493418669147,732.924355486129,109600538.0,HDFCBANK.NS
2024-01-23,,694.6708374023438,717.7153939258839,693.527137863982,712.9945662952517,115469402.0,HDFCBANK.NS
2024-01-24,,708.5657958984375,709.8068089160445,671.7480069982282,671.7480069982282,86004404.0,HDFCBANK.NS
2024-01-25,,698.3453979492188,709.27146932584,690.8017687875753,706.9110553088505,98941852.0,HDFCBANK.NS
2024-01-29,,707.9574584960938,711.923959354735,703.6503013666003,704.7453443356181,65645498.0,HDFCBANK.NS
2024-01-30,,702.9202880859375,712.1186016988493,701.2655445701624,707.9088172760645,41728768.0,HDFCBANK.NS
2024-01-31,,711.80224609375,717.8371016849802,699.2700884068386,700.5841161285045,65761040.0,HDFCBANK.NS
2024-02-01,,713.651611328125,717.1800828855794,708.6387839338071,713.0189555223712,32690740.0,HDFCBANK.NS
2024-02-02,,703.820556640625,720.7085271394582,701.8251570967384,717.8614275967279,44867754.0,HDFCBANK.NS
2024-02-05,,703.1878051757812,706.6189630437951,697.9316353856925,703.7475055995538,38605046.0,HDFCBANK.NS
2024-02-06,,702.8228759765625,705.5483042801744,697.2259898811583,703.5286059562596,41075740.0,HDFCBANK.NS
2024-02-07,,695.9362182617188,707.5437201567751,694.330191039234,707.1543478186637,54837086.0,HDFCBANK.NS
2024-02-08,,682.8444213867188,700.3163911601653,681.6033490400813,695.8875630019661,69106124.0,HDFCBANK.NS
2024-02-09,,683.112060546875,688.2709172654594,675.033089526087,677.5395328507874,56642124.0,HDFCBANK.NS
2024-02-12,,676.4932250976562,688.0033555217624,673.2567528222265,681.1897546934406,34447812.0,HDFCBANK.NS
2024-02-13,,678.6588745117188,683.4770749934498,673.7433606505093,677.4421602188512,57580994.0,HDFCBANK.NS
2024-02-14,,673.5974731445312,677.2232584177402,663.6204147201233,669.6796288773342,91320810.0,HDFCBANK.NS
2024-02-15,,688.197998046875,688.903668609651,673.7433958465795,674.0597534612269,41584944.0,HDFCBANK.NS
2024-02-16,,691.0451049804688,694.8412181662663,685.4725175238648,692.9918479710976,32175742.0,HDFCBANK.NS
2024-02-19,,689.682373046875,695.4739454261017,688.7576582283627,695.4739454261017,34451756.0,HDFCBANK.NS
2024-02-20,,707.7870483398438,709.22274741334,687.1029057664576,688.660276266856,56133508.0,HDFCBANK.NS
2024-02-21,,700.4137573242188,712.507885437546,698.3939997287421,712.507885437546,45893136.0,HDFCBANK.NS
2024-02-22,,690.8748168945312,695.3766603212918,687.2976289140083,689.9987587340186,50560882.0,HDFCBANK.NS
2024-02-23,,691.3857421875,697.85868621692,690.1203711604371,692.334815015207,29833452.0,HDFCBANK.NS
2024-02-26,,692.213134765625,698.3210050066913,687.9546346452112,687.9546346452112,23506870.0,HDFCBANK.NS
2024-02-27,,691.1668090820312,694.3545652339111,687.7113519923358,687.9546948776648,32087150.0,HDFCBANK.NS
2024-02-28,,685.9348754882812,693.1377886016653,683.3067606806109,691.1667470533215,25321986.0,HDFCBANK.NS
2024-02-29,,683.0147094726562,686.4215093038766,680.0459386445675,682.3819943114798,53295700.0,HDFCBANK.NS
2024-03-01,,696.3256225585938,697.2989940386686,681.360036052442,681.360036052442,34738898.0,HDFCBANK.NS
2024-03-04,,697.2745971679688,699.3673694975699,693.1864847071581,696.4228971703204,35616474.0,HDFCBANK.NS
2024-03-05,,701.2411499023438,702.2875361451739,691.8968072809968,692.0671354112525,37991672.0,HDFCBANK.NS
2024-03-06,,702.0928344726562,707.0813632922424,697.6883641851937,697.6883641851937,42409530.0,HDFCBANK.NS
2024-03-07,,703.7962646484375,706.205394802925,701.5088653436588,703.5042650748312,49348046.0,HDFCBANK.NS
2024-03-11,,694.889892578125,703.7231908402335,692.553777365576,695.9605773947812,50531094.0,HDFCBANK.NS
2024-03-12,,710.3421630859375,712.5078907659129,695.5955620745772,697.9073192338245,65418454.0,HDFCBANK.NS
2024-03-13,,710.755859375,716.2067158438075,705.7429725398497,713.2379447418698,63067454.0,HDFCBANK.NS
2024-03-14,,708.3467407226562,713.4812990740788,702.9202422173576,711.5832127948388,52432158.0,HDFCBANK.NS
2024-03-15,,706.9840698242188,710.2205419583659,701.9225261192986,705.6943406988961,143613804.0,HDFCBANK.NS
2024-03-18,,703.7719116210938,708.6144107880084,698.7833829737194,704.2342392927528,21437856.0,HDFCBANK.NS
2024-03-19,,705.3779907226562,706.8624060469253,698.6374048635253,698.6374048635253,36183594.0,HDFCBANK.NS
2024-03-20,,696.4716796875,706.4973944482159,693.3568789456579,705.2320233558721,43606094.0,HDFCBANK.NS
2024-03-21,,703.6258544921875,706.3026258563286,700.000069771983,702.0927826471133,28922860.0,HDFCBANK.NS
2024-03-22,,702.2145385742188,706.0593679691759,699.7324530743978,701.3141817980924,45980326.0,HDFCBANK.NS
2024-03-26,,693.7218627929688,699.8297331586394,692.1401341445468,694.5978614753975,56844290.0,HDFCBANK.NS
2024-03-27,,701.1680908203125,704.6965622791422,691.7020773602309,692.8214782766382,62168668.0,HDFCBANK.NS
2024-03-28,,704.6723022460938,710.8045307526719,701.1681292352769,701.1681292352769,55592142.0,HDFCBANK.NS
2024-04-01,,715.67138671875,717.2774734382766,708.4197572494843,709.5878149173326,25199570.0,HDFCBANK.NS
2024-04-02,,720.367919921875,727.5221766350272,712.1429189199621,713.0676337207477,41225446.0,HDFCBANK.NS
2024-04-03,,721.414306640625,727.9115494819865,716.109420115624,716.450076374618,45584386.0,HDFCBANK.NS
2024-04-04,,743.4611206054688,744.62917825726,731.9753490842609,731.9753490842609,88935066.0,HDFCBANK.NS
2024-04-05,,754.1439208984375,756.5529915753328,744.7022055513205,749.0093625181328,59055902.0,HDFCBANK.NS
2024-04-08,,752.7081298828125,757.891344732456,750.2504026191882,756.7719438017782,20482940.0,HDFCBANK.NS
2024-04-09,,753.6572875976562,756.7233723625303,749.64212991684,756.7233723625303,21884494.0,HDFCBANK.NS
2024-04-10,,747.7196655273438,754.3142814277871,746.0649220391629,754.3142814277871,27807400.0,HDFCBANK.NS
2024-04-12,,739.251220703125,744.5561067183442,736.574449351488,740.2489501526853,41084208.0,HDFCBANK.NS
2024-04-15,,727.4491577148438,734.8954733611977,726.1594880212867,728.8362596129997,23415248.0,HDFCBANK.NS
2024-04-16,,734.5304565429688,736.3068713842836,721.3899415012858,723.7016987771374,20744886.0,HDFCBANK.NS
2024-04-18,,727.4491577148438,739.2026303131596,725.6728022773389,734.7981599763604,34234884.0,HDFCBANK.NS
2024-04-19,,745.2619018554688,747.0382572891224,720.4165709168466,723.4827148610226,34576434.0,HDFCBANK.NS
2024-04-22,,735.9661254882812,757.9643557818745,734.0680986992392,757.9643557818745,42298438.0,HDFCBANK.NS
2024-04-23,,733.7274169921875,742.9257894510552,731.6103458842442,742.8284760660457,26827060.0,HDFCBANK.NS
2024-04-24,,735.7227783203125,740.613993564681,734.4331086916868,737.3288649584306,22441580.0,HDFCBANK.NS
2024-04-25,,735.260498046875,739.616311752735,733.0704121681982,733.0704121681982,35445204.0,HDFCBANK.NS
2024-04-26,,734.7981567382812,743.6558134751455,732.729742335618,739.6650141563123,24854694.0,HDFCBANK.NS
2024-04-29,,744.3858642578125,746.7949349875348,733.216449914726,737.3289207914913,36093350.0,HDFCBANK.NS
2024-04-30,,739.8109741210938,749.2526892649995,737.2802320622603,744.2398024289921,52307382.0,HDFCBANK.NS
2024-05-02,,745.7242431640625,748.0360004850149,739.9326708359107,740.7357142083232,33475006.0,HDFCBANK.NS
2024-05-03,,739.567626953125,749.7880273318675,733.5327119903678,746.2108990812835,31865242.0,HDFCBANK.NS
2024-05-06,,741.0520629882812,746.819277196089,738.3752913854279,740.7357053714223,28793396.0,HDFCBANK.NS
2024-05-07,,733.021728515625,741.7334150168236,732.0483570497901,740.7113274497933,28480602.0,HDFCBANK.NS
2024-05-08,,721.5845947265625,728.5441648774708,720.465193806477,728.0574791574124,41687862.0,HDFCBANK.NS
2024-05-09,,704.4776000976562,723.5800151607533,703.4069152466064,717.83709973452,46281278.0,HDFCBANK.NS
2024-05-10,,709.3616333007812,716.2929072582592,703.8856637079383,709.9042861034679,27276608.0,HDFCBANK.NS
2024-05-13,,717.9208984375,720.1655815796556,705.6122976051453,706.4509373389452,27047202.0,HDFCBANK.NS
2024-05-14,,720.7328491210938,722.9775322143812,715.4789152317669,716.4408878596623,25665142.0,HDFCBANK.NS
2024-05-15,,709.6575317382812,720.1161379403006,708.3255604595557,720.1161379403006,38931996.0,HDFCBANK.NS
2024-05-16,,720.3875122070312,721.5221990437014,708.1775543730138,713.3822271543565,34945236.0,HDFCBANK.NS
2024-05-17,,722.286865234375,724.210870736283,713.4562165510583,713.4562165510583,20920190.0,HDFCBANK.NS
2024-05-21,,719.6722412109375,725.0495080646152,715.380219686854,715.380219686854,43769978.0,HDFCBANK.NS
2024-05-22,,719.8695678710938,723.0269026870767,714.4182889056816,719.2035821431577,39996278.0,HDFCBANK.NS
2024-05-23,,736.3468017578125,737.8514873644924,718.808897899437,719.5982164877166,40861920.0,HDFCBANK.NS
2024-05-24,,748.4827270507812,749.814758588212,733.0908042399884,733.8308016870678,31060206.0,HDFCBANK.NS
2024-05-27,,753.6627807617188,762.1974428837648,749.3955099218479,751.5168000055969,29385440.0,HDFCBANK.NS
2024-05-28,,755.0441284179688,757.7821433020647,752.2321619595608,754.8467837037828,27908904.0,HDFCBANK.NS
2024-05-29,,744.0921630859375,751.763434227272,740.6141508121484,748.8774560751649,35147706.0,HDFCBANK.NS
2024-05-30,,747.3234252929688,751.6400771573121,738.8381451452329,739.6027730570852,33755350.0,HDFCBANK.NS
2024-05-31,,755.5620727539062,757.7573743920395,746.9040786650703,749.370736784836,74079588.0,HDFCBANK.NS
2024-06-03,,775.6160278320312,788.8373406823981,764.6640888415991,788.8373406823981,72637256.0,HDFCBANK.NS
2024-06-04,,731.684814453125,769.1040063078372,717.304185485308,768.1173430540747,89531240.0,HDFCBANK.NS
2024-06-05,,765.5520629882812,769.4000136473305,731.2901444599279,737.062160780223,81631650.0,HDFCBANK.NS
2024-06-06,,769.4493408203125,772.2859977724349,762.9867083301413,772.0147015010076,46422870.0,HDFCBANK.NS
2024-06-07,,776.183349609375,781.6099978301712,765.6754214599775,770.1154063679018,36712216.0,HDFCBANK.NS
2024-06-10,,770.2387084960938,779.7846636223554,768.4133453075493,776.5039961939522,22454058.0,HDFCBANK.NS
2024-06-11,,771.9653930664062,775.0240252200629,765.7493660748642,767.6240504407497,29545326.0,HDFCBANK.NS
2024-06-12,,776.5780029296875,783.5586575880445,772.7546827700062,776.9973227739393,39280436.0,HDFCBANK.NS
2024-06-13,,779.8340454101562,782.2760131134276,776.5040566032491,780.3273770852536,24120192.0,HDFCBANK.NS
2024-06-14,,787.80126953125,788.8372538804852,778.3292663726063,781.4372796414563,25540554.0,HDFCBANK.NS
2024-06-18,,793.1786499023438,794.5106212671108,784.1259659599784,787.8013228802739,32415714.0,HDFCBANK.NS
2024-06-19,,817.869873046875,823.8145435842582,791.3039754417663,795.941305047812,90131196.0,HDFCBANK.NS
2024-06-20,,823.5431518554688,829.5124525875813,814.983860042712,823.7651872236406,41408742.0,HDFCBANK.NS
2024-06-21,,821.7671508789062,825.2697933574087,810.6178682451445,825.2697933574087,51630776.0,HDFCBANK.NS
2024-06-24,,825.0478515625,826.3798229097616,811.9005512360641,812.5172157896385,28544994.0,HDFCBANK.NS
2024-06-25,,844.2631225585938,847.025767804676,824.4065232844747,824.4065232844747,74521548.0,HDFCBANK.NS
2024-06-26,,839.40380859375,844.041138181783,834.2731473521208,842.5857736709851,47596666.0,HDFCBANK.NS
2024-06-27,,836.7644653320312,845.0770913433391,832.0531241260426,836.7397746618053,55074650.0,HDFCBANK.NS
2024-06-28,,830.6718139648438,841.9197388781129,828.3037980772367,837.4797542547091,26476046.0,HDFCBANK.NS
2024-07-01,,841.2291259765625,842.2651706437105,828.7971921822882,828.7971921822882,21187024.0,HDFCBANK.NS
2024-07-02,,853.7597045898438,855.8810546817267,840.0204307746837,846.0637432263002,45921690.0,HDFCBANK.NS
2024-07-03,,872.5310668945312,885.0370126375711,870.5577402219837,883.5570176331604,123217802.0,HDFCBANK.NS
2024-07-04,,852.0578002929688,868.1404005851939,850.9231133709549,868.1404005851939,45848658.0,HDFCBANK.NS
2024-07-05,,813.0598754882812,831.2638253093144,810.1492067263514,831.2638253093144,82242548.0,HDFCBANK.NS
2024-07-08,,806.7698974609375,816.4391857049037,802.7246020410699,811.678583484828,39087800.0,HDFCBANK.NS
2024-07-09,,807.3372192382812,812.3691778178521,799.369901303005,801.6639054458949,48550878.0,HDFCBANK.NS
2024-07-10,,802.2066040039062,809.0639261539534,799.5672916548901,804.1059188594888,45507182.0,HDFCBANK.NS
2024-07-11,,800.1345825195312,802.0832183690328,789.8239394111588,801.1458762280633,44177074.0,HDFCBANK.NS
2024-07-12,,800.5292358398438,808.2745787950348,794.8312914757237,800.1839277769812,56049960.0,HDFCBANK.NS
2024-07-15,,800.2332763671875,804.031966294815,796.8292758573642,800.9239527377698,33375694.0,HDFCBANK.NS
2024-07-16,,799.073974609375,802.6506292263948,797.6186702674619,799.5673062806881,28950324.0,HDFCBANK.NS
2024-07-18,,796.6319580078125,801.1458943462288,788.9113057816174,793.2772787604164,33717064.0,HDFCBANK.NS
2024-07-19,,792.9320068359375,800.6772898644657,791.0573224261681,797.2239682199486,26002152.0,HDFCBANK.NS
2024-07-22,,810.3218994140625,814.4905276323838,795.5712715150735,797.7172520784763,53744822.0,HDFCBANK.NS
2024-07-23,,798.407958984375,812.9119216218081,791.7973027922226,812.7885887086006,52002152.0,HDFCBANK.NS
2024-07-24,,791.3286743164062,799.6906218755655,783.4353677463822,793.3513220807449,61728206.0,HDFCBANK.NS
2024-07-25,,797.5199584960938,801.6639565310072,785.8773432331659,785.8773432331659,25535732.0,HDFCBANK.NS
2024-07-26,,798.2846069335938,800.0605887969758,787.5792741911353,791.7972838101718,43810540.0,HDFCBANK.NS
2024-07-29,,791.822021484375,805.0432741154053,788.4920327099303,796.7306475152811,51001148.0,HDFCBANK.NS
2024-07-30,,797.001953125,806.4738965011826,788.8372904146756,790.3172853310259,54595834.0,HDFCBANK.NS
2024-07-31,,797.1005859375,803.0945773220608,793.8692396532248,796.237255579839,37820484.0,HDFCBANK.NS
2024-08-01,,808.471923828125,814.0219048337823,798.1859108540549,800.627938629233,26215174.0,HDFCBANK.NS
2024-08-02,,818.5111694335938,824.1104712768188,804.6238722852388,804.6238722852388,44119238.0,HDFCBANK.NS
2024-08-05,,797.1005859375,812.02386783421,789.8239443515008,809.1131991555811,41333634.0,HDFCBANK.NS
2024-08-06,,789.922607421875,805.5858871810888,786.0253355957136,804.1305829139676,45116050.0,HDFCBANK.NS
2024-08-07,,800.9238891601562,804.130544706532,790.415901512036,797.7172336137804,42346264.0,HDFCBANK.NS
2024-08-08,,810.3958740234375,815.6252376687839,798.8272709671206,801.1705962949537,33976950.0,HDFCBANK.NS
2024-08-09,,814.0958251953125,820.1885189537674,811.9252142176729,814.9838462106346,26644618.0,HDFCBANK.NS
2024-08-12,,818.9798583984375,826.7991529902637,812.6898798741655,814.9838840860709,39316196.0,HDFCBANK.NS
2024-08-13,,790.9092407226562,805.314560371115,789.8979470194763,803.1438891669751,54055042.0,HDFCBANK.NS
2024-08-14,,793.1786499023438,796.0892584565494,790.9092761384464,792.5372946697382,32334428.0,HDFCBANK.NS
2024-08-16,,805.1666259765625,806.1779800129083,794.757339532809,803.3906439659711,27849246.0,HDFCBANK.NS
2024-08-19,,804.895263671875,807.9045746403995,801.0225621096914,807.9045746403995,19502164.0,HDFCBANK.NS
2024-08-20,,807.9292602539062,812.0239372458545,802.8726105839366,802.8726105839366,31134494.0,HDFCBANK.NS
2024-08-21,,802.0586547851562,806.3753069063249,798.1120014172305,803.1932814957441,47630904.0,HDFCBANK.NS
2024-08-22,,804.77197265625,808.2252943260683,803.1439540663039,805.1172807347715,21300638.0,HDFCBANK.NS
2024-08-23,,801.6885986328125,806.1038926835937,800.6772446912317,806.1038926835937,20333422.0,HDFCBANK.NS
2024-08-26,,809.0392456054688,812.9858989531632,805.2159251748899,805.2159251748899,22364266.0,HDFCBANK.NS
2024-08-27,,807.9539184570312,812.714580974844,805.2159036816922,810.7412543536698,35773244.0,HDFCBANK.NS
2024-08-28,,807.6332397460938,808.9405806750858,804.2292392849356,807.9539173658313,26921188.0,HDFCBANK.NS
2024-08-29,,808.3485717773438,811.2345497877237,804.6979056469421,810.0505418236547,49052604.0,HDFCBANK.NS
2024-08-30,,807.5346069335938,819.9172195651064,799.7646332824804,816.9572296027775,445342100.0,HDFCBANK.NS
2024-09-02,,802.6258544921875,812.4185353190471,800.7758609185206,812.4185353190471,34049680.0,HDFCBANK.NS
2024-09-03,,807.756591796875,809.0392420850643,801.466613051357,806.1039427589494,37282860.0,HDFCBANK.NS
2024-09-04,,809.951904296875,811.4318992052836,805.1172301742814,808.5705516272349,24682744.0,HDFCBANK.NS
2024-09-05,,811.7525024414062,813.947864316631,810.0505324148638,812.0238589250097,22876318.0,HDFCBANK.NS
2024-09-06,,807.5592041015625,812.8872099026286,806.1532209716318,808.2252499925564,26029602.0,HDFCBANK.NS
2024-09-09,,812.2705688476562,813.2572321563082,804.1799176724811,808.0772497858858,23792914.0,HDFCBANK.NS
2024-09-10,,814.1698608398438,815.9705333718649,808.0772271240113,815.9705333718649,26606646.0,HDFCBANK.NS
2024-09-11,,810.9879150390625,815.2305552034559,808.6692201411954,814.1945707781381,22226684.0,HDFCBANK.NS
2024-09-12,,822.1865234375,823.8638631072175,812.541925723635,815.970556634334,32424046.0,HDFCBANK.NS
2024-09-13,,821.8658447265625,825.8371886289187,817.4752411837702,825.8371886289187,23860532.0,HDFCBANK.NS
2024-09-16,,824.3324584960938,827.7118283198007,820.9285184448568,822.383822656841,15172820.0,HDFCBANK.NS
2024-09-17,,823.2718505859375,827.8104775064535,820.9778464556504,827.8104775064535,20127122.0,HDFCBANK.NS
2024-09-18,,836.0984497070312,838.1210972952287,824.4064542356848,824.7764529489335,40917342.0,HDFCBANK.NS
2024-09-19,,842.8571166992188,848.0370989791965,838.2444778560398,838.2691083056365,30651776.0,HDFCBANK.NS
2024-09-20,,858.989013671875,860.8390072921377,842.3884524296358,846.8037464482039,60623386.0,HDFCBANK.NS
2024-09-23,,868.1651000976562,871.3963864151646,858.5204418257773,862.8370939539058,26965350.0,HDFCBANK.NS
2024-09-24,,872.2350463867188,878.9443447710721,865.4270455398441,870.7303607683197,33039036.0,HDFCBANK.NS
2024-09-25,,877.686279296875,882.0769427901153,868.3376691203036,868.3376691203036,31965312.0,HDFCBANK.NS
2024-09-26,,879.8323364257812,882.0770195965482,872.2350769395101,874.7017352717152,31899644.0,HDFCBANK.NS
2024-09-27,,864.6376953125,877.2422823547212,863.3303544458242,876.6503084858455,35613502.0,HDFCBANK.NS
2024-09-30,,854.47509765625,864.0456833682003,850.701098537286,862.738402689165,26383534.0,HDFCBANK.NS
2024-10-01,,851.5890502929688,859.3837142697525,848.5797393423385,850.5037447767241,24572284.0,HDFCBANK.NS
2024-10-03,,829.7838134765625,851.5644172954591,825.5164827720641,846.3844351066934,48473398.0,HDFCBANK.NS
2024-10-04,,817.771240234375,834.0511850540141,815.4772359655595,826.083866681385,48683232.0,HDFCBANK.NS
2024-10-07,,798.1119384765625,818.4371776300311,795.7439225540929,815.0824984433904,94458296.0,HDFCBANK.NS
2024-10-08,,814.5152587890625,817.3519158252083,800.1839500223357,804.1306032900168,29734406.0,HDFCBANK.NS
2024-10-09,,805.6845703125,817.3271848335777,803.4892084079638,813.7505304861846,41125642.0,HDFCBANK.NS
2024-10-10,,820.114501953125,821.6191272702827,805.363874384187,808.5705299330368,21754766.0,HDFCBANK.NS
2024-10-11,,814.4905395507812,821.1258260358886,810.6672193318118,821.1258260358886,23672594.0,HDFCBANK.NS
2024-10-14,,832.7931518554688,834.741848018609,815.9705545228965,816.9819085005773,18527508.0,HDFCBANK.NS
2024-10-15,,830.81982421875,837.6771462351046,826.5771840500105,835.7038196244212,19651130.0,HDFCBANK.NS
2024-10-16,,838.565185546875,842.585790426718,828.8465156450762,828.8465156450762,20470682.0,HDFCBANK.NS
2024-10-17,,825.4178466796875,837.5044718768119,821.4958240034423,836.1724403142362,14695732.0,HDFCBANK.NS
2024-10-18,,829.7098388671875,834.2238355924767,816.0198853262701,820.4598702584595,24809724.0,HDFCBANK.NS
2024-10-21,,852.8223876953125,862.4177242903107,844.1151323678729,846.063768270474,46548354.0,HDFCBANK.NS
2024-10-22,,845.841796875,858.3970631644344,843.9424218629189,853.4884373802005,38875280.0,HDFCBANK.NS
2024-10-23,,856.3251342773438,861.603759041874,841.1551854708522,841.1551854708522,38036090.0,HDFCBANK.NS
2024-10-24,,863.15771484375,872.5310159915173,857.4597103207274,857.4597103207274,30832258.0,HDFCBANK.NS
2024-10-25,,860.0744018554688,867.2030200365818,852.8223905419693,865.7970368926951,26130478.0,HDFCBANK.NS
2024-10-28,,855.5357055664062,863.8237012026692,852.9210840084185,859.383716444917,22012142.0,HDFCBANK.NS
2024-10-29,,864.2430419921875,870.2370336046123,851.0464203091243,851.5644426318723,35794926.0,HDFCBANK.NS
2024-10-30,,855.7330322265625,865.6736766021975,850.6023712370916,859.3836983279829,32715724.0,HDFCBANK.NS
2024-10-31,,856.2757568359375,857.8544543150349,848.2344867353692,852.4771270596069,22895912.0,HDFCBANK.NS
2024-11-01,,857.0650634765625,860.4196824223525,851.5397130969706,854.9437133825962,1759692.0,HDFCBANK.NS
2024-11-04,,845.6197509765625,860.8637106769045,844.0411138190809,860.8637106769045,28089248.0,HDFCBANK.NS
2024-11-05,,867.2030029296875,869.5956493162819,837.6277954866241,840.1437747820238,44232406.0,HDFCBANK.NS
2024-11-06,,865.9203491210938,873.9369881601011,861.0363539084846,873.9369881601011,27787910.0,HDFCBANK.NS
2024-11-07,,861.62841796875,868.7323455565536,857.4104082699865,860.5184217555121,18895456.0,HDFCBANK.NS
2024-11-08,,865.525634765625,869.15167034177,861.2829948869464,864.3169963876733,19902986.0,HDFCBANK.NS
2024-11-11,,871.3717041015625,879.5116762015548,863.9223481240455,865.5750573030832,24565362.0,HDFCBANK.NS
2024-11-12,,847.6424560546875,875.6637191561447,842.931174712482,874.1837241378527,31395406.0,HDFCBANK.NS
2024-11-13,,829.463134765625,853.1677439816382,825.3438276461692,846.9270867373347,35728500.0,HDFCBANK.NS
2024-11-14,,835.087158203125,841.05645917869,824.8998474928816,825.39317914741,27146470.0,HDFCBANK.NS
2024-11-18,,841.1797485351562,847.987749103584,836.1971111266544,838.6637692715708,27081968.0,HDFCBANK.NS
2024-11-19,,859.507080078125,865.1803941380466,839.9957889401087,845.5704607570133,50981272.0,HDFCBANK.NS
2024-11-21,,858.989013671875,867.7703408111802,855.5356922473849,863.0343691875372,35716512.0,HDFCBANK.NS
2024-11-22,,861.15966796875,865.4516892160756,853.2417315623627,860.148374275574,24773612.0,HDFCBANK.NS
2024-11-25,,880.8929443359375,889.7482832055338,870.6810037082952,880.6216480727867,427737274.0,HDFCBANK.NS
2024-11-26,,880.8683471679688,892.9302818593218,873.0983737208503,892.9302818593218,30935566.0,HDFCBANK.NS
2024-11-27,,894.06494140625,896.5562300169572,880.6709755435701,883.0143007972586,32714976.0,HDFCBANK.NS
2024-11-28,,884.6176147460938,905.8061839354122,882.07694483503,897.3702251985009,35722392.0,HDFCBANK.NS
2024-11-29,,886.04833984375,890.2662893460416,879.561016559754,888.6383310231244,27669536.0,HDFCBANK.NS
2024-12-02,,890.3156127929688,892.0176431336934,875.6636867426915,889.7236388960249,15110876.0,HDFCBANK.NS
2024-12-03,,900.9715576171875,906.4475265301775,895.9395389832724,899.1955156163089,43410242.0,HDFCBANK.NS
2024-12-04,,917.6461791992188,920.0635162996781,903.3642521901575,906.7435619082082,44669084.0,HDFCBANK.NS
2024-12-05,,920.4335327148438,927.4388181075851,905.3622266087298,917.596875706611,39682714.0,HDFCBANK.NS
2024-12-06,,915.5494995117188,919.6688066050771,909.7035317020062,916.1168429341786,17783156.0,HDFCBANK.NS
2024-12-09,,922.5302124023438,927.4635290462065,912.1702474502318,914.4642517338581,26947912.0,HDFCBANK.NS
2024-12-10,,921.5928344726562,926.3288062229569,916.881553393078,926.3288062229569,13325480.0,HDFCBANK.NS
2024-12-11,,919.1261596679688,923.4675021564423,915.9935158212785,918.4354833328279,14045426.0,HDFCBANK.NS
2024-12-12,,917.2268676757812,921.864197216933,912.0221946944998,913.1568815747593,17293790.0,HDFCBANK.NS
2024-12-13,,923.3934936523438,924.9968214762359,902.4268990322158,918.8301759997277,19009002.0,HDFCBANK.NS
2024-12-16,,920.1621704101562,922.5054957499956,915.2535445762154,920.1128492893367,13107082.0,HDFCBANK.NS
2024-12-17,,904.4002685546875,918.7562078618506,901.0702798391582,915.7962178924912,21079532.0,HDFCBANK.NS
2024-12-18,,893.275634765625,905.7569501607671,891.5243434620028,902.7229483325016,23422312.0,HDFCBANK.NS
2024-12-19,,884.790283203125,888.5395915672278,877.6369745293333,887.7995941182149,25380770.0,HDFCBANK.NS
2024-12-20,,873.93701171875,886.7883251977108,871.7417099804251,879.2156362475025,25692348.0,HDFCBANK.NS
2024-12-23,,888.4902954101562,890.956953642833,878.7716860618692,879.1169941259847,11044592.0,HDFCBANK.NS
2024-12-24,,887.0596313476562,892.2889348142179,882.8416818560752,889.0083275055933,14485834.0,HDFCBANK.NS
2024-12-26,,883.4336547851562,893.916952377888,878.5003382709294,887.2816657547127,10481678.0,HDFCBANK.NS
2024-12-27,,887.1336669921875,890.9322967259654,882.6196702111419,885.4316968356189,7259330.0,HDFCBANK.NS
2024-12-30,,877.0943603515625,895.3969526845203,873.6903598921683,884.1489668763874,22222218.0,HDFCBANK.NS
